Running main() from ./googletest/src/gtest_main.cc
[==========] Running 3 tests from 1 test suite.
[----------] Global test environment set-up.
[----------] 3 tests from BPlusTreeTests
[ RUN      ] BPlusTreeTests.InsertAndDeleteTest1
Generate picture: insert10.png
[       OK ] BPlusTreeTests.InsertAndDeleteTest1 (150 ms)
[ RUN      ] BPlusTreeTests.InsertAndDeleteTest2
[       OK ] BPlusTreeTests.InsertAndDeleteTest2 (59 ms)
[ RUN      ] BPlusTreeTests.LargeScaleTest
insert rand key=10886
insert rand key=18335
insert rand key=1421
insert rand key=59
insert rand key=3426
insert rand key=15368
insert rand key=1530
insert rand key=3135
insert rand key=3058
insert rand key=18456
insert rand key=17373
insert rand key=18537
insert rand key=4370
insert rand key=8980
insert rand key=19170
insert rand key=925
insert rand key=6505
insert rand key=5857
insert rand key=545
insert rand key=10364
insert rand key=6808
insert rand key=13584
insert rand key=12399
insert rand key=13368
insert rand key=18586
insert rand key=570
insert rand key=6601
insert rand key=10492
insert rand key=280
insert rand key=9689
insert rand key=4729
insert rand key=5771
insert rand key=18927
insert rand key=12353
insert rand key=4683
insert rand key=12871
insert rand key=10019
insert rand key=6715
insert rand key=723
insert rand key=13451
insert rand key=17488
delete rand key=6715
insert rand key=1500
insert rand key=4914
insert rand key=6491
insert rand key=1936
insert rand key=19228
insert rand key=16121
insert rand key=1237
insert rand key=14428
insert rand key=19529
insert rand key=15763
insert rand key=16840
insert rand key=10688
insert rand key=6996
insert rand key=12183
insert rand key=6725
insert rand key=8139
insert rand key=18082
insert rand key=19507
insert rand key=18611
insert rand key=7343
insert rand key=15422
insert rand key=1801
insert rand key=11305
insert rand key=8626
insert rand key=13416
insert rand key=7637
insert rand key=12036
insert rand key=5550
insert rand key=7131
insert rand key=5894
insert rand key=7981
insert rand key=13773
insert rand key=1095
insert rand key=11340
insert rand key=15542
insert rand key=19756
insert rand key=9412
insert rand key=2009
insert rand key=7587
insert rand key=7372
insert rand key=4599
insert rand key=19811
insert rand key=6228
insert rand key=16658
insert rand key=7269
insert rand key=84
insert rand key=13850
insert rand key=19299
insert rand key=713
insert rand key=2590
insert rand key=19336
insert rand key=18004
insert rand key=1776
insert rand key=8142
insert rand key=3205
insert rand key=10613
insert rand key=14259
insert rand key=3506
insert rand key=10868
insert rand key=9908
insert rand key=18808
insert rand key=13333
insert rand key=19754
insert rand key=18046
insert rand key=6990
insert rand key=12497
insert rand key=19125
insert rand key=9188
insert rand key=12460
insert rand key=6304
insert rand key=6748
insert rand key=17697
insert rand key=12002
insert rand key=681
insert rand key=15151
insert rand key=11692
insert rand key=15629
insert rand key=16429
insert rand key=2900
insert rand key=289
insert rand key=5795
insert rand key=18390
insert rand key=569
insert rand key=16042
insert rand key=6761
insert rand key=15425
insert rand key=4234
insert rand key=6057
insert rand key=10358
insert rand key=4346
insert rand key=16552
insert rand key=12290
insert rand key=19080
insert rand key=18627
insert rand key=8355
insert rand key=19479
insert rand key=12274
insert rand key=5433
insert rand key=4566
insert rand key=10417
insert rand key=237
insert rand key=8518
insert rand key=8458
insert rand key=483
insert rand key=9314
insert rand key=13459
insert rand key=11388
insert rand key=13681
insert rand key=10699
insert rand key=8363
insert rand key=19847
insert rand key=19390
insert rand key=15115
insert rand key=11491
insert rand key=15021
insert rand key=14030
insert rand key=7516
insert rand key=6139
insert rand key=14580
insert rand key=19862
insert rand key=12685
insert rand key=13483
insert rand key=9744
insert rand key=3950
insert rand key=15105
insert rand key=8711
insert rand key=17375
insert rand key=3768
insert rand key=16882
insert rand key=4030
insert rand key=6593
insert rand key=3074
insert rand key=18377
insert rand key=12919
insert rand key=11017
insert rand key=5691
insert rand key=6328
insert rand key=14018
insert rand key=15055
insert rand key=14904
insert rand key=9685
insert rand key=16851
insert rand key=16503
insert rand key=14639
insert rand key=226
insert rand key=3981
insert rand key=7955
insert rand key=6342
insert rand key=7321
insert rand key=14427
insert rand key=10072
insert rand key=10347
insert rand key=13714
insert rand key=6924
insert rand key=9204
insert rand key=5486
insert rand key=10262
insert rand key=19848
insert rand key=9122
insert rand key=17457
insert rand key=11776
insert rand key=1703
insert rand key=13959
insert rand key=8720
insert rand key=2698
insert rand key=12715
insert rand key=11559
insert rand key=18224
insert rand key=13378
insert rand key=9114
insert rand key=8067
insert rand key=12231
insert rand key=3875
insert rand key=2254
insert rand key=7857
insert rand key=14603
insert rand key=10181
insert rand key=8825
insert rand key=10551
insert rand key=3181
insert rand key=19708
insert rand key=12297
insert rand key=8977
insert rand key=3382
insert rand key=8860
insert rand key=9086
insert rand key=14583
insert rand key=15820
insert rand key=18839
insert rand key=1360
insert rand key=928
insert rand key=17955
insert rand key=14570
insert rand key=7722
insert rand key=9097
insert rand key=2071
insert rand key=528
insert rand key=16610
insert rand key=18976
insert rand key=6087
insert rand key=8566
insert rand key=12735
insert rand key=13195
insert rand key=3428
insert rand key=19593
insert rand key=9672
insert rand key=2325
insert rand key=6127
insert rand key=19334
insert rand key=8159
insert rand key=11761
insert rand key=7716
insert rand key=15482
insert rand key=1173
insert rand key=16364
insert rand key=3172
insert rand key=8828
insert rand key=15856
insert rand key=5352
insert rand key=9517
insert rand key=14112
insert rand key=4667
insert rand key=14154
insert rand key=6141
insert rand key=10636
insert rand key=2760
insert rand key=14314
insert rand key=6039
insert rand key=12621
insert rand key=10109
insert rand key=15735
insert rand key=4313
insert rand key=19355
insert rand key=8156
insert rand key=3286
insert rand key=140
insert rand key=13990
insert rand key=9954
insert rand key=15624
insert rand key=5844
insert rand key=14976
insert rand key=6343
insert rand key=12475
insert rand key=6912
insert rand key=16868
insert rand key=9207
insert rand key=12377
insert rand key=18957
insert rand key=6797
insert rand key=8153
insert rand key=5393
insert rand key=10030
insert rand key=12160
insert rand key=4280
insert rand key=13480
insert rand key=14140
insert rand key=12557
insert rand key=4220
insert rand key=9391
insert rand key=7667
insert rand key=18743
insert rand key=17088
insert rand key=18232
insert rand key=30
insert rand key=7279
insert rand key=2351
insert rand key=7330
insert rand key=19915
insert rand key=15634
insert rand key=3287
insert rand key=6742
insert rand key=10139
insert rand key=16353
insert rand key=5404
insert rand key=14819
insert rand key=853
insert rand key=14802
insert rand key=3610
insert rand key=16911
insert rand key=18816
insert rand key=3605
insert rand key=1528
insert rand key=4045
insert rand key=15551
insert rand key=19426
insert rand key=8506
insert rand key=19664
insert rand key=14166
insert rand key=8437
insert rand key=6312
insert rand key=5165
insert rand key=1745
insert rand key=16295
insert rand key=5676
insert rand key=18925
insert rand key=14089
insert rand key=15812
delete rand key=11340
insert rand key=5186
insert rand key=15568
insert rand key=2639
insert rand key=3590
insert rand key=11631
insert rand key=14571
delete rand key=8153
insert rand key=17540
insert rand key=634
insert rand key=10952
insert rand key=13339
insert rand key=7661
insert rand key=2339
insert rand key=9294
insert rand key=13292
insert rand key=11990
insert rand key=1598
insert rand key=12540
delete rand key=15425
insert rand key=15609
insert rand key=12763
insert rand key=2606
insert rand key=4349
delete rand key=17697
insert rand key=11986
insert rand key=19591
insert rand key=4919
insert rand key=8427
insert rand key=17581
insert rand key=7639
insert rand key=7394
delete rand key=7639
insert rand key=18752
insert rand key=9010
insert rand key=16066
insert rand key=4978
insert rand key=16748
insert rand key=1086
insert rand key=1900
insert rand key=3003
insert rand key=8498
insert rand key=2906
insert rand key=16784
insert rand key=3633
insert rand key=11014
insert rand key=15097
insert rand key=11313
insert rand key=17914
insert rand key=14986
insert rand key=6616
insert rand key=7409
insert rand key=2833
insert rand key=9613
insert rand key=3786
insert rand key=16508
insert rand key=11982
insert rand key=8826
insert rand key=9499
insert rand key=19853
insert rand key=13842
insert rand key=9810
insert rand key=15815
insert rand key=11382
insert rand key=5361
insert rand key=15861
insert rand key=4088
insert rand key=3293
insert rand key=7708
insert rand key=1996
insert rand key=18500
insert rand key=3332
insert rand key=11633
insert rand key=2293
insert rand key=15444
insert rand key=10751
insert rand key=16465
insert rand key=19683
insert rand key=5014
insert rand key=14107
insert rand key=8411
insert rand key=17836
delete rand key=9010
insert rand key=8371
insert rand key=8534
insert rand key=4697
delete rand key=570
insert rand key=5490
insert rand key=529
insert rand key=18147
insert rand key=6422
insert rand key=2255
insert rand key=10936
insert rand key=5220
insert rand key=12983
insert rand key=16997
insert rand key=12728
insert rand key=12798
insert rand key=13660
insert rand key=8223
insert rand key=7035
insert rand key=1862
insert rand key=7660
insert rand key=2173
insert rand key=14673
insert rand key=1929
insert rand key=12280
insert rand key=19747
insert rand key=3759
insert rand key=9401
insert rand key=2958
insert rand key=17755
insert rand key=16071
insert rand key=18320
insert rand key=12
insert rand key=15358
insert rand key=10158
insert rand key=2626
insert rand key=18865
insert rand key=9409
insert rand key=12786
insert rand key=6356
insert rand key=16631
insert rand key=3446
insert rand key=10
insert rand key=11867
insert rand key=6238
insert rand key=9562
insert rand key=3461
insert rand key=12538
insert rand key=17470
insert rand key=8542
insert rand key=15743
insert rand key=1485
insert rand key=15140
insert rand key=1983
insert rand key=16630
insert rand key=13320
insert rand key=11492
insert rand key=17685
insert rand key=1708
insert rand key=1784
insert rand key=16157
insert rand key=18548
insert rand key=10840
insert rand key=16956
insert rand key=14872
insert rand key=16088
insert rand key=13694
insert rand key=282
insert rand key=5015
insert rand key=9299
insert rand key=13236
delete rand key=19862
insert rand key=6023
delete rand key=6356
insert rand key=16260
delete rand key=237
insert rand key=1089
insert rand key=18017
insert rand key=14511
insert rand key=17377
insert rand key=12161
insert rand key=10127
insert rand key=3316
insert rand key=15567
insert rand key=15767
insert rand key=435
insert rand key=9719
insert rand key=13934
insert rand key=18674
insert rand key=7208
delete rand key=17540
insert rand key=14447
insert rand key=4169
insert rand key=14931
insert rand key=2297
insert rand key=12996
insert rand key=13069
insert rand key=8582
insert rand key=18502
insert rand key=6790
insert rand key=14946
insert rand key=11502
insert rand key=10528
insert rand key=7563
insert rand key=7194
insert rand key=6384
insert rand key=2700
insert rand key=4835
insert rand key=11926
insert rand key=9878
insert rand key=6853
insert rand key=12711
insert rand key=1736
insert rand key=14565
insert rand key=16632
insert rand key=376
insert rand key=5160
insert rand key=6227
insert rand key=10958
insert rand key=15407
insert rand key=11801
insert rand key=10260
insert rand key=12631
insert rand key=19353
insert rand key=18628
insert rand key=12110
insert rand key=12481
insert rand key=7854
insert rand key=7682
insert rand key=15733
delete rand key=14673
insert rand key=17724
insert rand key=14723
insert rand key=4401
insert rand key=17366
insert rand key=15047
insert rand key=18803
insert rand key=18155
insert rand key=5290
insert rand key=19067
insert rand key=18408
insert rand key=15235
delete rand key=15368
delete rand key=7667
insert rand key=8291
insert rand key=9448
insert rand key=12200
insert rand key=7834
insert rand key=9164
insert rand key=1955
insert rand key=13256
insert rand key=19136
insert rand key=13846
insert rand key=11924
delete rand key=6990
insert rand key=14319
insert rand key=7324
insert rand key=6644
insert rand key=16746
insert rand key=7645
insert rand key=6286
insert rand key=17344
insert rand key=10207
insert rand key=14729
delete rand key=15568
insert rand key=2772
insert rand key=5904
insert rand key=17902
insert rand key=10946
insert rand key=637
insert rand key=10448
insert rand key=2271
insert rand key=11556
insert rand key=14462
insert rand key=17259
insert rand key=14861
insert rand key=6657
insert rand key=7630
insert rand key=7137
insert rand key=6628
insert rand key=8865
insert rand key=16358
insert rand key=11310
insert rand key=15644
insert rand key=4893
insert rand key=1120
insert rand key=1549
insert rand key=18241
insert rand key=5554
insert rand key=11554
insert rand key=9118
insert rand key=5506
insert rand key=6701
insert rand key=15328
insert rand key=17055
insert rand key=14589
insert rand key=14853
insert rand key=14211
delete rand key=18816
insert rand key=15326
insert rand key=5107
insert rand key=4225
insert rand key=12210
insert rand key=19617
insert rand key=18053
insert rand key=5314
insert rand key=18641
insert rand key=17638
insert rand key=10242
insert rand key=17824
insert rand key=1002
delete rand key=9204
delete rand key=5014
insert rand key=8656
insert rand key=2738
delete rand key=84
insert rand key=13766
insert rand key=2942
insert rand key=14461
insert rand key=11206
insert rand key=4435
insert rand key=744
insert rand key=2432
insert rand key=15171
insert rand key=13489
insert rand key=7582
insert rand key=7986
insert rand key=3818
insert rand key=15875
insert rand key=3925
insert rand key=16709
insert rand key=12331
insert rand key=14446
insert rand key=8264
insert rand key=16448
insert rand key=10772
insert rand key=19267
delete rand key=10952
delete rand key=14565
insert rand key=6355
insert rand key=4031
insert rand key=17177
insert rand key=2508
insert rand key=987
insert rand key=15469
insert rand key=13271
insert rand key=11186
insert rand key=9027
insert rand key=8226
insert rand key=18023
insert rand key=688
insert rand key=6230
insert rand key=19372
insert rand key=1306
insert rand key=17949
insert rand key=9976
delete rand key=18390
insert rand key=19958
insert rand key=9428
delete rand key=16631
insert rand key=10062
insert rand key=4735
insert rand key=11160
insert rand key=7964
insert rand key=7037
insert rand key=17683
insert rand key=17446
insert rand key=13159
insert rand key=42
insert rand key=9710
insert rand key=14097
insert rand key=1728
insert rand key=3858
insert rand key=259
insert rand key=1335
insert rand key=3702
insert rand key=17813
insert rand key=6306
insert rand key=4506
insert rand key=8339
insert rand key=18893
insert rand key=5
insert rand key=17302
insert rand key=361
insert rand key=2050
delete rand key=13451
insert rand key=6311
insert rand key=2912
insert rand key=12203
insert rand key=250
insert rand key=5871
insert rand key=1048
insert rand key=18337
insert rand key=18661
insert rand key=8342
insert rand key=4139
insert rand key=14225
insert rand key=11704
insert rand key=5946
insert rand key=19300
insert rand key=5488
insert rand key=4412
insert rand key=1448
insert rand key=2382
insert rand key=1902
insert rand key=14337
insert rand key=11809
insert rand key=17669
delete rand key=14140
insert rand key=3658
insert rand key=9339
insert rand key=13503
delete rand key=11491
insert rand key=14967
delete rand key=12763
insert rand key=2292
insert rand key=19255
insert rand key=9147
insert rand key=2159
insert rand key=6457
insert rand key=5347
insert rand key=12861
delete rand key=16448
insert rand key=4821
insert rand key=13287
insert rand key=12586
delete rand key=9401
insert rand key=8609
insert rand key=11759
delete rand key=15422
insert rand key=9835
delete rand key=10688
insert rand key=13215
insert rand key=12661
insert rand key=15500
insert rand key=1631
insert rand key=2638
insert rand key=2934
insert rand key=19072
insert rand key=1882
insert rand key=18392
insert rand key=15802
insert rand key=18355
insert rand key=15538
insert rand key=488
insert rand key=6034
insert rand key=5365
insert rand key=12606
insert rand key=16083
insert rand key=16850
insert rand key=19021
insert rand key=7495
insert rand key=8323
insert rand key=8726
insert rand key=4650
insert rand key=17622
insert rand key=9390
insert rand key=6768
insert rand key=3375
insert rand key=13829
insert rand key=1533
insert rand key=8970
insert rand key=18800
insert rand key=14780
insert rand key=3899
insert rand key=8019
insert rand key=10254
insert rand key=9762
insert rand key=2196
insert rand key=4129
insert rand key=4296
insert rand key=5608
insert rand key=8718
insert rand key=3628
insert rand key=13308
insert rand key=18685
insert rand key=8707
insert rand key=10879
insert rand key=10607
delete rand key=1335
insert rand key=2074
insert rand key=17219
insert rand key=15839
insert rand key=15128
insert rand key=6130
insert rand key=17661
insert rand key=2283
insert rand key=19944
insert rand key=2551
insert rand key=8784
insert rand key=7779
insert rand key=5991
insert rand key=12074
insert rand key=15737
insert rand key=3501
insert rand key=943
insert rand key=11643
insert rand key=12617
insert rand key=16298
insert rand key=5193
insert rand key=15150
insert rand key=6240
insert rand key=9538
delete rand key=17375
insert rand key=8250
insert rand key=19467
insert rand key=6865
insert rand key=7441
insert rand key=7988
insert rand key=8251
delete rand key=4030
insert rand key=10791
insert rand key=8386
insert rand key=19385
insert rand key=10579
insert rand key=7396
insert rand key=13362
insert rand key=1425
insert rand key=9405
insert rand key=1653
insert rand key=4039
insert rand key=9091
insert rand key=9755
insert rand key=14526
insert rand key=7415
insert rand key=15389
insert rand key=13370
insert rand key=16770
insert rand key=3604
insert rand key=5421
insert rand key=10177
insert rand key=18999
insert rand key=3938
insert rand key=7502
insert rand key=6146
insert rand key=3847
insert rand key=1018
insert rand key=3437
insert rand key=349
delete rand key=12231
insert rand key=18466
insert rand key=17875
insert rand key=2830
insert rand key=3088
insert rand key=9576
insert rand key=8901
insert rand key=6289
insert rand key=16396
insert rand key=17620
insert rand key=6392
insert rand key=4543
insert rand key=6950
insert rand key=908
insert rand key=9062
insert rand key=16347
insert rand key=18326
insert rand key=8837
insert rand key=5969
delete rand key=6616
insert rand key=10847
insert rand key=17108
insert rand key=19677
insert rand key=15612
insert rand key=1270
delete rand key=15469
delete rand key=11206
delete rand key=6924
insert rand key=17304
delete rand key=9409
insert rand key=18852
insert rand key=6572
insert rand key=15162
insert rand key=19519
insert rand key=17184
delete rand key=17259
insert rand key=8447
insert rand key=512
insert rand key=13696
insert rand key=7752
insert rand key=12930
insert rand key=17565
insert rand key=12803
insert rand key=12296
insert rand key=9292
insert rand key=6617
insert rand key=322
insert rand key=11977
delete rand key=10242
insert rand key=14996
insert rand key=11400
insert rand key=4340
insert rand key=19430
insert rand key=8846
insert rand key=7851
insert rand key=5753
insert rand key=15630
insert rand key=19287
insert rand key=4221
insert rand key=310
insert rand key=17529
insert rand key=6083
insert rand key=4309
insert rand key=13080
insert rand key=15932
insert rand key=8651
insert rand key=8370
insert rand key=18491
insert rand key=11503
insert rand key=18263
insert rand key=19157
insert rand key=8836
insert rand key=12592
insert rand key=16538
insert rand key=3165
insert rand key=2328
insert rand key=14375
insert rand key=3328
delete rand key=10260
insert rand key=18032
insert rand key=10196
delete rand key=282
insert rand key=14443
insert rand key=13761
insert rand key=12038
insert rand key=12420
insert rand key=13398
insert rand key=7374
insert rand key=18228
insert rand key=13435
insert rand key=11577
insert rand key=10947
insert rand key=10310
insert rand key=1493
insert rand key=2409
insert rand key=149
insert rand key=7395
delete rand key=15151
insert rand key=1413
insert rand key=19465
insert rand key=4753
insert rand key=16614
insert rand key=18397
insert rand key=5611
insert rand key=13855
insert rand key=16585
delete rand key=5165
insert rand key=10306
insert rand key=11367
delete rand key=6127
insert rand key=11477
insert rand key=13924
insert rand key=15727
insert rand key=11964
insert rand key=2215
insert rand key=14495
insert rand key=11027
insert rand key=14831
insert rand key=2788
insert rand key=9370
insert rand key=3532
insert rand key=10304
insert rand key=19154
insert rand key=18751
insert rand key=702
insert rand key=16065
insert rand key=19468
insert rand key=3989
insert rand key=17329
delete rand key=5488
insert rand key=12857
insert rand key=799
insert rand key=14771
insert rand key=11220
insert rand key=16050
insert rand key=7192
insert rand key=13143
insert rand key=18394
insert rand key=14788
insert rand key=16181
insert rand key=4112
insert rand key=1567
insert rand key=15246
insert rand key=1514
insert rand key=19875
insert rand key=8480
insert rand key=12042
insert rand key=1257
insert rand key=18847
insert rand key=16945
insert rand key=11953
delete rand key=376
insert rand key=11308
insert rand key=6092
insert rand key=2475
insert rand key=2157
insert rand key=9153
insert rand key=15458
insert rand key=11424
insert rand key=2172
insert rand key=3038
insert rand key=4091
insert rand key=6409
insert rand key=8484
insert rand key=5979
delete rand key=1421
insert rand key=7455
insert rand key=12585
insert rand key=15895
insert rand key=3556
insert rand key=17486
insert rand key=16003
insert rand key=7450
insert rand key=7397
insert rand key=19815
insert rand key=93
insert rand key=4317
insert rand key=3101
insert rand key=8341
insert rand key=14201
insert rand key=18810
insert rand key=11136
insert rand key=177
insert rand key=16647
insert rand key=7672
insert rand key=168
insert rand key=17509
insert rand key=9519
insert rand key=7878
insert rand key=18825
insert rand key=4657
insert rand key=15507
insert rand key=469
insert rand key=3190
insert rand key=17207
insert rand key=2206
insert rand key=10268
insert rand key=800
insert rand key=11026
delete rand key=8323
insert rand key=17106
insert rand key=6557
insert rand key=7732
insert rand key=13642
insert rand key=15013
insert rand key=6300
insert rand key=15638
insert rand key=10471
insert rand key=7681
insert rand key=4227
insert rand key=13094
insert rand key=13914
insert rand key=5508
insert rand key=975
insert rand key=15978
insert rand key=1353
insert rand key=18954
insert rand key=5238
insert rand key=9644
insert rand key=6128
insert rand key=15591
insert rand key=5700
insert rand key=8723
insert rand key=1497
insert rand key=5820
insert rand key=7183
delete rand key=4919
insert rand key=16737
insert rand key=9802
insert rand key=14909
delete rand key=6409
insert rand key=3593
insert rand key=15546
insert rand key=12633
insert rand key=9348
insert rand key=12612
delete rand key=3532
insert rand key=1070
delete rand key=19529
insert rand key=7423
insert rand key=16221
insert rand key=14222
insert rand key=13871
insert rand key=2227
insert rand key=11749
insert rand key=16683
insert rand key=474
insert rand key=14223
insert rand key=2393
insert rand key=4213
insert rand key=14956
delete rand key=9810
insert rand key=16480
insert rand key=15286
insert rand key=13403
insert rand key=3778
insert rand key=14555
insert rand key=6868
insert rand key=14282
insert rand key=19291
delete rand key=637
insert rand key=19330
insert rand key=12604
insert rand key=6058
insert rand key=8191
insert rand key=6276
insert rand key=2945
insert rand key=567
insert rand key=12109
insert rand key=6456
insert rand key=13606
insert rand key=19982
insert rand key=2073
insert rand key=6728
insert rand key=13576
insert rand key=5409
insert rand key=16624
delete rand key=5608
insert rand key=12496
insert rand key=510
insert rand key=10775
delete rand key=18491
insert rand key=3529
delete rand key=8447
insert rand key=16699
insert rand key=15518
insert rand key=13225
insert rand key=19041
insert rand key=896
insert rand key=4294
insert rand key=6997
delete rand key=17177
insert rand key=16296
insert rand key=1933
insert rand key=7877
insert rand key=2916
insert rand key=7882
insert rand key=8315
insert rand key=11834
insert rand key=1914
delete rand key=16003
insert rand key=18435
insert rand key=9094
insert rand key=14813
insert rand key=3631
insert rand key=17320
delete rand key=2830
insert rand key=12620
insert rand key=5177
insert rand key=16621
insert rand key=9937
insert rand key=14124
insert rand key=6590
insert rand key=16391
insert rand key=9701
insert rand key=7287
delete rand key=17565
insert rand key=15244
insert rand key=8849
insert rand key=6388
insert rand key=13399
insert rand key=2951
insert rand key=7597
delete rand key=19848
insert rand key=3700
insert rand key=18673
insert rand key=1727
insert rand key=15096
insert rand key=4839
insert rand key=6408
insert rand key=10114
insert rand key=4774
delete rand key=8828
delete rand key=14580
insert rand key=12876
insert rand key=8627
insert rand key=1236
insert rand key=7236
insert rand key=14604
delete rand key=18053
insert rand key=18863
insert rand key=6766
insert rand key=6064
insert rand key=3111
insert rand key=1132
insert rand key=8499
insert rand key=9730
insert rand key=865
delete rand key=14319
insert rand key=12589
insert rand key=10123
insert rand key=15215
insert rand key=8415
insert rand key=18656
delete rand key=3135
insert rand key=18165
insert rand key=10462
insert rand key=16701
insert rand key=14646
insert rand key=6829
insert rand key=12486
insert rand key=12699
insert rand key=9246
insert rand key=2381
delete rand key=6227
insert rand key=1995
insert rand key=1468
insert rand key=5510
insert rand key=16467
insert rand key=12672
delete rand key=19072
insert rand key=10150
insert rand key=7764
insert rand key=610
insert rand key=9189
insert rand key=11201
insert rand key=11590
insert rand key=18121
insert rand key=5559
insert rand key=2331
insert rand key=8010
insert rand key=1365
insert rand key=19574
insert rand key=15742
insert rand key=4829
insert rand key=19264
insert rand key=1149
insert rand key=7022
insert rand key=5917
delete rand key=9701
insert rand key=9205
insert rand key=3364
insert rand key=2056
insert rand key=3645
insert rand key=19265
insert rand key=9889
insert rand key=18317
insert rand key=8630
insert rand key=9185
insert rand key=6264
insert rand key=15709
insert rand key=13022
insert rand key=19226
insert rand key=11548
insert rand key=4583
insert rand key=1792
insert rand key=6667
insert rand key=6426
insert rand key=3281
insert rand key=8628
insert rand key=12811
insert rand key=7412
delete rand key=6853
insert rand key=17675
insert rand key=6284
insert rand key=10116
insert rand key=18198
insert rand key=9888
insert rand key=15031
insert rand key=12619
insert rand key=9423
insert rand key=16931
insert rand key=10859
insert rand key=5357
insert rand key=9401
insert rand key=530
insert rand key=13591
insert rand key=18159
delete rand key=8191
insert rand key=6984
insert rand key=7710
insert rand key=15673
insert rand key=3757
insert rand key=468
insert rand key=18953
delete rand key=8837
insert rand key=17293
insert rand key=14532
delete rand key=4753
insert rand key=10256
insert rand key=16837
insert rand key=918
delete rand key=18165
insert rand key=4967
insert rand key=19445
insert rand key=6885
insert rand key=19474
insert rand key=15953
insert rand key=9130
insert rand key=2570
insert rand key=19709
insert rand key=10884
delete rand key=18263
insert rand key=10740
delete rand key=4139
insert rand key=1055
delete rand key=7681
insert rand key=12498
delete rand key=9246
insert rand key=16927
insert rand key=4788
insert rand key=7487
insert rand key=3969
insert rand key=16567
insert rand key=5811
insert rand key=18507
insert rand key=15122
insert rand key=5484
insert rand key=4453
delete rand key=4914
insert rand key=12921
insert rand key=19227
insert rand key=13693
insert rand key=13849
insert rand key=2892
insert rand key=4385
insert rand key=15018
delete rand key=1801
insert rand key=11021
insert rand key=11941
insert rand key=5515
insert rand key=17668
insert rand key=1198
insert rand key=5206
insert rand key=14731
insert rand key=13703
insert rand key=11789
insert rand key=760
delete rand key=4370
insert rand key=3678
insert rand key=16239
insert rand key=2752
insert rand key=7119
insert rand key=4069
insert rand key=1856
delete rand key=1862
insert rand key=14465
insert rand key=10980
insert rand key=6650
insert rand key=1529
insert rand key=17994
insert rand key=12418
insert rand key=13968
insert rand key=9943
insert rand key=4901
insert rand key=2327
insert rand key=3524
delete rand key=11556
insert rand key=16449
insert rand key=10686
insert rand key=16476
insert rand key=8830
insert rand key=8194
insert rand key=7600
insert rand key=14602
insert rand key=178
insert rand key=1420
delete rand key=6491
insert rand key=16743
insert rand key=18940
insert rand key=12320
insert rand key=985
insert rand key=18416
insert rand key=19196
insert rand key=1481
insert rand key=7973
insert rand key=10615
delete rand key=11160
insert rand key=6168
insert rand key=6488
insert rand key=9899
insert rand key=2512
insert rand key=4768
insert rand key=4238
insert rand key=18236
insert rand key=16234
insert rand key=8260
insert rand key=16128
delete rand key=6064
insert rand key=18898
insert rand key=13634
insert rand key=642
insert rand key=13884
insert rand key=12949
insert rand key=5173
insert rand key=11246
insert rand key=4495
insert rand key=7522
delete rand key=3858
insert rand key=15381
insert rand key=11449
insert rand key=11172
insert rand key=2260
insert rand key=2940
insert rand key=11104
insert rand key=2568
insert rand key=17853
insert rand key=16914
insert rand key=19129
insert rand key=941
insert rand key=10192
insert rand key=4529
insert rand key=13172
insert rand key=13885
insert rand key=10272
delete rand key=14731
insert rand key=4542
delete rand key=12399
insert rand key=12657
insert rand key=261
insert rand key=563
insert rand key=16224
insert rand key=12037
insert rand key=7596
insert rand key=72
insert rand key=5037
insert rand key=19948
insert rand key=17532
delete rand key=2283
insert rand key=1975
insert rand key=8668
delete rand key=11977
insert rand key=11745
insert rand key=13150
insert rand key=15083
insert rand key=3476
insert rand key=1940
insert rand key=3403
insert rand key=12866
delete rand key=7343
insert rand key=19928
delete rand key=8194
delete rand key=5550
insert rand key=19363
insert rand key=1478
insert rand key=3782
insert rand key=7814
insert rand key=16242
insert rand key=13081
delete rand key=18925
insert rand key=16110
insert rand key=15113
insert rand key=7884
insert rand key=18449
insert rand key=19447
insert rand key=14073
insert rand key=17141
delete rand key=10358
insert rand key=2541
delete rand key=7764
insert rand key=11391
insert rand key=8275
insert rand key=9679
insert rand key=10285
insert rand key=14257
insert rand key=16489
insert rand key=1203
delete rand key=5508
insert rand key=8943
insert rand key=12643
insert rand key=9706
insert rand key=6341
insert rand key=15930
insert rand key=3924
insert rand key=7138
insert rand key=7198
insert rand key=12043
delete rand key=11492
insert rand key=9464
insert rand key=7057
insert rand key=15776
insert rand key=4223
insert rand key=5575
insert rand key=14689
insert rand key=5998
insert rand key=16461
insert rand key=13748
insert rand key=15927
insert rand key=10350
insert rand key=2141
insert rand key=19315
insert rand key=2210
delete rand key=19287
insert rand key=2701
insert rand key=7453
insert rand key=6327
insert rand key=16876
insert rand key=9615
insert rand key=10303
insert rand key=14212
insert rand key=4175
insert rand key=7737
insert rand key=8254
delete rand key=7194
insert rand key=15540
insert rand key=352
insert rand key=691
insert rand key=867
insert rand key=18654
insert rand key=9080
insert rand key=10514
insert rand key=12154
insert rand key=13942
insert rand key=7944
insert rand key=18075
delete rand key=530
insert rand key=14255
insert rand key=17238
delete rand key=15953
insert rand key=11426
insert rand key=18947
insert rand key=19772
insert rand key=7847
insert rand key=15898
insert rand key=8160
insert rand key=17313
insert rand key=14246
insert rand key=18660
insert rand key=6037
insert rand key=847
insert rand key=10266
insert rand key=13053
insert rand key=16713
insert rand key=8504
insert rand key=11652
insert rand key=7767
insert rand key=16831
insert rand key=12734
insert rand key=19543
insert rand key=1668
insert rand key=17091
insert rand key=18496
delete rand key=14729
insert rand key=18150
insert rand key=12926
insert rand key=4921
delete rand key=3205
delete rand key=5515
insert rand key=5020
insert rand key=3829
delete rand key=8355
insert rand key=14457
insert rand key=9446
insert rand key=1760
insert rand key=13030
insert rand key=14811
insert rand key=18485
delete rand key=12811
insert rand key=15632
insert rand key=1661
insert rand key=11392
insert rand key=13815
insert rand key=1667
insert rand key=5690
insert rand key=5642
insert rand key=10251
insert rand key=13124
delete rand key=9122
insert rand key=2246
insert rand key=16618
delete rand key=16737
insert rand key=13177
insert rand key=4594
insert rand key=19842
insert rand key=6552
insert rand key=11703
delete rand key=15235
insert rand key=3595
insert rand key=9746
delete rand key=7394
delete rand key=9746
insert rand key=10885
insert rand key=200
insert rand key=19949
insert rand key=8891
insert rand key=14449
insert rand key=5537
insert rand key=14242
insert rand key=9117
insert rand key=851
insert rand key=4350
insert rand key=9675
insert rand key=3656
insert rand key=4704
insert rand key=18785
insert rand key=4211
insert rand key=10985
insert rand key=1895
insert rand key=6056
insert rand key=18002
insert rand key=16858
insert rand key=11804
delete rand key=6997
delete rand key=18628
insert rand key=9265
insert rand key=17406
insert rand key=8446
insert rand key=19576
insert rand key=4310
insert rand key=18851
insert rand key=5261
delete rand key=6023
insert rand key=12412
insert rand key=16452
insert rand key=8400
insert rand key=1867
insert rand key=11996
insert rand key=19200
insert rand key=6367
insert rand key=18676
insert rand key=9934
insert rand key=228
insert rand key=8313
insert rand key=5478
insert rand key=18550
insert rand key=18506
insert rand key=11157
insert rand key=598
insert rand key=1519
insert rand key=14049
delete rand key=2541
insert rand key=8894
insert rand key=3325
insert rand key=4407
insert rand key=5530
insert rand key=5703
insert rand key=1673
insert rand key=14652
insert rand key=5226
delete rand key=17853
delete rand key=18335
insert rand key=6143
delete rand key=15083
insert rand key=9913
insert rand key=17094
insert rand key=16816
insert rand key=4491
insert rand key=13119
insert rand key=7084
insert rand key=19924
insert rand key=1521
insert rand key=7165
insert rand key=10302
insert rand key=19810
insert rand key=7736
insert rand key=14778
insert rand key=17012
insert rand key=3568
insert rand key=11597
delete rand key=569
insert rand key=19373
insert rand key=11467
insert rand key=12041
insert rand key=18425
insert rand key=5403
insert rand key=2266
insert rand key=8932
insert rand key=13260
insert rand key=3844
insert rand key=17405
insert rand key=2244
insert rand key=18574
insert rand key=11903
delete rand key=6141
insert rand key=16599
insert rand key=17965
insert rand key=13888
insert rand key=11880
delete rand key=12617
insert rand key=15610
insert rand key=12747
insert rand key=9352
insert rand key=1937
insert rand key=5915
insert rand key=4267
insert rand key=1123
insert rand key=17972
insert rand key=4120
insert rand key=5198
insert rand key=3076
insert rand key=4772
insert rand key=4090
insert rand key=1088
insert rand key=9884
insert rand key=19700
insert rand key=17325
insert rand key=809
insert rand key=17454
insert rand key=8741
insert rand key=9645
insert rand key=12048
insert rand key=978
insert rand key=3780
insert rand key=8529
delete rand key=14154
insert rand key=3562
insert rand key=7125
insert rand key=1560
insert rand key=5842
delete rand key=4350
insert rand key=17005
insert rand key=4828
insert rand key=7994
insert rand key=15057
insert rand key=16078
insert rand key=5852
insert rand key=13996
insert rand key=3537
insert rand key=19234
insert rand key=5677
insert rand key=18180
insert rand key=4487
insert rand key=7124
delete rand key=3281
insert rand key=14103
insert rand key=6335
insert rand key=6271
insert rand key=1636
insert rand key=980
insert rand key=15022
delete rand key=4599
delete rand key=14639
delete rand key=6984
insert rand key=8130
insert rand key=11181
insert rand key=14800
insert rand key=10466
insert rand key=15323
insert rand key=4061
insert rand key=253
insert rand key=18602
insert rand key=9225
insert rand key=7662
insert rand key=17939
insert rand key=345
insert rand key=15277
insert rand key=19582
insert rand key=16938
insert rand key=14977
insert rand key=14002
insert rand key=6736
insert rand key=17504
delete rand key=800
delete rand key=4650
insert rand key=6221
insert rand key=17057
insert rand key=6480
insert rand key=4164
insert rand key=5426
insert rand key=4536
insert rand key=12946
insert rand key=5344
insert rand key=10610
insert rand key=1233
insert rand key=19864
insert rand key=16219
insert rand key=3351
insert rand key=13904
insert rand key=885
insert rand key=4472
insert rand key=3160
insert rand key=6542
insert rand key=10436
delete rand key=18004
insert rand key=12939
delete rand key=8019
insert rand key=6398
delete rand key=18394
insert rand key=17728
delete rand key=1353
insert rand key=1634
delete rand key=19708
delete rand key=12496
insert rand key=735
insert rand key=12974
insert rand key=9323
insert rand key=8806
insert rand key=49
insert rand key=4606
insert rand key=5389
insert rand key=6321
insert rand key=16354
insert rand key=14197
insert rand key=4984
delete rand key=7597
insert rand key=7840
insert rand key=292
insert rand key=3547
insert rand key=3233
insert rand key=15074
insert rand key=11735
insert rand key=9022
insert rand key=12088
insert rand key=7991
insert rand key=6668
insert rand key=15936
insert rand key=3141
insert rand key=7607
insert rand key=8944
delete rand key=10462
delete rand key=16850
insert rand key=12396
insert rand key=5414
insert rand key=17948
insert rand key=8040
insert rand key=2285
insert rand key=15111
insert rand key=19016
insert rand key=14840
delete rand key=3058
insert rand key=8786
delete rand key=2942
insert rand key=19163
insert rand key=2865
insert rand key=3495
insert rand key=7213
delete rand key=15898
delete rand key=9114
insert rand key=4476
insert rand key=9664
insert rand key=2429
insert rand key=3953
insert rand key=4290
delete rand key=14255
delete rand key=9464
insert rand key=17545
insert rand key=16645
delete rand key=14242
delete rand key=13403
insert rand key=879
insert rand key=8804
insert rand key=5004
insert rand key=18699
delete rand key=18355
delete rand key=12486
insert rand key=15109
insert rand key=10279
insert rand key=8787
insert rand key=1128
insert rand key=17358
delete rand key=7840
insert rand key=17570
insert rand key=8064
insert rand key=10027
insert rand key=3785
insert rand key=7711
insert rand key=13070
insert rand key=3304
insert rand key=16951
insert rand key=8569
insert rand key=2704
insert rand key=6724
delete rand key=11246
insert rand key=16132
insert rand key=6877
insert rand key=9542
insert rand key=2840
insert rand key=1112
delete rand key=7737
insert rand key=15339
insert rand key=10919
insert rand key=3059
insert rand key=17081
insert rand key=13589
insert rand key=1710
insert rand key=6173
insert rand key=15226
insert rand key=9608
insert rand key=7023
delete rand key=18416
insert rand key=7930
delete rand key=10254
insert rand key=18187
insert rand key=17159
insert rand key=7876
delete rand key=7930
insert rand key=171
insert rand key=161
delete rand key=11996
insert rand key=13721
insert rand key=797
insert rand key=9968
delete rand key=17824
insert rand key=2697
insert rand key=18809
insert rand key=2696
insert rand key=7000
insert rand key=11107
insert rand key=974
insert rand key=3102
insert rand key=562
delete rand key=3141
insert rand key=14885
insert rand key=15240
delete rand key=928
insert rand key=2400
insert rand key=13372
insert rand key=12148
insert rand key=2195
insert rand key=12805
insert rand key=19836
insert rand key=4518
insert rand key=4957
insert rand key=13768
insert rand key=12276
insert rand key=16791
insert rand key=17659
insert rand key=14046
insert rand key=4720
insert rand key=14180
insert rand key=19784
insert rand key=9727
delete rand key=14180
delete rand key=14602
insert rand key=857
delete rand key=4594
insert rand key=1685
delete rand key=7645
delete rand key=4978
insert rand key=3032
insert rand key=9491
insert rand key=18516
insert rand key=19076
delete rand key=14166
insert rand key=14942
insert rand key=5382
insert rand key=16774
delete rand key=14030
insert rand key=18762
insert rand key=19678
delete rand key=18150
delete rand key=12160
insert rand key=10085
insert rand key=123
insert rand key=5875
insert rand key=12713
insert rand key=1838
insert rand key=6413
insert rand key=7536
insert rand key=7480
delete rand key=16914
insert rand key=6194
insert rand key=19319
insert rand key=15809
insert rand key=16939
insert rand key=6103
delete rand key=4967
insert rand key=19367
delete rand key=16624
delete rand key=10062
insert rand key=922
insert rand key=14502
insert rand key=18174
delete rand key=14257
insert rand key=14818
insert rand key=18604
insert rand key=18256
delete rand key=5226
delete rand key=12798
insert rand key=18539
delete rand key=19372
insert rand key=9964
insert rand key=19654
insert rand key=17500
insert rand key=3084
insert rand key=7351
delete rand key=9802
insert rand key=17171
insert rand key=11237
insert rand key=10706
insert rand key=10173
insert rand key=5128
insert rand key=1686
insert rand key=12635
insert rand key=17922
insert rand key=7301
insert rand key=15608
insert rand key=17281
insert rand key=11714
insert rand key=14403
insert rand key=5683
insert rand key=3794
insert rand key=16554
delete rand key=15551
insert rand key=1462
insert rand key=14141
insert rand key=1320
delete rand key=2429
insert rand key=12781
insert rand key=16879
insert rand key=2496
insert rand key=6559
insert rand key=8095
delete rand key=13606
insert rand key=15159
insert rand key=2294
insert rand key=6973
delete rand key=528
insert rand key=17229
insert rand key=11662
insert rand key=9816
insert rand key=993
delete rand key=6289
delete rand key=1631
delete rand key=14259
delete rand key=13681
delete rand key=17836
delete rand key=8830
delete rand key=9835
insert rand key=15117
insert rand key=146
insert rand key=13640
delete rand key=17902
insert rand key=19372
insert rand key=3141
insert rand key=5665
insert rand key=6073
insert rand key=11606
insert rand key=16996
insert rand key=13294
delete rand key=15171
insert rand key=12249
insert rand key=4405
delete rand key=14861
insert rand key=14918
insert rand key=7092
insert rand key=18734
insert rand key=4817
insert rand key=17174
insert rand key=9492
insert rand key=6760
insert rand key=12489
insert rand key=3438
insert rand key=104
insert rand key=11351
insert rand key=16845
insert rand key=18436
delete rand key=14800
delete rand key=13768
insert rand key=10257
insert rand key=12911
delete rand key=13150
insert rand key=1806
insert rand key=4154
insert rand key=15552
insert rand key=4903
insert rand key=14751
insert rand key=10498
insert rand key=8789
delete rand key=16945
insert rand key=7182
insert rand key=19278
insert rand key=16255
insert rand key=7993
insert rand key=9605
insert rand key=7271
insert rand key=12431
insert rand key=8818
insert rand key=6772
insert rand key=10288
insert rand key=6879
insert rand key=2652
insert rand key=5042
insert rand key=2340
insert rand key=10979
insert rand key=154
insert rand key=9000
insert rand key=6338
insert rand key=3956
insert rand key=550
insert rand key=14455
insert rand key=206
delete rand key=10751
insert rand key=9520
insert rand key=2992
insert rand key=3767
delete rand key=7396
insert rand key=4636
insert rand key=2085
insert rand key=11752
insert rand key=9215
insert rand key=8782
insert rand key=11019
insert rand key=10388
insert rand key=910
insert rand key=3675
delete rand key=3794
insert rand key=6994
insert rand key=7199
insert rand key=17512
insert rand key=15972
insert rand key=11076
insert rand key=6033
insert rand key=15807
insert rand key=12780
insert rand key=4049
insert rand key=3478
insert rand key=11738
insert rand key=16767
insert rand key=4095
insert rand key=7757
insert rand key=19704
delete rand key=15096
insert rand key=8611
insert rand key=13386
insert rand key=7079
delete rand key=6311
insert rand key=793
delete rand key=14212
insert rand key=6586
insert rand key=15571
delete rand key=19924
insert rand key=19446
insert rand key=11794
delete rand key=6321
insert rand key=1247
insert rand key=13006
insert rand key=15780
delete rand key=19445
insert rand key=5010
insert rand key=13876
insert rand key=9166
insert rand key=13915
insert rand key=17227
insert rand key=14822
delete rand key=15358
insert rand key=7734
insert rand key=19592
insert rand key=1659
insert rand key=11787
insert rand key=6064
insert rand key=5044
delete rand key=10173
insert rand key=3171
insert rand key=5494
delete rand key=3969
delete rand key=8504
insert rand key=15860
insert rand key=8011
insert rand key=11784
insert rand key=5605
insert rand key=4101
insert rand key=19186
insert rand key=9397
insert rand key=2059
insert rand key=8135
insert rand key=17876
insert rand key=12351
insert rand key=18715
insert rand key=10122
insert rand key=18908
insert rand key=12972
insert rand key=254
insert rand key=16576
delete rand key=5506
insert rand key=4398
insert rand key=875
delete rand key=11787
insert rand key=7067
delete rand key=4031
insert rand key=10174
insert rand key=19960
insert rand key=16515
insert rand key=4360
insert rand key=10747
insert rand key=15924
insert rand key=6035
delete rand key=15117
insert rand key=10719
insert rand key=18
insert rand key=11908
insert rand key=4300
insert rand key=7369
delete rand key=8010
insert rand key=18989
insert rand key=14309
insert rand key=2361
insert rand key=7609
insert rand key=8490
insert rand key=14283
insert rand key=17827
insert rand key=6598
insert rand key=10094
insert rand key=1660
delete rand key=14532
delete rand key=2285
delete rand key=6593
delete rand key=19430
delete rand key=7994
delete rand key=2260
insert rand key=10753
insert rand key=13814
insert rand key=295
insert rand key=400
insert rand key=11796
insert rand key=8974
insert rand key=17559
insert rand key=9567
insert rand key=8170
insert rand key=4510
insert rand key=4617
insert rand key=19908
insert rand key=7513
insert rand key=19716
insert rand key=13021
delete rand key=16554
insert rand key=7278
insert rand key=5258
insert rand key=17643
insert rand key=19486
insert rand key=9528
insert rand key=8777
insert rand key=18481
insert rand key=16671
insert rand key=9350
insert rand key=18483
delete rand key=13378
insert rand key=18790
insert rand key=13220
insert rand key=7392
insert rand key=5499
delete rand key=3631
insert rand key=7953
insert rand key=11161
insert rand key=1331
insert rand key=1427
delete rand key=14780
insert rand key=9357
insert rand key=14982
insert rand key=14110
insert rand key=13515
insert rand key=2675
insert rand key=11994
insert rand key=6412
insert rand key=5695
insert rand key=13716
insert rand key=5905
insert rand key=13865
insert rand key=407
insert rand key=269
insert rand key=18665
delete rand key=7415
insert rand key=5920
insert rand key=17276
insert rand key=6623
insert rand key=9733
delete rand key=8818
insert rand key=1876
insert rand key=10183
insert rand key=12031
insert rand key=7223
insert rand key=17857
delete rand key=7563
insert rand key=17673
insert rand key=4865
insert rand key=15554
delete rand key=7409
delete rand key=8011
insert rand key=6226
insert rand key=6208
insert rand key=7774
insert rand key=19828
insert rand key=3156
insert rand key=12293
insert rand key=16623
insert rand key=18022
insert rand key=5179
insert rand key=18457
insert rand key=308
insert rand key=17730
insert rand key=19770
insert rand key=12312
insert rand key=5630
insert rand key=1201
insert rand key=19487
delete rand key=17486
delete rand key=15326
insert rand key=18889
insert rand key=10120
delete rand key=18940
insert rand key=13409
insert rand key=15396
insert rand key=235
insert rand key=1050
insert rand key=4920
delete rand key=15115
insert rand key=9393
insert rand key=16492
insert rand key=14662
insert rand key=8466
insert rand key=5213
insert rand key=5047
insert rand key=7771
delete rand key=2951
insert rand key=11510
delete rand key=925
insert rand key=1980
delete rand key=17673
insert rand key=15280
insert rand key=9583
insert rand key=950
insert rand key=17287
insert rand key=1908
insert rand key=16870
delete rand key=19373
insert rand key=6692
insert rand key=500
insert rand key=9023
insert rand key=17733
insert rand key=7785
insert rand key=12213
insert rand key=16981
delete rand key=16234
insert rand key=9011
delete rand key=7423
insert rand key=2177
insert rand key=6587
insert rand key=18027
insert rand key=3751
insert rand key=2636
insert rand key=16108
insert rand key=12792
insert rand key=17700
insert rand key=4362
insert rand key=1244
insert rand key=447
delete rand key=1980
insert rand key=9067
insert rand key=17679
insert rand key=17013
delete rand key=9755
insert rand key=17511
delete rand key=17457
delete rand key=10498
delete rand key=9730
delete rand key=11703
insert rand key=8629
insert rand key=40
insert rand key=18855
delete rand key=15763
insert rand key=18538
insert rand key=7971
insert rand key=9997
insert rand key=13732
delete rand key=12497
insert rand key=17589
delete rand key=15610
insert rand key=18784
insert rand key=16983
insert rand key=9236
insert rand key=15155
insert rand key=18677
delete rand key=16956
insert rand key=1491
delete rand key=15381
insert rand key=16819
delete rand key=3172
insert rand key=6845
insert rand key=4240
insert rand key=10727
delete rand key=2172
insert rand key=429
delete rand key=529
delete rand key=5871
insert rand key=11137
delete rand key=5857
insert rand key=8921
insert rand key=19613
insert rand key=12746
insert rand key=15237
insert rand key=3993
delete rand key=17914
insert rand key=13388
delete rand key=702
insert rand key=8654
insert rand key=17390
insert rand key=4824
delete rand key=16071
delete rand key=14124
insert rand key=19745
delete rand key=13640
insert rand key=968
insert rand key=11586
insert rand key=10520
insert rand key=7326
insert rand key=6942
insert rand key=4698
insert rand key=7445
insert rand key=8940
delete rand key=11181
insert rand key=19411
insert rand key=14226
insert rand key=14979
insert rand key=18829
insert rand key=19202
insert rand key=7098
insert rand key=2356
insert rand key=14659
delete rand key=15022
delete rand key=9997
insert rand key=830
insert rand key=6369
insert rand key=3440
insert rand key=9877
insert rand key=6669
insert rand key=18124
insert rand key=3206
insert rand key=15380
insert rand key=13152
insert rand key=6622
insert rand key=17188
insert rand key=4138
insert rand key=19384
insert rand key=12448
insert rand key=5017
insert rand key=5141
insert rand key=1461
insert rand key=1151
delete rand key=18784
insert rand key=10200
insert rand key=7417
delete rand key=11172
insert rand key=517
insert rand key=3427
insert rand key=9909
insert rand key=6704
insert rand key=99
insert rand key=17267
insert rand key=5154
insert rand key=18322
insert rand key=10766
insert rand key=12923
insert rand key=6823
insert rand key=11180
insert rand key=8384
insert rand key=11403
insert rand key=4587
delete rand key=12418
delete rand key=4606
insert rand key=9722
insert rand key=13114
insert rand key=7414
insert rand key=15548
insert rand key=1192
insert rand key=16389
insert rand key=5081
insert rand key=18747
insert rand key=11046
insert rand key=5050
delete rand key=7057
insert rand key=5342
insert rand key=18274
insert rand key=9879
insert rand key=939
insert rand key=5538
delete rand key=10466
insert rand key=13382
insert rand key=8026
insert rand key=6925
delete rand key=15743
delete rand key=5382
insert rand key=18184
insert rand key=4353
insert rand key=17607
insert rand key=17588
delete rand key=3529
insert rand key=11686
insert rand key=8175
delete rand key=8977
insert rand key=17697
insert rand key=2344
insert rand key=10104
delete rand key=8386
insert rand key=15053
insert rand key=10420
delete rand key=941
insert rand key=2750
insert rand key=13023
insert rand key=13064
insert rand key=10635
insert rand key=6851
insert rand key=1863
insert rand key=11718
insert rand key=6952
insert rand key=19149
insert rand key=15495
insert rand key=13559
insert rand key=19381
insert rand key=9233
delete rand key=7236
insert rand key=10008
insert rand key=11151
insert rand key=12255
insert rand key=14327
delete rand key=12110
delete rand key=5538
delete rand key=11510
insert rand key=5716
insert rand key=1397
insert rand key=19599
insert rand key=6070
insert rand key=17392
insert rand key=16833
insert rand key=17
insert rand key=9168
insert rand key=15872
insert rand key=16076
insert rand key=6591
insert rand key=3664
insert rand key=19758
insert rand key=13620
insert rand key=9782
insert rand key=17000
insert rand key=19198
delete rand key=1686
insert rand key=15728
insert rand key=16064
insert rand key=10499
insert rand key=7367
insert rand key=10574
insert rand key=9502
insert rand key=8519
insert rand key=17502
delete rand key=19944
delete rand key=4821
insert rand key=8888
insert rand key=10491
insert rand key=4854
insert rand key=19311
insert rand key=15898
insert rand key=17593
insert rand key=10331
insert rand key=16771
insert rand key=792
insert rand key=18576
insert rand key=19030
insert rand key=1918
insert rand key=893
insert rand key=16468
insert rand key=5375
insert rand key=5442
insert rand key=7997
insert rand key=1105
insert rand key=7797
insert rand key=9430
insert rand key=17667
delete rand key=9080
delete rand key=8784
insert rand key=14752
insert rand key=2245
insert rand key=3387
delete rand key=13885
insert rand key=5417
delete rand key=4487
insert rand key=3247
insert rand key=16936
delete rand key=8142
insert rand key=9473
insert rand key=5092
insert rand key=13054
insert rand key=9960
insert rand key=17950
insert rand key=16435
insert rand key=7678
insert rand key=12419
insert rand key=14185
delete rand key=17488
insert rand key=2800
insert rand key=14981
insert rand key=3308
insert rand key=11720
insert rand key=2471
insert rand key=17781
insert rand key=12124
insert rand key=9063
insert rand key=10184
delete rand key=1151
insert rand key=9229
delete rand key=4090
insert rand key=19261
delete rand key=8480
delete rand key=6657
insert rand key=19162
insert rand key=19126
insert rand key=3974
insert rand key=3215
delete rand key=3437
insert rand key=15695
insert rand key=19205
insert rand key=6897
insert rand key=12605
delete rand key=1120
insert rand key=9113
insert rand key=14167
insert rand key=9799
insert rand key=11413
insert rand key=9109
insert rand key=4938
insert rand key=19956
insert rand key=16735
insert rand key=8895
insert rand key=10714
insert rand key=18711
insert rand key=8216
delete rand key=879
insert rand key=1341
insert rand key=19509
delete rand key=15978
insert rand key=14796
insert rand key=11334
insert rand key=6688
insert rand key=19922
insert rand key=7433
insert rand key=397
insert rand key=7731
insert rand key=5612
insert rand key=1526
insert rand key=8152
insert rand key=2985
insert rand key=9810
insert rand key=10798
insert rand key=7454
delete rand key=5700
insert rand key=3608
delete rand key=13589
insert rand key=11857
delete rand key=12431
insert rand key=6223
insert rand key=3180
insert rand key=14882
insert rand key=16052
insert rand key=5289
insert rand key=6737
insert rand key=15849
insert rand key=11613
insert rand key=12797
insert rand key=11079
insert rand key=11984
insert rand key=14540
insert rand key=14780
insert rand key=558
insert rand key=14272
delete rand key=13256
insert rand key=17032
delete rand key=1528
insert rand key=1655
insert rand key=19826
insert rand key=3467
insert rand key=12741
delete rand key=792
insert rand key=18440
insert rand key=7160
insert rand key=11509
insert rand key=12788
insert rand key=5548
insert rand key=9156
insert rand key=14174
insert rand key=11998
insert rand key=17225
delete rand key=6058
insert rand key=11945
insert rand key=12221
insert rand key=14302
insert rand key=17574
insert rand key=10803
insert rand key=3410
insert rand key=6068
insert rand key=5765
insert rand key=15375
insert rand key=11884
insert rand key=15825
delete rand key=15807
insert rand key=14674
insert rand key=14338
insert rand key=11455
delete rand key=2073
insert rand key=1386
insert rand key=9195
insert rand key=17508
insert rand key=4266
insert rand key=6357
insert rand key=19026
insert rand key=6980
insert rand key=4663
insert rand key=10229
insert rand key=8115
insert rand key=3960
insert rand key=10041
insert rand key=11089
insert rand key=10814
insert rand key=14435
delete rand key=610
delete rand key=3461
delete rand key=13865
insert rand key=6831
insert rand key=5980
insert rand key=7209
insert rand key=14984
delete rand key=19125
insert rand key=3006
delete rand key=5426
delete rand key=15518
insert rand key=11141
insert rand key=10976
insert rand key=4111
delete rand key=9412
insert rand key=2443
insert rand key=7007
delete rand key=13006
insert rand key=2975
insert rand key=18922
insert rand key=5515
insert rand key=14919
insert rand key=1079
insert rand key=11183
delete rand key=3818
insert rand key=3184
insert rand key=13
insert rand key=3958
insert rand key=15202
insert rand key=10964
insert rand key=7588
insert rand key=6791
insert rand key=18025
insert rand key=1130
insert rand key=9042
insert rand key=8923
insert rand key=13379
insert rand key=11918
insert rand key=10616
insert rand key=17769
insert rand key=2483
insert rand key=17524
insert rand key=1738
delete rand key=1247
insert rand key=7490
insert rand key=15889
insert rand key=19567
insert rand key=1897
insert rand key=15786
delete rand key=6286
insert rand key=16227
insert rand key=15332
insert rand key=4650
insert rand key=19614
insert rand key=9561
insert rand key=19324
insert rand key=481
delete rand key=5404
insert rand key=6133
insert rand key=8218
delete rand key=9428
insert rand key=8237
insert rand key=16349
insert rand key=18089
insert rand key=19862
insert rand key=2489
delete rand key=5920
delete rand key=975
delete rand key=9185
insert rand key=1460
insert rand key=148
insert rand key=11096
insert rand key=12127
delete rand key=1123
insert rand key=3036
delete rand key=9879
delete rand key=10551
delete rand key=11867
delete rand key=11141
delete rand key=8741
delete rand key=7160
insert rand key=10075
insert rand key=3434
insert rand key=1181
insert rand key=3398
insert rand key=16123
delete rand key=11107
insert rand key=14253
insert rand key=1697
insert rand key=2913
insert rand key=6250
insert rand key=2174
insert rand key=10322
insert rand key=6717
insert rand key=15899
insert rand key=10502
delete rand key=16701
insert rand key=5269
insert rand key=12664
insert rand key=2279
delete rand key=18908
insert rand key=3724
insert rand key=17084
insert rand key=4106
delete rand key=2912
insert rand key=7456
delete rand key=12475
delete rand key=18496
insert rand key=11705
insert rand key=17133
insert rand key=7651
insert rand key=11038
delete rand key=19754
insert rand key=523
delete rand key=19372
insert rand key=18111
delete rand key=3958
insert rand key=10119
delete rand key=11834
insert rand key=4335
insert rand key=8091
insert rand key=15177
insert rand key=16847
insert rand key=9571
insert rand key=4625
insert rand key=5147
insert rand key=4090
delete rand key=1448
delete rand key=17622
insert rand key=4179
insert rand key=4020
insert rand key=19813
insert rand key=3136
insert rand key=329
insert rand key=13579
insert rand key=11751
delete rand key=16996
insert rand key=1264
insert rand key=17007
insert rand key=16451
insert rand key=19633
insert rand key=14990
delete rand key=10094
delete rand key=259
insert rand key=1158
insert rand key=12686
insert rand key=12056
insert rand key=6360
insert rand key=18779
insert rand key=12066
insert rand key=13061
insert rand key=7193
insert rand key=1282
insert rand key=14144
delete rand key=18241
insert rand key=11616
delete rand key=9899
insert rand key=15125
insert rand key=5432
delete rand key=5342
insert rand key=18007
insert rand key=14195
delete rand key=6073
insert rand key=7379
delete rand key=13114
insert rand key=1220
delete rand key=3426
delete rand key=5290
insert rand key=10102
insert rand key=11985
insert rand key=7102
insert rand key=14158
delete rand key=1521
insert rand key=19674
insert rand key=7724
insert rand key=18776
insert rand key=13957
insert rand key=15950
insert rand key=17863
insert rand key=9398
insert rand key=11928
insert rand key=17539
delete rand key=3675
delete rand key=17313
insert rand key=3266
delete rand key=11652
delete rand key=12038
insert rand key=5329
insert rand key=15020
delete rand key=723
delete rand key=14222
insert rand key=1770
insert rand key=11904
delete rand key=7834
insert rand key=12263
insert rand key=6541
insert rand key=11291
insert rand key=18074
insert rand key=3684
insert rand key=301
insert rand key=3249
insert rand key=9609
insert rand key=13965
delete rand key=11186
insert rand key=18047
insert rand key=7535
delete rand key=5417
delete rand key=13271
insert rand key=17107
insert rand key=4730
insert rand key=8916
delete rand key=15542
insert rand key=933
insert rand key=214
insert rand key=808
insert rand key=10628
insert rand key=3533
delete rand key=9499
insert rand key=821
delete rand key=14780
delete rand key=9519
insert rand key=4560
insert rand key=1364
delete rand key=2050
delete rand key=4049
insert rand key=11621
delete rand key=5716
insert rand key=1606
insert rand key=15977
insert rand key=4923
insert rand key=2536
delete rand key=9195
insert rand key=16414
insert rand key=3731
insert rand key=19861
insert rand key=12630
insert rand key=1283
insert rand key=18486
insert rand key=4130
insert rand key=11818
delete rand key=15825
insert rand key=8972
delete rand key=7708
insert rand key=15069
insert rand key=1381
insert rand key=4423
insert rand key=4255
delete rand key=19813
delete rand key=11017
insert rand key=9843
delete rand key=11548
insert rand key=12615
insert rand key=2213
delete rand key=8628
insert rand key=11777
insert rand key=10652
insert rand key=5627
insert rand key=10677
insert rand key=12107
insert rand key=6302
delete rand key=16709
delete rand key=11590
insert rand key=16496
insert rand key=12462
delete rand key=6034
delete rand key=5605
insert rand key=7643
delete rand key=4768
insert rand key=15192
insert rand key=16341
insert rand key=10323
delete rand key=9292
insert rand key=2612
delete rand key=5347
insert rand key=14541
insert rand key=16527
insert rand key=6513
delete rand key=4720
insert rand key=1309
insert rand key=9607
insert rand key=15166
insert rand key=1862
insert rand key=11250
insert rand key=18069
insert rand key=6863
delete rand key=14223
insert rand key=3127
delete rand key=16121
insert rand key=13595
delete rand key=8943
insert rand key=15595
insert rand key=5555
insert rand key=3977
delete rand key=6064
insert rand key=15706
insert rand key=16320
insert rand key=16106
insert rand key=5622
insert rand key=832
insert rand key=19514
insert rand key=14223
insert rand key=12882
insert rand key=10921
insert rand key=19924
insert rand key=13926
insert rand key=2349
insert rand key=19306
insert rand key=15205
insert rand key=2605
delete rand key=468
insert rand key=7842
insert rand key=16766
insert rand key=398
insert rand key=9548
insert rand key=11578
delete rand key=13924
insert rand key=4465
delete rand key=1606
insert rand key=18910
insert rand key=1389
delete rand key=10775
delete rand key=15444
delete rand key=16770
insert rand key=18836
delete rand key=18674
insert rand key=5137
insert rand key=11283
insert rand key=9650
insert rand key=18278
insert rand key=10776
insert rand key=18725
delete rand key=6276
insert rand key=13163
insert rand key=15106
insert rand key=16967
insert rand key=18304
delete rand key=5484
insert rand key=12212
insert rand key=9676
insert rand key=8103
insert rand key=2762
delete rand key=6704
insert rand key=76
delete rand key=6300
insert rand key=6017
insert rand key=16021
insert rand key=18934
insert rand key=2720
insert rand key=10700
insert rand key=18956
insert rand key=14142
insert rand key=6741
insert rand key=2346
delete rand key=9538
delete rand key=6173
insert rand key=16937
delete rand key=6748
insert rand key=10916
insert rand key=3752
delete rand key=17293
delete rand key=2254
insert rand key=17611
insert rand key=2162
insert rand key=3426
insert rand key=13610
insert rand key=10337
delete rand key=13023
insert rand key=3830
insert rand key=395
insert rand key=1302
insert rand key=14773
insert rand key=1591
insert rand key=11123
insert rand key=5334
insert rand key=17999
insert rand key=18675
delete rand key=1420
insert rand key=3669
insert rand key=5616
insert rand key=16386
insert rand key=10839
insert rand key=6850
insert rand key=6242
insert rand key=8584
insert rand key=15449
insert rand key=3578
insert rand key=18063
insert rand key=5310
insert rand key=9504
insert rand key=1888
insert rand key=11563
insert rand key=660
insert rand key=14168
insert rand key=17805
insert rand key=6254
insert rand key=4355
insert rand key=9035
insert rand key=18156
delete rand key=16052
insert rand key=9436
insert rand key=13128
insert rand key=15685
insert rand key=19909
delete rand key=11237
insert rand key=5307
delete rand key=7193
insert rand key=1617
delete rand key=14223
insert rand key=8348
insert rand key=4006
insert rand key=485
insert rand key=11842
insert rand key=18872
insert rand key=17128
delete rand key=1738
insert rand key=16580
insert rand key=16428
insert rand key=4134
insert rand key=13662
delete rand key=14226
insert rand key=374
delete rand key=18954
insert rand key=19778
delete rand key=19067
insert rand key=199
delete rand key=922
insert rand key=2020
delete rand key=19599
insert rand key=14206
insert rand key=4539
insert rand key=13834
insert rand key=12409
insert rand key=3999
insert rand key=9310
insert rand key=7482
insert rand key=10742
insert rand key=2609
delete rand key=7412
insert rand key=10149
insert rand key=17142
insert rand key=7478
insert rand key=12431
insert rand key=7741
insert rand key=6095
insert rand key=1606
delete rand key=7119
insert rand key=3791
insert rand key=13801
insert rand key=7343
insert rand key=18853
insert rand key=9077
insert rand key=5682
insert rand key=16271
insert rand key=19285
insert rand key=16434
insert rand key=11851
insert rand key=5370
insert rand key=9827
delete rand key=8974
delete rand key=15380
delete rand key=10181
insert rand key=10068
insert rand key=7063
insert rand key=15004
insert rand key=19954
insert rand key=14352
insert rand key=1672
insert rand key=18295
insert rand key=10326
delete rand key=5147
insert rand key=18543
insert rand key=7042
delete rand key=6271
insert rand key=8827
insert rand key=5187
insert rand key=3585
delete rand key=18810
insert rand key=1629
insert rand key=19029
insert rand key=15592
delete rand key=4650
insert rand key=3507
insert rand key=6616
insert rand key=9503
delete rand key=5403
insert rand key=4770
insert rand key=11728
insert rand key=4282
insert rand key=12847
insert rand key=3071
insert rand key=12106
delete rand key=18641
insert rand key=8551
insert rand key=6817
insert rand key=1222
insert rand key=11947
insert rand key=10131
delete rand key=3076
delete rand key=19300
insert rand key=12372
insert rand key=11259
delete rand key=12803
insert rand key=15438
insert rand key=7787
insert rand key=18772
insert rand key=15576
insert rand key=16869
insert rand key=15800
insert rand key=1575
insert rand key=14183
insert rand key=2815
insert rand key=2977
insert rand key=9353
delete rand key=4625
insert rand key=19303
insert rand key=18703
insert rand key=14500
insert rand key=3637
delete rand key=12926
delete rand key=15820
insert rand key=8155
insert rand key=17210
insert rand key=13867
insert rand key=8698
insert rand key=16549
insert rand key=7149
delete rand key=5421
insert rand key=12058
insert rand key=8030
insert rand key=2263
insert rand key=5212
delete rand key=7609
insert rand key=12063
delete rand key=16435
insert rand key=18286
insert rand key=6785
insert rand key=19042
insert rand key=14237
insert rand key=339
delete rand key=5357
insert rand key=12129
insert rand key=10250
insert rand key=18405
insert rand key=4178
insert rand key=6198
delete rand key=14168
insert rand key=11385
insert rand key=8779
delete rand key=12489
insert rand key=2941
delete rand key=10885
insert rand key=14431
insert rand key=19559
insert rand key=19503
insert rand key=13031
insert rand key=543
insert rand key=4489
insert rand key=14358
insert rand key=3865
delete rand key=2059
insert rand key=4196
insert rand key=1554
delete rand key=15800
insert rand key=14235
insert rand key=856
delete rand key=12183
insert rand key=11377
delete rand key=10471
insert rand key=11479
insert rand key=10062
insert rand key=19218
delete rand key=10448
insert rand key=7047
insert rand key=11294
delete rand key=7771
insert rand key=8610
insert rand key=13343
insert rand key=17213
delete rand key=1672
insert rand key=3867
insert rand key=14994
insert rand key=18305
insert rand key=15837
delete rand key=7884
insert rand key=5996
insert rand key=15871
insert rand key=15322
insert rand key=3429
delete rand key=6343
insert rand key=12905
delete rand key=6505
insert rand key=11303
insert rand key=19209
insert rand key=19425
insert rand key=14477
insert rand key=422
delete rand key=1560
insert rand key=12839
insert rand key=6589
insert rand key=9773
insert rand key=6812
insert rand key=3229
insert rand key=16604
insert rand key=3619
insert rand key=18339
insert rand key=9627
insert rand key=12931
insert rand key=1156
insert rand key=7614
insert rand key=17346
insert rand key=19812
delete rand key=10491
insert rand key=15680
insert rand key=9426
insert rand key=19498
insert rand key=1064
delete rand key=19265
insert rand key=19283
delete rand key=5917
delete rand key=4234
insert rand key=6710
insert rand key=5593
insert rand key=12986
insert rand key=5843
delete rand key=10985
insert rand key=17577
insert rand key=11522
delete rand key=13721
delete rand key=2639
insert rand key=3305
insert rand key=11370
insert rand key=6753
insert rand key=7241
insert rand key=4926
insert rand key=12721
insert rand key=11128
delete rand key=2945
delete rand key=13591
insert rand key=9973
delete rand key=3156
insert rand key=9653
delete rand key=14283
delete rand key=5611
insert rand key=3460
insert rand key=6521
delete rand key=18829
insert rand key=7866
insert rand key=8296
insert rand key=6984
insert rand key=6235
insert rand key=2337
insert rand key=4624
insert rand key=11890
insert rand key=4649
delete rand key=15166
insert rand key=19099
delete rand key=15389
insert rand key=15425
insert rand key=12123
delete rand key=15031
insert rand key=13811
insert rand key=19304
insert rand key=12115
insert rand key=12687
delete rand key=7278
insert rand key=16116
delete rand key=3656
insert rand key=15403
insert rand key=15345
insert rand key=17586
insert rand key=11103
insert rand key=7212
delete rand key=13225
delete rand key=13559
insert rand key=7311
delete rand key=177
insert rand key=10294
delete rand key=4154
insert rand key=9532
insert rand key=2923
insert rand key=18260
insert rand key=9151
insert rand key=184
insert rand key=19991
insert rand key=15378
insert rand key=19427
insert rand key=18633
delete rand key=11157
insert rand key=11934
insert rand key=13360
insert rand key=11134
delete rand key=280
delete rand key=8627
insert rand key=15114
insert rand key=12076
insert rand key=2582
insert rand key=2269
insert rand key=18859
insert rand key=6956
insert rand key=3706
insert rand key=5576
insert rand key=10856
insert rand key=1924
insert rand key=19649
insert rand key=18971
insert rand key=17365
insert rand key=17089
delete rand key=17207
insert rand key=19707
insert rand key=10255
insert rand key=13875
delete rand key=18934
insert rand key=18630
delete rand key=14956
insert rand key=13418
insert rand key=4053
insert rand key=14153
insert rand key=16792
delete rand key=10008
insert rand key=13912
insert rand key=17370
delete rand key=7876
delete rand key=15407
insert rand key=3240
insert rand key=11054
delete rand key=9166
insert rand key=9417
delete rand key=18486
delete rand key=7037
insert rand key=10164
insert rand key=19848
insert rand key=11125
delete rand key=9109
insert rand key=10353
delete rand key=4453
insert rand key=5482
insert rand key=12776
insert rand key=8044
delete rand key=13811
insert rand key=19984
insert rand key=3119
insert rand key=16877
delete rand key=374
delete rand key=16295
delete rand key=8566
insert rand key=15723
insert rand key=12160
insert rand key=2854
insert rand key=3769
insert rand key=4646
insert rand key=2733
insert rand key=3703
delete rand key=17013
insert rand key=4277
insert rand key=5570
insert rand key=9144
delete rand key=2992
insert rand key=11215
insert rand key=12461
delete rand key=4385
delete rand key=13503
insert rand key=5134
insert rand key=10298
insert rand key=4669
insert rand key=12001
insert rand key=4044
insert rand key=12705
insert rand key=19571
insert rand key=703
delete rand key=19836
insert rand key=6253
insert rand key=1456
insert rand key=6862
insert rand key=11233
delete rand key=474
insert rand key=17694
insert rand key=1467
insert rand key=3621
insert rand key=8345
insert rand key=1238
insert rand key=9358
delete rand key=1088
insert rand key=6816
insert rand key=7698
insert rand key=9560
delete rand key=13876
insert rand key=14319
delete rand key=7535
delete rand key=12540
insert rand key=6662
insert rand key=3147
delete rand key=2331
delete rand key=13942
insert rand key=10552
insert rand key=18994
delete rand key=5904
insert rand key=5448
insert rand key=17739
delete rand key=9144
delete rand key=3953
delete rand key=17827
insert rand key=15868
insert rand key=2864
delete rand key=12699
delete rand key=12946
insert rand key=7544
insert rand key=1899
insert rand key=15917
delete rand key=16219
insert rand key=14333
insert rand key=13402
delete rand key=14802
insert rand key=14189
insert rand key=4822
insert rand key=4148
insert rand key=8372
insert rand key=12880
insert rand key=17989
delete rand key=14211
delete rand key=4774
insert rand key=9958
insert rand key=18345
insert rand key=1324
insert rand key=5845
insert rand key=2420
insert rand key=12012
insert rand key=2706
delete rand key=14831
insert rand key=7059
insert rand key=17983
insert rand key=18874
insert rand key=18222
delete rand key=12746
insert rand key=18628
insert rand key=17543
delete rand key=6559
delete rand key=3084
insert rand key=5701
insert rand key=14000
insert rand key=11352
delete rand key=8894
delete rand key=3006
insert rand key=16439
insert rand key=8788
insert rand key=5776
insert rand key=19944
delete rand key=6355
insert rand key=1532
insert rand key=11107
delete rand key=10616
insert rand key=1312
insert rand key=19720
insert rand key=5779
insert rand key=15997
insert rand key=6821
insert rand key=11584
delete rand key=19678
insert rand key=12473
delete rand key=19162
delete rand key=17446
insert rand key=17723
delete rand key=345
insert rand key=11410
insert rand key=12111
delete rand key=9571
insert rand key=1723
insert rand key=911
delete rand key=12372
delete rand key=13372
insert rand key=9354
insert rand key=8764
insert rand key=4031
insert rand key=10349
insert rand key=8638
delete rand key=2210
insert rand key=13976
delete rand key=5894
insert rand key=3626
insert rand key=14742
insert rand key=14274
insert rand key=15916
insert rand key=12955
delete rand key=1636
delete rand key=19324
insert rand key=19790
insert rand key=4892
insert rand key=18399
insert rand key=7155
insert rand key=6370
insert rand key=1034
insert rand key=5008
delete rand key=12619
insert rand key=15843
delete rand key=3847
delete rand key=14662
insert rand key=5590
delete rand key=7182
delete rand key=3731
insert rand key=9204
insert rand key=7659
delete rand key=3556
insert rand key=2689
insert rand key=6887
insert rand key=13327
insert rand key=14379
delete rand key=17276
insert rand key=17109
delete rand key=14379
insert rand key=13230
insert rand key=10645
insert rand key=19293
insert rand key=2933
delete rand key=12996
insert rand key=1327
insert rand key=7060
delete rand key=911
insert rand key=8050
delete rand key=6587
insert rand key=4845
insert rand key=1552
insert rand key=7163
insert rand key=18739
insert rand key=11644
insert rand key=19416
delete rand key=16771
delete rand key=7131
delete rand key=7698
insert rand key=12170
insert rand key=4738
insert rand key=17499
delete rand key=12589
delete rand key=2400
insert rand key=95
insert rand key=2894
insert rand key=7885
delete rand key=17999
insert rand key=6977
delete rand key=17607
insert rand key=18666
delete rand key=19163
insert rand key=8756
insert rand key=15657
insert rand key=15580
insert rand key=6625
insert rand key=12035
insert rand key=2259
delete rand key=9532
insert rand key=11416
delete rand key=19170
insert rand key=7253
insert rand key=7527
insert rand key=14520
insert rand key=10117
insert rand key=1093
delete rand key=3537
insert rand key=13007
insert rand key=1853
insert rand key=12549
insert rand key=16151
delete rand key=3769
insert rand key=7430
insert rand key=8543
insert rand key=12613
delete rand key=301
insert rand key=12025
delete rand key=10
insert rand key=12175
delete rand key=3844
insert rand key=494
insert rand key=9760
delete rand key=1514
insert rand key=276
insert rand key=11366
insert rand key=18321
insert rand key=6285
insert rand key=17642
insert rand key=7747
delete rand key=4529
delete rand key=12747
insert rand key=8015
delete rand key=13766
insert rand key=17533
delete rand key=4061
insert rand key=13967
insert rand key=5077
insert rand key=1030
insert rand key=13972
insert rand key=19953
insert rand key=7558
insert rand key=1246
insert rand key=18406
insert rand key=7686
insert rand key=6916
delete rand key=5980
delete rand key=13382
insert rand key=3337
insert rand key=9477
delete rand key=15097
insert rand key=15110
insert rand key=11936
delete rand key=15105
insert rand key=11324
insert rand key=9701
insert rand key=15105
insert rand key=18590
insert rand key=14787
delete rand key=12621
insert rand key=5249
insert rand key=3841
insert rand key=13027
insert rand key=8990
delete rand key=16468
insert rand key=3484
insert rand key=14286
insert rand key=14251
insert rand key=353
delete rand key=14541
delete rand key=4106
insert rand key=2721
insert rand key=716
insert rand key=14414
insert rand key=17066
insert rand key=14
insert rand key=12843
delete rand key=1908
insert rand key=801
insert rand key=3301
delete rand key=17509
insert rand key=17177
insert rand key=9253
delete rand key=2339
insert rand key=10008
insert rand key=17387
delete rand key=3703
delete rand key=4829
insert rand key=11013
insert rand key=7740
insert rand key=14529
insert rand key=16046
insert rand key=706
insert rand key=13498
insert rand key=19639
delete rand key=3446
insert rand key=13382
delete rand key=6589
delete rand key=9878
insert rand key=16908
insert rand key=666
insert rand key=18096
insert rand key=14593
insert rand key=3933
insert rand key=2007
insert rand key=5240
delete rand key=3752
delete rand key=9960
insert rand key=10928
delete rand key=17524
insert rand key=18026
delete rand key=7971
insert rand key=10384
insert rand key=4338
insert rand key=4279
delete rand key=8777
insert rand key=5336
delete rand key=14984
insert rand key=8507
delete rand key=18661
insert rand key=17348
delete rand key=9762
delete rand key=435
delete rand key=19367
delete rand key=9094
insert rand key=555
insert rand key=15627
insert rand key=7404
insert rand key=4449
insert rand key=9654
insert rand key=5737
delete rand key=17133
insert rand key=2314
insert rand key=19701
delete rand key=4923
delete rand key=10149
insert rand key=19160
insert rand key=252
insert rand key=1979
insert rand key=18810
insert rand key=527
delete rand key=3933
delete rand key=5737
insert rand key=6663
insert rand key=7892
delete rand key=5433
insert rand key=7013
insert rand key=3405
delete rand key=422
insert rand key=9678
insert rand key=12989
delete rand key=19924
insert rand key=5572
delete rand key=2351
insert rand key=17522
insert rand key=12787
insert rand key=11638
insert rand key=13012
insert rand key=15085
insert rand key=3878
insert rand key=19266
insert rand key=8276
insert rand key=11576
delete rand key=8638
insert rand key=17619
delete rand key=7063
insert rand key=19223
delete rand key=5478
insert rand key=8903
delete rand key=3316
insert rand key=655
delete rand key=17638
insert rand key=18880
insert rand key=4061
insert rand key=4553
insert rand key=7613
insert rand key=11258
insert rand key=3995
insert rand key=10398
insert rand key=12524
insert rand key=9129
insert rand key=18831
delete rand key=8372
delete rand key=14511
delete rand key=3160
insert rand key=11670
insert rand key=1830
insert rand key=12770
insert rand key=3934
insert rand key=5428
insert rand key=15039
insert rand key=1517
delete rand key=14819
delete rand key=8860
insert rand key=6459
insert rand key=4073
insert rand key=12403
insert rand key=6860
insert rand key=12999
insert rand key=19742
delete rand key=939
insert rand key=645
insert rand key=13552
insert rand key=15671
insert rand key=12820
insert rand key=8318
insert rand key=777
delete rand key=19944
insert rand key=18131
insert rand key=18490
delete rand key=18922
insert rand key=19279
insert rand key=3575
delete rand key=12377
insert rand key=12714
insert rand key=13364
delete rand key=19591
insert rand key=7668
insert rand key=11750
insert rand key=7873
insert rand key=12014
insert rand key=7259
insert rand key=2779
insert rand key=13978
insert rand key=679
insert rand key=6687
delete rand key=4412
insert rand key=2171
delete rand key=10085
delete rand key=7787
insert rand key=18639
insert rand key=18207
delete rand key=9664
insert rand key=6858
delete rand key=11509
insert rand key=12237
insert rand key=6745
delete rand key=6816
delete rand key=9011
insert rand key=12278
insert rand key=12897
insert rand key=1564
delete rand key=3328
insert rand key=12311
insert rand key=16079
insert rand key=15295
insert rand key=9981
insert rand key=1017
insert rand key=12317
insert rand key=2415
insert rand key=16926
delete rand key=13642
insert rand key=6490
delete rand key=14872
insert rand key=8535
delete rand key=7582
insert rand key=6683
insert rand key=8639
insert rand key=8290
insert rand key=4526
insert rand key=13897
insert rand key=605
insert rand key=16984
delete rand key=488
insert rand key=3519
insert rand key=11596
insert rand key=4939
insert rand key=10845
insert rand key=6489
delete rand key=4938
delete rand key=5590
delete rand key=8339
insert rand key=8273
insert rand key=4746
delete rand key=13172
insert rand key=6630
delete rand key=14853
insert rand key=3109
delete rand key=15576
insert rand key=11901
delete rand key=4669
insert rand key=15601
insert rand key=19412
insert rand key=11255
insert rand key=3818
delete rand key=11638
delete rand key=12604
insert rand key=12365
insert rand key=249
insert rand key=18281
delete rand key=11578
insert rand key=14478
insert rand key=6098
delete rand key=12876
insert rand key=13485
insert rand key=12424
insert rand key=10219
insert rand key=5356
insert rand key=19553
delete rand key=11027
insert rand key=16606
insert rand key=6937
insert rand key=10470
insert rand key=10902
insert rand key=2794
insert rand key=10358
insert rand key=15318
insert rand key=5332
insert rand key=12395
delete rand key=12460
insert rand key=1774
insert rand key=9728
delete rand key=17390
insert rand key=6132
delete rand key=777
insert rand key=495
delete rand key=3501
insert rand key=16823
insert rand key=3341
insert rand key=16859
delete rand key=14183
insert rand key=2904
insert rand key=6131
insert rand key=1390
insert rand key=12384
insert rand key=17763
insert rand key=17770
delete rand key=11026
insert rand key=8956
insert rand key=14985
delete rand key=5779
insert rand key=6048
delete rand key=7269
insert rand key=18720
delete rand key=1549
insert rand key=4017
insert rand key=12305
insert rand key=12540
insert rand key=9556
insert rand key=19499
insert rand key=7420
insert rand key=3390
insert rand key=3002
insert rand key=13074
insert rand key=9106
insert rand key=11898
insert rand key=13820
delete rand key=11416
insert rand key=16395
delete rand key=3633
insert rand key=15730
insert rand key=2732
insert rand key=1216
delete rand key=3767
insert rand key=8321
delete rand key=7882
delete rand key=1727
insert rand key=17767
delete rand key=8970
insert rand key=8954
insert rand key=19579
insert rand key=17326
insert rand key=6770
insert rand key=6681
insert rand key=7383
delete rand key=10613
insert rand key=14019
insert rand key=8623
insert rand key=12733
delete rand key=12395
delete rand key=14225
insert rand key=10602
insert rand key=2950
insert rand key=1029
delete rand key=1519
insert rand key=2309
delete rand key=6342
insert rand key=15471
delete rand key=14931
insert rand key=13209
delete rand key=10699
insert rand key=15983
insert rand key=4843
insert rand key=1663
delete rand key=8384
insert rand key=9949
insert rand key=15251
insert rand key=13952
delete rand key=11449
delete rand key=19790
insert rand key=7203
insert rand key=1894
insert rand key=6365
insert rand key=17396
insert rand key=11380
insert rand key=13462
insert rand key=9931
insert rand key=7891
insert rand key=6638
insert rand key=4627
delete rand key=17081
insert rand key=12062
delete rand key=10398
insert rand key=9740
insert rand key=9445
insert rand key=13326
insert rand key=1749
insert rand key=3627
insert rand key=11951
insert rand key=14047
insert rand key=4803
delete rand key=339
delete rand key=12983
insert rand key=19504
delete rand key=16108
delete rand key=14462
insert rand key=7674
insert rand key=6380
insert rand key=8092
insert rand key=10297
delete rand key=15020
insert rand key=1256
insert rand key=19413
delete rand key=15552
insert rand key=7181
delete rand key=18703
insert rand key=16714
insert rand key=436
insert rand key=5067
insert rand key=10224
insert rand key=17834
insert rand key=7108
insert rand key=7293
insert rand key=1473
delete rand key=8569
delete rand key=7259
insert rand key=7154
insert rand key=4032
insert rand key=2499
insert rand key=18360
insert rand key=3567
delete rand key=5344
insert rand key=17456
insert rand key=11673
insert rand key=14382
insert rand key=19679
delete rand key=9067
delete rand key=2913
insert rand key=1714
insert rand key=13621
delete rand key=6937
insert rand key=9460
delete rand key=3899
insert rand key=9543
delete rand key=15706
delete rand key=14500
delete rand key=15471
insert rand key=17854
insert rand key=19942
delete rand key=9397
delete rand key=19385
delete rand key=4553
delete rand key=9958
insert rand key=7347
insert rand key=1845
insert rand key=11297
delete rand key=18483
delete rand key=943
insert rand key=8800
delete rand key=14455
insert rand key=4644
delete rand key=7271
insert rand key=18343
delete rand key=2356
insert rand key=11870
delete rand key=4770
delete rand key=8290
insert rand key=18276
delete rand key=17545
delete rand key=885
insert rand key=10260
delete rand key=3786
insert rand key=13993
insert rand key=4554
delete rand key=17281
delete rand key=10388
insert rand key=7598
insert rand key=11156
insert rand key=4446
insert rand key=3694
insert rand key=14151
insert rand key=11341
insert rand key=2502
insert rand key=2045
insert rand key=9817
insert rand key=12666
insert rand key=757
insert rand key=1833
insert rand key=12932
insert rand key=11637
insert rand key=15646
insert rand key=7030
insert rand key=13016
insert rand key=11193
delete rand key=10139
insert rand key=12754
insert rand key=19643
insert rand key=11583
delete rand key=6513
insert rand key=6249
insert rand key=6478
insert rand key=12641
delete rand key=15889
insert rand key=15514
insert rand key=17021
insert rand key=14426
insert rand key=9283
delete rand key=16833
insert rand key=19761
insert rand key=12422
insert rand key=16646
insert rand key=16650
insert rand key=3092
insert rand key=12723
insert rand key=4452
insert rand key=18378
insert rand key=9451
delete rand key=7324
insert rand key=17385
insert rand key=8883
delete rand key=495
insert rand key=3740
delete rand key=13967
insert rand key=19216
insert rand key=12840
insert rand key=9008
insert rand key=15175
insert rand key=9346
insert rand key=359
delete rand key=19498
delete rand key=11613
insert rand key=13266
insert rand key=18782
insert rand key=18796
insert rand key=6069
insert rand key=18340
insert rand key=10210
delete rand key=10127
delete rand key=9477
insert rand key=5989
delete rand key=1017
insert rand key=18030
insert rand key=12696
delete rand key=15438
delete rand key=17225
delete rand key=10499
insert rand key=9872
delete rand key=558
insert rand key=5382
insert rand key=5170
insert rand key=15641
delete rand key=11313
insert rand key=19554
insert rand key=3651
delete rand key=716
insert rand key=4104
insert rand key=12968
insert rand key=11528
insert rand key=9371
insert rand key=7033
insert rand key=15349
delete rand key=11259
insert rand key=9545
insert rand key=3589
insert rand key=366
insert rand key=5921
insert rand key=16987
insert rand key=7105
insert rand key=750
delete rand key=14976
delete rand key=276
insert rand key=15098
insert rand key=10202
insert rand key=12309
delete rand key=16076
insert rand key=9669
delete rand key=13978
insert rand key=15096
delete rand key=18639
insert rand key=18062
insert rand key=13885
insert rand key=8255
insert rand key=5002
insert rand key=6512
insert rand key=3513
insert rand key=6711
insert rand key=9780
insert rand key=1398
delete rand key=17767
insert rand key=7796
insert rand key=8875
insert rand key=3123
delete rand key=146
insert rand key=8233
insert rand key=19718
insert rand key=3807
insert rand key=17987
delete rand key=3059
delete rand key=7372
delete rand key=148
delete rand key=9562
insert rand key=19515
delete rand key=2977
delete rand key=2697
delete rand key=10384
insert rand key=15869
delete rand key=310
insert rand key=3997
insert rand key=11421
insert rand key=9557
insert rand key=608
insert rand key=14683
insert rand key=6560
delete rand key=8160
delete rand key=19234
delete rand key=14352
delete rand key=3533
delete rand key=15113
insert rand key=1793
insert rand key=18103
insert rand key=12027
insert rand key=2987
delete rand key=2700
delete rand key=9357
insert rand key=12574
insert rand key=5273
delete rand key=14646
insert rand key=11591
insert rand key=9942
insert rand key=16024
insert rand key=11206
delete rand key=13620
delete rand key=11586
insert rand key=128
insert rand key=3959
insert rand key=12891
delete rand key=2415
delete rand key=4238
delete rand key=15595
delete rand key=252
insert rand key=19767
insert rand key=6866
insert rand key=2966
insert rand key=4210
insert rand key=11711
insert rand key=19940
delete rand key=3645
insert rand key=10771
delete rand key=563
insert rand key=5717
insert rand key=18703
delete rand key=1955
insert rand key=1116
insert rand key=9470
insert rand key=1041
delete rand key=4423
delete rand key=865
insert rand key=8771
delete rand key=10742
insert rand key=3424
delete rand key=6367
insert rand key=13126
insert rand key=12087
insert rand key=5764
insert rand key=19881
insert rand key=16204
insert rand key=2700
insert rand key=10682
insert rand key=12191
delete rand key=19701
insert rand key=13675
delete rand key=18103
delete rand key=4683
insert rand key=13664
insert rand key=13937
insert rand key=6419
delete rand key=12062
insert rand key=4603
insert rand key=13100
insert rand key=7220
insert rand key=7776
insert rand key=8904
insert rand key=3739
insert rand key=8474
insert rand key=8187
insert rand key=8132
insert rand key=13772
insert rand key=10360
insert rand key=18912
insert rand key=17932
insert rand key=9690
insert rand key=13705
insert rand key=17802
insert rand key=17415
delete rand key=15843
delete rand key=1397
insert rand key=17339
insert rand key=10291
insert rand key=11121
insert rand key=17073
insert rand key=13564
delete rand key=18751
insert rand key=13539
insert rand key=13495
insert rand key=3805
insert rand key=11713
insert rand key=8863
insert rand key=9752
insert rand key=384
delete rand key=16064
insert rand key=11646
insert rand key=13461
insert rand key=970
delete rand key=18343
delete rand key=13339
insert rand key=7436
insert rand key=18985
delete rand key=9943
delete rand key=11324
insert rand key=9281
delete rand key=18872
insert rand key=17293
insert rand key=18616
delete rand key=9817
delete rand key=11392
insert rand key=14980
insert rand key=4572
delete rand key=13660
insert rand key=1474
insert rand key=14238
insert rand key=11519
insert rand key=12892
insert rand key=1889
insert rand key=4808
insert rand key=15613
insert rand key=15975
insert rand key=3872
insert rand key=11446
delete rand key=11303
delete rand key=18490
insert rand key=982
insert rand key=9324
insert rand key=4814
delete rand key=19412
delete rand key=10030
insert rand key=11143
insert rand key=2285
delete rand key=8130
insert rand key=3528
insert rand key=4950
insert rand key=6963
insert rand key=1380
insert rand key=14601
insert rand key=3254
insert rand key=13653
delete rand key=11749
delete rand key=634
delete rand key=2483
insert rand key=1855
insert rand key=19904
insert rand key=3603
delete rand key=1668
insert rand key=13581
insert rand key=10949
delete rand key=18232
insert rand key=3152
insert rand key=5167
insert rand key=1369
insert rand key=9038
insert rand key=8848
insert rand key=9551
insert rand key=14850
insert rand key=85
delete rand key=17675
insert rand key=5952
delete rand key=17073
insert rand key=3991
delete rand key=799
insert rand key=14301
insert rand key=17797
delete rand key=13621
insert rand key=1991
delete rand key=7866
insert rand key=1978
delete rand key=2689
insert rand key=11605
insert rand key=15488
insert rand key=9614
insert rand key=7442
delete rand key=5845
insert rand key=6659
insert rand key=12243
delete rand key=8846
insert rand key=17941
delete rand key=2570
delete rand key=5137
insert rand key=1295
delete rand key=3568
delete rand key=2906
insert rand key=6377
delete rand key=7379
insert rand key=17808
delete rand key=11670
insert rand key=3573
insert rand key=1484
delete rand key=10257
insert rand key=15693
delete rand key=2337
insert rand key=16679
delete rand key=13952
insert rand key=1769
delete rand key=8916
insert rand key=12454
delete rand key=6791
insert rand key=17689
insert rand key=1074
delete rand key=15500
insert rand key=12162
insert rand key=6903
delete rand key=19922
insert rand key=2301
insert rand key=12282
insert rand key=9298
insert rand key=17750
insert rand key=19575
insert rand key=18250
delete rand key=4225
insert rand key=609
insert rand key=8579
insert rand key=1165
insert rand key=15034
insert rand key=8964
insert rand key=5809
delete rand key=16255
insert rand key=18269
insert rand key=10393
insert rand key=13078
delete rand key=13884
insert rand key=13657
delete rand key=15318
insert rand key=17828
insert rand key=1316
insert rand key=13264
insert rand key=3953
delete rand key=6230
delete rand key=9545
delete rand key=1567
insert rand key=14922
insert rand key=15513
insert rand key=5966
insert rand key=9406
delete rand key=2045
insert rand key=14017
delete rand key=4313
delete rand key=1888
delete rand key=19266
insert rand key=5929
insert rand key=10530
insert rand key=12859
insert rand key=3502
insert rand key=1684
insert rand key=18149
insert rand key=5144
delete rand key=1575
insert rand key=5492
insert rand key=18818
insert rand key=3034
insert rand key=4505
insert rand key=2094
insert rand key=15032
insert rand key=14976
insert rand key=9429
insert rand key=15900
insert rand key=3846
insert rand key=17698
insert rand key=11465
delete rand key=3780
delete rand key=6742
delete rand key=18466
delete rand key=11945
insert rand key=14152
delete rand key=13379
insert rand key=6106
insert rand key=10535
insert rand key=6181
insert rand key=6507
delete rand key=13748
delete rand key=6692
delete rand key=10393
insert rand key=11970
delete rand key=9445
insert rand key=15854
insert rand key=11437
insert rand key=13132
insert rand key=5697
delete rand key=2496
delete rand key=1282
delete rand key=14652
insert rand key=3339
delete rand key=1830
insert rand key=13309
insert rand key=12562
delete rand key=10879
delete rand key=6392
insert rand key=580
delete rand key=10123
insert rand key=11543
insert rand key=5808
insert rand key=12451
delete rand key=19279
insert rand key=14490
delete rand key=12685
insert rand key=7403
insert rand key=6451
insert rand key=6690
insert rand key=18542
insert rand key=2093
insert rand key=10261
delete rand key=5682
delete rand key=6863
delete rand key=4279
insert rand key=10025
insert rand key=12434
delete rand key=8707
insert rand key=11461
insert rand key=7769
insert rand key=13712
insert rand key=16704
insert rand key=3189
insert rand key=7444
delete rand key=18776
insert rand key=15204
delete rand key=19196
delete rand key=1173
insert rand key=5617
insert rand key=4281
insert rand key=8487
insert rand key=5976
insert rand key=2451
insert rand key=7248
insert rand key=5225
insert rand key=18185
insert rand key=18571
insert rand key=11852
insert rand key=18623
insert rand key=1453
delete rand key=9701
delete rand key=18720
insert rand key=9098
insert rand key=4172
delete rand key=15554
delete rand key=10331
insert rand key=2414
insert rand key=7377
delete rand key=6419
insert rand key=17664
insert rand key=898
delete rand key=5554
delete rand key=17293
insert rand key=11343
insert rand key=695
insert rand key=818
insert rand key=677
insert rand key=2589
insert rand key=16705
delete rand key=6622
insert rand key=3952
delete rand key=11076
insert rand key=7708
delete rand key=5289
delete rand key=1386
delete rand key=18121
insert rand key=8213
insert rand key=18080
insert rand key=13780
delete rand key=9448
insert rand key=18584
insert rand key=6693
delete rand key=13132
insert rand key=11861
insert rand key=1349
insert rand key=15068
delete rand key=18538
insert rand key=5554
insert rand key=9983
insert rand key=10181
insert rand key=19867
delete rand key=5991
insert rand key=8740
delete rand key=12989
delete rand key=18405
delete rand key=1256
delete rand key=12780
insert rand key=7152
insert rand key=6716
delete rand key=12191
delete rand key=15786
insert rand key=5656
insert rand key=15838
delete rand key=7430
delete rand key=703
delete rand key=7137
insert rand key=16010
insert rand key=17725
insert rand key=8742
insert rand key=18805
insert rand key=8501
insert rand key=6136
insert rand key=8758
delete rand key=11334
delete rand key=2800
insert rand key=1202
insert rand key=11883
insert rand key=1843
insert rand key=9483
insert rand key=5792
insert rand key=2650
insert rand key=14704
insert rand key=4720
delete rand key=16876
insert rand key=19995
delete rand key=18406
delete rand key=9391
insert rand key=16778
delete rand key=4031
delete rand key=1327
insert rand key=14870
delete rand key=228
delete rand key=16658
insert rand key=6562
delete rand key=4957
insert rand key=4146
insert rand key=16419
delete rand key=4111
insert rand key=6720
insert rand key=5411
delete rand key=19815
delete rand key=10120
insert rand key=16821
insert rand key=17359
insert rand key=11396
insert rand key=5529
insert rand key=6467
delete rand key=14773
insert rand key=19808
delete rand key=5409
delete rand key=3249
insert rand key=12310
insert rand key=19356
insert rand key=6075
delete rand key=14017
delete rand key=15983
insert rand key=6726
insert rand key=14513
insert rand key=10497
insert rand key=3842
insert rand key=11092
delete rand key=18147
delete rand key=3266
insert rand key=1555
delete rand key=17522
insert rand key=11871
insert rand key=13387
insert rand key=16979
insert rand key=12028
delete rand key=1149
insert rand key=5058
insert rand key=600
delete rand key=1703
insert rand key=15799
delete rand key=8779
delete rand key=18772
delete rand key=19956
delete rand key=15730
insert rand key=2513
insert rand key=18301
insert rand key=5716
delete rand key=14796
insert rand key=11153
delete rand key=12911
insert rand key=12951
delete rand key=5393
delete rand key=14246
delete rand key=19293
insert rand key=16194
insert rand key=15464
delete rand key=17005
insert rand key=15388
insert rand key=5838
insert rand key=18870
insert rand key=10984
insert rand key=13257
delete rand key=3305
insert rand key=4065
insert rand key=19470
delete rand key=16088
insert rand key=9166
insert rand key=15063
insert rand key=9170
insert rand key=7712
delete rand key=856
insert rand key=12689
insert rand key=12020
insert rand key=15968
insert rand key=15257
delete rand key=8273
insert rand key=16958
delete rand key=5107
delete rand key=14309
delete rand key=15898
insert rand key=3244
delete rand key=1220
delete rand key=3528
delete rand key=4401
delete rand key=7651
insert rand key=4357
insert rand key=8820
insert rand key=9345
delete rand key=7659
insert rand key=817
insert rand key=6162
delete rand key=17227
insert rand key=9589
insert rand key=14437
insert rand key=16294
insert rand key=9325
insert rand key=2637
insert rand key=8327
insert rand key=2396
insert rand key=14372
insert rand key=15201
insert rand key=16223
delete rand key=6866
insert rand key=4156
insert rand key=3170
insert rand key=7340
insert rand key=7829
insert rand key=1948
delete rand key=11738
delete rand key=4398
insert rand key=9709
insert rand key=13389
insert rand key=14715
insert rand key=14724
insert rand key=1568
insert rand key=19327
insert rand key=9416
delete rand key=17733
insert rand key=380
insert rand key=16744
delete rand key=6662
insert rand key=10951
insert rand key=3811
insert rand key=13602
insert rand key=12889
insert rand key=5898
delete rand key=19826
insert rand key=5845
delete rand key=14979
delete rand key=10772
insert rand key=11365
delete rand key=14986
delete rand key=9168
insert rand key=13000
insert rand key=5873
insert rand key=16343
insert rand key=1004
delete rand key=3339
delete rand key=2916
insert rand key=3465
insert rand key=15007
delete rand key=7181
insert rand key=19672
delete rand key=13968
insert rand key=2155
insert rand key=19008
delete rand key=1050
delete rand key=6770
insert rand key=9585
delete rand key=19718
delete rand key=6668
insert rand key=6652
insert rand key=7263
delete rand key=13399
insert rand key=19636
insert rand key=2611
insert rand key=56
insert rand key=8140
insert rand key=7895
insert rand key=9604
delete rand key=6560
insert rand key=15850
insert rand key=4909
insert rand key=16152
insert rand key=3779
insert rand key=2019
insert rand key=11257
insert rand key=258
delete rand key=13031
delete rand key=10337
delete rand key=18739
insert rand key=7977
insert rand key=3035
insert rand key=7777
delete rand key=13885
delete rand key=4893
delete rand key=12384
insert rand key=1431
insert rand key=2059
insert rand key=17911
insert rand key=19973
insert rand key=4749
delete rand key=2551
insert rand key=2091
insert rand key=5341
delete rand key=19707
delete rand key=10219
insert rand key=17074
delete rand key=12249
delete rand key=14235
delete rand key=11479
insert rand key=14828
insert rand key=13345
delete rand key=18863
delete rand key=12549
delete rand key=10183
delete rand key=16882
delete rand key=12715
insert rand key=17861
insert rand key=10232
insert rand key=16135
delete rand key=14724
delete rand key=18956
delete rand key=2314
delete rand key=7047
insert rand key=2061
delete rand key=5898
insert rand key=9853
insert rand key=11774
insert rand key=16245
delete rand key=18322
insert rand key=4586
insert rand key=13095
insert rand key=10221
delete rand key=5240
delete rand key=6831
delete rand key=9207
insert rand key=19656
delete rand key=13814
insert rand key=2493
insert rand key=8508
delete rand key=6056
delete rand key=10224
insert rand key=2962
insert rand key=15160
insert rand key=15558
insert rand key=8053
insert rand key=10121
insert rand key=16304
insert rand key=14259
delete rand key=12615
insert rand key=5053
insert rand key=4975
insert rand key=2097
delete rand key=12175
insert rand key=19990
delete rand key=9106
insert rand key=17460
insert rand key=9387
delete rand key=15160
delete rand key=3524
delete rand key=8820
insert rand key=4399
insert rand key=11521
insert rand key=7820
insert rand key=3665
insert rand key=4328
insert rand key=5463
insert rand key=13024
insert rand key=10577
insert rand key=15746
delete rand key=19261
insert rand key=864
insert rand key=684
insert rand key=9378
insert rand key=3113
insert rand key=10312
insert rand key=5196
insert rand key=6407
insert rand key=4718
insert rand key=2299
insert rand key=13933
insert rand key=18216
insert rand key=16276
insert rand key=7231
delete rand key=11305
delete rand key=14427
insert rand key=8
insert rand key=1470
insert rand key=1556
insert rand key=16642
insert rand key=5089
delete rand key=3301
insert rand key=2725
delete rand key=19149
insert rand key=4840
insert rand key=14543
delete rand key=11424
delete rand key=11880
insert rand key=16284
insert rand key=2487
insert rand key=5007
insert rand key=14645
insert rand key=804
insert rand key=866
delete rand key=16778
insert rand key=13042
delete rand key=12280
insert rand key=15305
insert rand key=10097
insert rand key=18561
delete rand key=5058
insert rand key=2153
insert rand key=9707
insert rand key=9231
insert rand key=8204
insert rand key=17653
insert rand key=9695
insert rand key=12173
insert rand key=9850
delete rand key=9560
insert rand key=7889
insert rand key=18193
insert rand key=6504
insert rand key=9735
insert rand key=11682
delete rand key=8474
insert rand key=17809
insert rand key=19141
insert rand key=1746
delete rand key=9417
delete rand key=7482
insert rand key=15145
insert rand key=2897
delete rand key=7067
insert rand key=1636
insert rand key=16728
insert rand key=6582
insert rand key=4804
insert rand key=7665
insert rand key=16061
insert rand key=13146
delete rand key=12939
insert rand key=892
insert rand key=433
delete rand key=12797
insert rand key=12163
insert rand key=6085
delete rand key=2582
insert rand key=10848
insert rand key=16594
delete rand key=13976
delete rand key=361
insert rand key=10912
delete rand key=18198
delete rand key=19021
insert rand key=7168
delete rand key=13386
insert rand key=16771
delete rand key=11297
insert rand key=17169
insert rand key=10967
insert rand key=15781
delete rand key=15286
delete rand key=5004
insert rand key=8352
delete rand key=2019
delete rand key=14449
delete rand key=9325
insert rand key=3168
insert rand key=10765
insert rand key=10466
insert rand key=1971
delete rand key=10256
insert rand key=19430
delete rand key=12305
delete rand key=10279
insert rand key=4761
delete rand key=16242
insert rand key=18862
insert rand key=11831
insert rand key=8898
insert rand key=17843
insert rand key=18401
delete rand key=18159
insert rand key=19635
insert rand key=5118
insert rand key=15817
insert rand key=15568
delete rand key=329
insert rand key=2670
insert rand key=5085
insert rand key=17075
insert rand key=2813
delete rand key=13416
insert rand key=10616
delete rand key=10119
delete rand key=10912
insert rand key=11758
insert rand key=9066
delete rand key=18174
insert rand key=15461
insert rand key=6008
insert rand key=1009
insert rand key=14581
insert rand key=4115
insert rand key=5646
insert rand key=16485
delete rand key=6812
delete rand key=10765
insert rand key=15469
delete rand key=15746
delete rand key=18675
insert rand key=16185
delete rand key=19982
insert rand key=3970
insert rand key=5108
insert rand key=15716
delete rand key=2612
insert rand key=18255
delete rand key=2772
insert rand key=13268
delete rand key=17406
insert rand key=4696
insert rand key=14346
insert rand key=4385
insert rand key=9781
insert rand key=12189
insert rand key=124
insert rand key=5626
insert rand key=2201
delete rand key=16461
insert rand key=2944
insert rand key=14155
insert rand key=4191
insert rand key=8302
insert rand key=13200
insert rand key=19494
delete rand key=15063
insert rand key=14595
insert rand key=4665
insert rand key=7871
delete rand key=6772
delete rand key=13595
delete rand key=15641
insert rand key=10321
insert rand key=6062
delete rand key=13696
insert rand key=10900
insert rand key=16802
insert rand key=13088
delete rand key=16802
delete rand key=2009
insert rand key=2481
delete rand key=10845
insert rand key=3373
insert rand key=18636
insert rand key=1119
insert rand key=12610
insert rand key=8229
insert rand key=15127
delete rand key=18224
delete rand key=5529
insert rand key=16148
insert rand key=3481
insert rand key=5402
insert rand key=17161
insert rand key=12991
insert rand key=15467
delete rand key=6467
delete rand key=6638
insert rand key=3283
insert rand key=4813
insert rand key=2571
delete rand key=14237
insert rand key=10846
insert rand key=14960
delete rand key=1552
insert rand key=14804
delete rand key=4788
delete rand key=6541
insert rand key=12910
insert rand key=19127
insert rand key=3408
insert rand key=5357
delete rand key=2141
insert rand key=14386
insert rand key=14074
insert rand key=18381
insert rand key=8271
insert rand key=10638
insert rand key=816
delete rand key=6083
insert rand key=12764
delete rand key=6591
delete rand key=5697
insert rand key=9993
delete rand key=4357
insert rand key=5620
insert rand key=2318
insert rand key=10750
delete rand key=9827
insert rand key=11110
delete rand key=5341
insert rand key=457
insert rand key=356
insert rand key=16129
insert rand key=16220
delete rand key=2318
insert rand key=7910
insert rand key=7329
insert rand key=9087
insert rand key=9639
delete rand key=12754
insert rand key=12535
insert rand key=4943
insert rand key=18610
insert rand key=12973
delete rand key=1564
insert rand key=5001
delete rand key=4624
delete rand key=4446
insert rand key=16357
insert rand key=12773
insert rand key=8761
insert rand key=13431
insert rand key=13415
delete rand key=2609
insert rand key=16342
insert rand key=2993
insert rand key=19759
insert rand key=962
insert rand key=6613
delete rand key=4353
delete rand key=2020
insert rand key=3499
insert rand key=9702
insert rand key=9199
insert rand key=174
insert rand key=15479
delete rand key=4227
insert rand key=7188
insert rand key=3777
insert rand key=17787
insert rand key=14959
insert rand key=8783
delete rand key=1895
delete rand key=16585
delete rand key=9346
insert rand key=7562
insert rand key=1065
insert rand key=9431
insert rand key=348
delete rand key=2271
delete rand key=12986
delete rand key=14142
insert rand key=10765
delete rand key=8964
insert rand key=2134
insert rand key=11248
insert rand key=4936
insert rand key=19097
insert rand key=8398
delete rand key=9557
insert rand key=4751
insert rand key=3656
insert rand key=16920
insert rand key=8931
insert rand key=8384
delete rand key=13926
delete rand key=16078
insert rand key=10366
insert rand key=18329
delete rand key=9151
insert rand key=10983
delete rand key=8626
insert rand key=9389
delete rand key=2246
insert rand key=7259
delete rand key=16713
insert rand key=4331
delete rand key=3778
insert rand key=2050
insert rand key=11071
insert rand key=18760
insert rand key=17406
delete rand key=14358
insert rand key=2251
insert rand key=15677
delete rand key=12973
delete rand key=10114
insert rand key=12133
insert rand key=15687
insert rand key=8330
insert rand key=6063
insert rand key=14325
delete rand key=18027
insert rand key=7656
insert rand key=12253
insert rand key=273
insert rand key=5426
insert rand key=12536
delete rand key=6590
insert rand key=18099
delete rand key=6194
delete rand key=11918
insert rand key=5829
delete rand key=5626
delete rand key=4627
insert rand key=15551
delete rand key=18030
insert rand key=8353
insert rand key=12525
delete rand key=14089
delete rand key=9650
delete rand key=12448
insert rand key=9726
delete rand key=7600
delete rand key=16847
delete rand key=7796
delete rand key=9816
insert rand key=18564
insert rand key=9628
delete rand key=1653
insert rand key=16826
delete rand key=15201
insert rand key=6791
insert rand key=16815
insert rand key=18681
delete rand key=7105
delete rand key=1526
insert rand key=13966
insert rand key=4063
insert rand key=2509
insert rand key=9746
delete rand key=17387
insert rand key=18290
delete rand key=5050
insert rand key=2354
insert rand key=11788
delete rand key=3127
insert rand key=3242
delete rand key=18026
insert rand key=9941
delete rand key=18456
delete rand key=19200
insert rand key=8697
delete rand key=1660
insert rand key=1011
delete rand key=3759
delete rand key=8903
insert rand key=7379
delete rand key=7495
insert rand key=2599
insert rand key=6050
insert rand key=12335
delete rand key=494
insert rand key=12519
delete rand key=6736
insert rand key=14246
insert rand key=12885
insert rand key=2312
insert rand key=19800
insert rand key=16359
delete rand key=7734
insert rand key=3118
insert rand key=15616
delete rand key=18187
delete rand key=6238
insert rand key=13739
insert rand key=4019
delete rand key=7212
delete rand key=5691
insert rand key=9764
insert rand key=19773
delete rand key=7873
insert rand key=19577
delete rand key=18859
insert rand key=16248
delete rand key=16395
delete rand key=11019
insert rand key=11719
insert rand key=15870
insert rand key=13556
delete rand key=9733
delete rand key=14571
insert rand key=11838
delete rand key=13195
insert rand key=19024
insert rand key=1204
delete rand key=15592
insert rand key=139
insert rand key=5480
insert rand key=3682
insert rand key=196
insert rand key=2122
insert rand key=14131
delete rand key=5442
insert rand key=2145
insert rand key=8808
insert rand key=8820
delete rand key=7502
insert rand key=1648
insert rand key=5741
delete rand key=10221
insert rand key=16073
delete rand key=16010
insert rand key=13522
insert rand key=8807
insert rand key=130
delete rand key=8342
insert rand key=229
delete rand key=6652
insert rand key=10186
delete rand key=6456
insert rand key=14028
insert rand key=18385
insert rand key=9108
insert rand key=16680
insert rand key=6657
insert rand key=16556
delete rand key=14131
insert rand key=18358
insert rand key=3435
insert rand key=3677
insert rand key=2530
insert rand key=403
delete rand key=15482
insert rand key=6340
insert rand key=2801
insert rand key=13534
insert rand key=18465
delete rand key=13801
delete rand key=3387
insert rand key=10245
delete rand key=18760
delete rand key=15548
delete rand key=8156
delete rand key=17725
insert rand key=9145
insert rand key=7949
insert rand key=15556
insert rand key=976
delete rand key=17106
delete rand key=13610
delete rand key=5482
insert rand key=9466
delete rand key=11986
insert rand key=15374
insert rand key=13570
delete rand key=10574
insert rand key=639
insert rand key=19737
delete rand key=7311
delete rand key=4845
insert rand key=12217
delete rand key=12041
insert rand key=6436
delete rand key=15469
delete rand key=5842
delete rand key=2145
delete rand key=853
delete rand key=12237
insert rand key=7919
delete rand key=5915
insert rand key=8014
insert rand key=9775
delete rand key=1606
insert rand key=2679
insert rand key=318
insert rand key=4425
delete rand key=3434
insert rand key=15471
delete rand key=18063
insert rand key=14088
insert rand key=11481
insert rand key=14038
delete rand key=13912
delete rand key=18839
insert rand key=2758
delete rand key=7369
insert rand key=13500
insert rand key=7202
insert rand key=16192
insert rand key=11762
delete rand key=9843
insert rand key=14958
insert rand key=160
insert rand key=10215
insert rand key=15365
insert rand key=13525
delete rand key=18654
insert rand key=16882
delete rand key=16744
delete rand key=13761
insert rand key=876
delete rand key=10116
insert rand key=17633
insert rand key=3784
insert rand key=16350
delete rand key=16920
insert rand key=2362
insert rand key=17702
insert rand key=7345
insert rand key=8227
insert rand key=17312
insert rand key=13892
delete rand key=6037
delete rand key=12535
insert rand key=373
insert rand key=12261
insert rand key=18383
delete rand key=16151
delete rand key=10306
insert rand key=12560
delete rand key=8233
insert rand key=4784
delete rand key=12
insert rand key=8489
insert rand key=19224
insert rand key=15934
insert rand key=13272
insert rand key=2529
insert rand key=16019
insert rand key=6446
insert rand key=14839
delete rand key=12203
insert rand key=4895
delete rand key=1663
delete rand key=15899
insert rand key=18634
insert rand key=8514
insert rand key=15485
insert rand key=5993
delete rand key=16580
delete rand key=9981
delete rand key=2292
insert rand key=13342
insert rand key=13852
delete rand key=9853
delete rand key=18
insert rand key=3851
delete rand key=1532
delete rand key=2206
insert rand key=5837
delete rand key=19592
insert rand key=1071
delete rand key=6162
insert rand key=13517
delete rand key=1238
delete rand key=6760
delete rand key=555
insert rand key=12198
delete rand key=1554
insert rand key=15756
insert rand key=9060
insert rand key=10411
delete rand key=7643
insert rand key=15928
insert rand key=16140
insert rand key=16524
insert rand key=14782
insert rand key=361
insert rand key=8977
delete rand key=85
insert rand key=467
delete rand key=14683
insert rand key=9124
insert rand key=6852
delete rand key=15612
delete rand key=545
delete rand key=18485
insert rand key=19245
delete rand key=5001
insert rand key=5289
delete rand key=15365
insert rand key=12553
delete rand key=18425
insert rand key=3948
insert rand key=10345
insert rand key=15197
delete rand key=11884
delete rand key=13309
delete rand key=12633
delete rand key=18989
insert rand key=11335
insert rand key=5509
delete rand key=10025
insert rand key=16244
delete rand key=15709
insert rand key=203
insert rand key=11066
insert rand key=15181
delete rand key=16766
insert rand key=17716
insert rand key=8835
insert rand key=5387
delete rand key=5717
delete rand key=3427
insert rand key=8997
insert rand key=14099
delete rand key=8865
delete rand key=18898
insert rand key=15112
insert rand key=5885
delete rand key=6808
insert rand key=16151
delete rand key=15021
insert rand key=5099
delete rand key=261
insert rand key=12996
delete rand key=18564
insert rand key=7419
delete rand key=10470
insert rand key=4376
delete rand key=12027
insert rand key=13755
insert rand key=11398
delete rand key=11998
insert rand key=5442
delete rand key=19024
insert rand key=2655
insert rand key=11911
insert rand key=13446
insert rand key=13691
insert rand key=5589
insert rand key=16411
delete rand key=7607
insert rand key=6861
insert rand key=4353
delete rand key=3626
insert rand key=11586
insert rand key=4568
insert rand key=13020
delete rand key=7392
insert rand key=11949
insert rand key=12382
insert rand key=11254
insert rand key=18300
insert rand key=19077
insert rand key=977
insert rand key=13263
delete rand key=2475
insert rand key=1790
delete rand key=9627
insert rand key=16141
insert rand key=8242
insert rand key=10394
insert rand key=12362
insert rand key=9252
insert rand key=15433
insert rand key=11412
insert rand key=8897
insert rand key=5074
insert rand key=4806
delete rand key=2201
insert rand key=13727
insert rand key=14077
insert rand key=8890
insert rand key=7025
delete rand key=18180
delete rand key=3878
insert rand key=675
delete rand key=13657
insert rand key=13386
delete rand key=4824
insert rand key=8739
delete rand key=4813
insert rand key=8678
insert rand key=739
insert rand key=19181
delete rand key=9908
insert rand key=8001
delete rand key=12217
delete rand key=3956
insert rand key=4596
delete rand key=2626
delete rand key=15968
insert rand key=10565
delete rand key=7442
delete rand key=7895
insert rand key=15046
insert rand key=19138
delete rand key=1659
insert rand key=15224
insert rand key=18461
insert rand key=14270
delete rand key=2443
insert rand key=6783
insert rand key=11056
insert rand key=13482
insert rand key=18001
insert rand key=13625
delete rand key=6131
insert rand key=14514
insert rand key=16088
insert rand key=8889
delete rand key=8363
insert rand key=2843
insert rand key=9178
delete rand key=9949
insert rand key=19913
insert rand key=16122
delete rand key=13972
delete rand key=5809
insert rand key=16175
insert rand key=16954
delete rand key=4772
delete rand key=19202
insert rand key=8172
insert rand key=12080
insert rand key=13436
delete rand key=15098
delete rand key=1389
insert rand key=15516
insert rand key=14066
delete rand key=18131
insert rand key=7366
insert rand key=16328
insert rand key=3871
insert rand key=13109
insert rand key=19007
delete rand key=3665
insert rand key=13878
delete rand key=13564
insert rand key=3976
insert rand key=4122
delete rand key=14520
insert rand key=9767
insert rand key=1023
delete rand key=5875
insert rand key=7543
insert rand key=18336
insert rand key=8392
insert rand key=4752
insert rand key=13628
insert rand key=18324
insert rand key=15043
insert rand key=14937
delete rand key=5141
delete rand key=12631
insert rand key=8432
delete rand key=15202
insert rand key=14762
insert rand key=5985
insert rand key=8528
insert rand key=11865
insert rand key=15650
insert rand key=17157
insert rand key=13059
insert rand key=14118
insert rand key=11271
insert rand key=16652
insert rand key=12526
delete rand key=10181
delete rand key=17157
insert rand key=12806
delete rand key=12525
delete rand key=19218
insert rand key=11654
delete rand key=11621
insert rand key=3708
insert rand key=15446
insert rand key=1355
insert rand key=11305
delete rand key=9113
insert rand key=3131
delete rand key=11421
delete rand key=19579
delete rand key=16353
delete rand key=5811
insert rand key=13787
delete rand key=16271
insert rand key=6262
delete rand key=4921
insert rand key=294
delete rand key=18080
insert rand key=14647
insert rand key=11464
insert rand key=18864
delete rand key=13264
delete rand key=8639
delete rand key=7637
insert rand key=3404
insert rand key=3143
insert rand key=7349
delete rand key=13059
insert rand key=18309
delete rand key=10255
insert rand key=3686
insert rand key=12172
delete rand key=18096
insert rand key=316
delete rand key=5047
insert rand key=12047
delete rand key=11271
delete rand key=9038
delete rand key=160
delete rand key=4554
insert rand key=19152
delete rand key=4309
delete rand key=567
delete rand key=15644
delete rand key=5845
delete rand key=11804
insert rand key=2597
delete rand key=5173
insert rand key=7058
insert rand key=8102
insert rand key=3856
insert rand key=11287
insert rand key=13158
insert rand key=2834
insert rand key=8572
delete rand key=2362
insert rand key=854
delete rand key=3997
insert rand key=7730
delete rand key=3131
delete rand key=19519
insert rand key=2164
delete rand key=11426
insert rand key=44
insert rand key=17044
delete rand key=14019
delete rand key=9294
delete rand key=13272
delete rand key=9685
insert rand key=5100
insert rand key=10647
insert rand key=15393
insert rand key=9180
insert rand key=19992
insert rand key=11541
insert rand key=7322
delete rand key=5998
insert rand key=5793
delete rand key=19614
insert rand key=989
insert rand key=504
insert rand key=6799
insert rand key=18844
insert rand key=18609
delete rand key=16538
insert rand key=514
delete rand key=14828
insert rand key=12152
insert rand key=19573
delete rand key=8891
insert rand key=9181
delete rand key=5414
delete rand key=1306
insert rand key=11653
delete rand key=15345
insert rand key=8539
delete rand key=17142
insert rand key=10116
delete rand key=9877
delete rand key=7660
insert rand key=14551
insert rand key=8722
insert rand key=4048
delete rand key=17574
delete rand key=950
insert rand key=11417
insert rand key=16516
delete rand key=9086
delete rand key=15613
insert rand key=2358
delete rand key=12001
delete rand key=18193
delete rand key=17965
insert rand key=6463
insert rand key=8596
delete rand key=14
delete rand key=8427
delete rand key=10798
insert rand key=17783
delete rand key=2349
insert rand key=1248
delete rand key=5593
insert rand key=1081
insert rand key=16107
insert rand key=15909
delete rand key=11711
insert rand key=13514
insert rand key=8669
delete rand key=8630
insert rand key=13981
insert rand key=17146
delete rand key=14144
insert rand key=1809
insert rand key=11488
insert rand key=9428
insert rand key=18541
insert rand key=13635
insert rand key=18404
insert rand key=19045
insert rand key=8816
insert rand key=17013
insert rand key=4067
insert rand key=1550
insert rand key=16898
delete rand key=3293
delete rand key=2650
insert rand key=12590
delete rand key=13915
insert rand key=14535
insert rand key=5139
insert rand key=7442
insert rand key=9910
delete rand key=7522
insert rand key=566
insert rand key=10230
delete rand key=19447
delete rand key=10304
insert rand key=10917
insert rand key=5598
insert rand key=11425
insert rand key=10330
insert rand key=19260
delete rand key=7192
insert rand key=5493
insert rand key=19675
insert rand key=13097
delete rand key=5037
insert rand key=2873
insert rand key=14281
insert rand key=4275
insert rand key=19058
insert rand key=5091
delete rand key=14659
insert rand key=2165
delete rand key=18022
delete rand key=19486
insert rand key=1781
insert rand key=3539
insert rand key=5618
insert rand key=16273
delete rand key=12773
delete rand key=9954
delete rand key=14426
delete rand key=6829
insert rand key=10216
insert rand key=17495
insert rand key=16191
insert rand key=8450
delete rand key=13829
insert rand key=15980
insert rand key=16776
insert rand key=1633
delete rand key=5575
insert rand key=1976
delete rand key=469
insert rand key=13378
insert rand key=10176
insert rand key=13654
insert rand key=5840
insert rand key=5954
insert rand key=5662
insert rand key=1230
insert rand key=3418
insert rand key=3985
delete rand key=9390
insert rand key=8453
insert rand key=5505
insert rand key=11786
insert rand key=7745
delete rand key=11291
delete rand key=3807
insert rand key=10879
insert rand key=1677
insert rand key=13805
insert rand key=5937
insert rand key=3733
insert rand key=13795
delete rand key=1203
insert rand key=18678
delete rand key=8656
delete rand key=5954
insert rand key=806
delete rand key=17075
insert rand key=984
delete rand key=4518
insert rand key=9294
insert rand key=14192
insert rand key=17227
insert rand key=18254
insert rand key=4406
insert rand key=7859
insert rand key=18311
delete rand key=10164
delete rand key=15111
insert rand key=16855
insert rand key=16660
delete rand key=17922
delete rand key=12840
insert rand key=18744
delete rand key=19384
delete rand key=7769
delete rand key=12351
delete rand key=1897
insert rand key=16537
insert rand key=840
insert rand key=430
insert rand key=14008
insert rand key=7136
insert rand key=2032
insert rand key=17566
delete rand key=12972
insert rand key=8232
insert rand key=5623
delete rand key=6726
insert rand key=6642
insert rand key=5653
delete rand key=13852
delete rand key=12882
delete rand key=6728
delete rand key=15074
delete rand key=14977
insert rand key=10031
insert rand key=18145
insert rand key=14373
delete rand key=19953
insert rand key=11849
insert rand key=7739
delete rand key=2227
delete rand key=9934
insert rand key=8006
delete rand key=17373
delete rand key=2987
insert rand key=13399
delete rand key=19127
insert rand key=1379
delete rand key=16503
delete rand key=18725
delete rand key=19390
insert rand key=10825
insert rand key=9367
insert rand key=7831
delete rand key=14274
insert rand key=9897
delete rand key=5314
delete rand key=15485
delete rand key=8923
delete rand key=7842
delete rand key=16776
insert rand key=3614
insert rand key=3555
delete rand key=11543
insert rand key=11240
delete rand key=9299
delete rand key=684
delete rand key=1697
insert rand key=16698
delete rand key=13177
delete rand key=15733
insert rand key=14059
insert rand key=7938
delete rand key=4156
insert rand key=19232
insert rand key=14315
insert rand key=15543
insert rand key=2531
delete rand key=15106
insert rand key=11034
delete rand key=2733
delete rand key=10216
insert rand key=14166
insert rand key=16361
delete rand key=15854
delete rand key=11014
delete rand key=18155
delete rand key=17989
delete rand key=13094
delete rand key=4738
delete rand key=5622
delete rand key=8172
delete rand key=19479
delete rand key=6753
insert rand key=17584
insert rand key=2527
insert rand key=2691
insert rand key=8656
insert rand key=9563
delete rand key=14461
delete rand key=19077
delete rand key=11951
delete rand key=12562
delete rand key=10302
insert rand key=6525
insert rand key=12934
delete rand key=3678
insert rand key=19120
delete rand key=10268
delete rand key=6642
insert rand key=16995
insert rand key=4874
delete rand key=3757
insert rand key=6401
delete rand key=9503
delete rand key=19567
insert rand key=10513
delete rand key=15105
insert rand key=14668
insert rand key=6140
insert rand key=12410
delete rand key=6663
insert rand key=19835
insert rand key=10725
delete rand key=1708
insert rand key=12009
delete rand key=1230
insert rand key=19290
delete rand key=12312
insert rand key=1271
delete rand key=11949
delete rand key=851
delete rand key=2691
delete rand key=12037
insert rand key=14396
insert rand key=704
delete rand key=4718
delete rand key=8321
insert rand key=11826
insert rand key=2726
delete rand key=18340
insert rand key=3742
insert rand key=12327
delete rand key=6050
delete rand key=19076
insert rand key=14895
insert rand key=11791
delete rand key=3410
delete rand key=5589
delete rand key=11554
insert rand key=19589
delete rand key=17533
delete rand key=11310
insert rand key=19907
insert rand key=14950
delete rand key=14246
insert rand key=18662
insert rand key=17280
insert rand key=3583
insert rand key=3272
delete rand key=12412
delete rand key=19058
insert rand key=12259
insert rand key=13629
delete rand key=13634
delete rand key=3924
insert rand key=4229
insert rand key=11595
insert rand key=15782
insert rand key=181
insert rand key=10337
delete rand key=19507
delete rand key=14762
delete rand key=17107
insert rand key=15824
insert rand key=329
insert rand key=12778
insert rand key=17127
insert rand key=9291
insert rand key=8373
insert rand key=2991
insert rand key=9815
insert rand key=191
insert rand key=5589
insert rand key=8024
insert rand key=15184
insert rand key=9584
insert rand key=12559
delete rand key=3784
insert rand key=11087
insert rand key=5025
insert rand key=902
delete rand key=10766
delete rand key=4435
delete rand key=18790
insert rand key=7660
delete rand key=10196
insert rand key=11553
delete rand key=16771
insert rand key=10927
insert rand key=11979
insert rand key=19678
insert rand key=10267
delete rand key=15461
delete rand key=19255
insert rand key=19383
insert rand key=2200
insert rand key=14471
insert rand key=10899
insert rand key=1950
insert rand key=1211
delete rand key=12002
insert rand key=6472
delete rand key=10068
delete rand key=12843
delete rand key=8972
insert rand key=2667
delete rand key=5509
delete rand key=10879
insert rand key=8814
delete rand key=15802
delete rand key=398
insert rand key=17954
delete rand key=15685
delete rand key=13584
insert rand key=3496
delete rand key=7892
delete rand key=10261
insert rand key=15555
delete rand key=1364
delete rand key=18156
insert rand key=16453
insert rand key=5971
delete rand key=1769
insert rand key=1072
insert rand key=18227
insert rand key=15407
delete rand key=1950
delete rand key=5829
insert rand key=10138
insert rand key=4303
delete rand key=11066
delete rand key=3141
insert rand key=6178
insert rand key=6587
insert rand key=1033
insert rand key=2406
insert rand key=19619
delete rand key=12764
insert rand key=14489
delete rand key=3603
insert rand key=9290
insert rand key=12577
insert rand key=9677
delete rand key=13398
insert rand key=19968
insert rand key=1608
insert rand key=15797
insert rand key=19824
insert rand key=6455
insert rand key=16649
insert rand key=17488
insert rand key=10475
insert rand key=4361
insert rand key=8778
insert rand key=14058
insert rand key=7611
insert rand key=10734
delete rand key=9129
insert rand key=6414
insert rand key=17431
insert rand key=2024
insert rand key=930
insert rand key=4873
delete rand key=7436
insert rand key=2426
delete rand key=13795
insert rand key=16897
delete rand key=15616
delete rand key=15900
insert rand key=10455
insert rand key=9119
delete rand key=19216
insert rand key=11314
delete rand key=2865
delete rand key=11750
delete rand key=15204
insert rand key=12863
insert rand key=11177
delete rand key=196
delete rand key=8697
delete rand key=8103
delete rand key=3846
delete rand key=13934
delete rand key=6852
delete rand key=6098
insert rand key=13221
insert rand key=482
delete rand key=18762
delete rand key=19470
insert rand key=7705
delete rand key=12454
delete rand key=13268
delete rand key=6977
insert rand key=5918
insert rand key=17440
insert rand key=5691
insert rand key=11100
delete rand key=15479
insert rand key=12067
insert rand key=12421
delete rand key=14813
delete rand key=5852
insert rand key=260
delete rand key=3938
delete rand key=11616
insert rand key=14308
insert rand key=2818
insert rand key=7362
insert rand key=6052
insert rand key=5203
delete rand key=6644
delete rand key=9744
insert rand key=19463
insert rand key=6301
insert rand key=14127
insert rand key=13247
delete rand key=14346
insert rand key=884
delete rand key=8826
delete rand key=2833
insert rand key=10088
insert rand key=6891
delete rand key=12641
insert rand key=19680
delete rand key=19278
insert rand key=19247
delete rand key=4300
delete rand key=13461
delete rand key=15109
insert rand key=12379
insert rand key=3045
delete rand key=1473
insert rand key=10789
insert rand key=15083
insert rand key=19534
delete rand key=15181
delete rand key=11761
delete rand key=14909
insert rand key=5544
delete rand key=11254
insert rand key=17706
insert rand key=8474
insert rand key=6175
insert rand key=5854
insert rand key=8388
insert rand key=2448
insert rand key=9508
insert rand key=14970
delete rand key=5971
insert rand key=15855
delete rand key=1517
insert rand key=17342
insert rand key=15717
insert rand key=6001
delete rand key=17843
insert rand key=8779
insert rand key=17635
delete rand key=13415
insert rand key=7355
delete rand key=5929
insert rand key=11736
insert rand key=15158
insert rand key=10243
delete rand key=4874
insert rand key=19581
delete rand key=5225
delete rand key=6175
insert rand key=6633
delete rand key=977
insert rand key=12693
insert rand key=661
insert rand key=7131
insert rand key=12655
insert rand key=14035
insert rand key=15209
insert rand key=12591
insert rand key=4606
delete rand key=12847
insert rand key=10784
delete rand key=16954
insert rand key=570
insert rand key=13908
delete rand key=3244
insert rand key=6755
delete rand key=1710
insert rand key=5003
delete rand key=3811
delete rand key=15047
insert rand key=1639
insert rand key=18470
insert rand key=2011
delete rand key=3590
insert rand key=11815
insert rand key=18525
insert rand key=1376
insert rand key=18253
insert rand key=6908
insert rand key=7009
insert rand key=18749
delete rand key=16549
delete rand key=3842
insert rand key=18094
delete rand key=517
delete rand key=523
insert rand key=2246
insert rand key=13758
delete rand key=13387
insert rand key=18182
insert rand key=12339
insert rand key=5039
insert rand key=13677
delete rand key=6724
insert rand key=5251
delete rand key=13436
insert rand key=18442
delete rand key=19576
insert rand key=12207
delete rand key=1355
delete rand key=8490
insert rand key=10059
insert rand key=8652
delete rand key=10417
delete rand key=14959
insert rand key=3845
insert rand key=5644
delete rand key=18636
delete rand key=19120
delete rand key=12310
insert rand key=1243
delete rand key=5426
insert rand key=3902
delete rand key=8264
delete rand key=7349
delete rand key=1971
insert rand key=7948
insert rand key=16477
insert rand key=12039
insert rand key=13584
delete rand key=14960
delete rand key=10075
delete rand key=7367
insert rand key=5533
insert rand key=11832
insert rand key=4562
delete rand key=16858
insert rand key=12528
delete rand key=2301
delete rand key=6956
insert rand key=19622
insert rand key=6473
insert rand key=15865
insert rand key=9963
insert rand key=15814
insert rand key=17738
delete rand key=15657
delete rand key=14447
insert rand key=11821
insert rand key=8409
insert rand key=10426
insert rand key=1915
insert rand key=12821
delete rand key=3092
insert rand key=3509
delete rand key=7414
delete rand key=17694
delete rand key=18947
insert rand key=4393
delete rand key=2195
insert rand key=388
delete rand key=1244
insert rand key=1062
delete rand key=13628
insert rand key=18871
delete rand key=12327
insert rand key=13358
insert rand key=4253
delete rand key=6285
insert rand key=17800
insert rand key=305
delete rand key=7785
insert rand key=17462
delete rand key=19842
delete rand key=18628
insert rand key=9399
insert rand key=17059
insert rand key=14130
delete rand key=1608
insert rand key=17594
delete rand key=14319
insert rand key=1526
delete rand key=15159
insert rand key=12231
insert rand key=15430
insert rand key=6506
insert rand key=11656
insert rand key=5527
delete rand key=3925
delete rand key=17588
insert rand key=368
insert rand key=16201
delete rand key=3845
insert rand key=12432
delete rand key=4489
insert rand key=7438
insert rand key=10663
delete rand key=18574
insert rand key=11837
delete rand key=15096
delete rand key=6557
delete rand key=16995
insert rand key=2559
insert rand key=18288
insert rand key=3366
delete rand key=6301
delete rand key=4393
delete rand key=8250
delete rand key=7455
insert rand key=560
insert rand key=2280
insert rand key=9891
insert rand key=12337
insert rand key=6786
delete rand key=19007
delete rand key=3651
insert rand key=7484
insert rand key=1327
delete rand key=5665
insert rand key=11479
insert rand key=8322
insert rand key=12896
delete rand key=5576
insert rand key=14161
delete rand key=14000
insert rand key=17315
delete rand key=9378
delete rand key=3619
delete rand key=16898
insert rand key=19526
insert rand key=15753
insert rand key=9464
delete rand key=7885
insert rand key=7942
insert rand key=19447
insert rand key=8125
insert rand key=10722
insert rand key=18161
delete rand key=19138
delete rand key=6587
insert rand key=12369
delete rand key=9679
insert rand key=1879
delete rand key=6369
insert rand key=1200
insert rand key=17601
delete rand key=4146
delete rand key=17161
insert rand key=4757
insert rand key=2955
insert rand key=13886
insert rand key=11555
insert rand key=14545
insert rand key=321
delete rand key=7377
insert rand key=8991
delete rand key=11704
insert rand key=13375
insert rand key=9620
insert rand key=12638
delete rand key=18274
insert rand key=16670
insert rand key=3413
delete rand key=6845
insert rand key=15841
insert rand key=4559
delete rand key=10727
insert rand key=14350
insert rand key=169
insert rand key=9776
insert rand key=2661
insert rand key=6038
insert rand key=7876
insert rand key=6559
insert rand key=10221
insert rand key=1488
insert rand key=19805
insert rand key=11995
delete rand key=2162
insert rand key=17071
insert rand key=19596
insert rand key=3447
delete rand key=16223
delete rand key=2309
insert rand key=2400
insert rand key=19072
delete rand key=17642
delete rand key=11720
insert rand key=10305
insert rand key=14083
insert rand key=13245
insert rand key=15294
insert rand key=6046
insert rand key=8150
delete rand key=15053
delete rand key=6103
delete rand key=10789
delete rand key=6249
insert rand key=2222
insert rand key=14590
insert rand key=541
insert rand key=8295
insert rand key=19435
insert rand key=1559
insert rand key=4816
insert rand key=2302
delete rand key=19643
insert rand key=10503
delete rand key=1033
delete rand key=13042
insert rand key=17719
insert rand key=4370
delete rand key=14581
insert rand key=7257
delete rand key=11502
insert rand key=6157
insert rand key=10973
insert rand key=6032
delete rand key=2892
insert rand key=12149
delete rand key=19720
insert rand key=33
insert rand key=14928
insert rand key=12990
delete rand key=2760
insert rand key=10471
insert rand key=5671
insert rand key=10103
delete rand key=16021
insert rand key=15479
delete rand key=17462
insert rand key=14649
insert rand key=7726
insert rand key=11704
insert rand key=1566
insert rand key=10078
delete rand key=7740
insert rand key=17081
delete rand key=4817
delete rand key=3465
insert rand key=15938
insert rand key=18714
delete rand key=15110
insert rand key=8946
insert rand key=6096
insert rand key=5016
insert rand key=16182
insert rand key=13516
delete rand key=3999
delete rand key=8371
insert rand key=1258
delete rand key=12296
insert rand key=1056
insert rand key=3714
insert rand key=19870
insert rand key=18682
delete rand key=13522
insert rand key=6078
insert rand key=19443
insert rand key=16954
insert rand key=354
insert rand key=11948
delete rand key=16936
insert rand key=9560
insert rand key=6896
delete rand key=11521
insert rand key=2324
delete rand key=2840
delete rand key=373
delete rand key=2312
insert rand key=5327
delete rand key=17577
insert rand key=18335
insert rand key=13481
insert rand key=18899
insert rand key=11676
delete rand key=7854
insert rand key=1820
insert rand key=6520
insert rand key=17049
insert rand key=10241
insert rand key=6807
insert rand key=8056
delete rand key=18851
delete rand key=12115
delete rand key=6312
delete rand key=14958
insert rand key=19007
delete rand key=6223
insert rand key=1873
insert rand key=12992
delete rand key=19861
delete rand key=12839
insert rand key=12171
insert rand key=1037
insert rand key=7896
insert rand key=15243
delete rand key=18985
insert rand key=17788
insert rand key=7342
insert rand key=5049
delete rand key=6952
insert rand key=1098
delete rand key=19577
insert rand key=17073
insert rand key=6399
insert rand key=4809
insert rand key=5231
insert rand key=15863
delete rand key=18611
insert rand key=17115
delete rand key=5251
insert rand key=3784
insert rand key=15142
insert rand key=12236
insert rand key=2641
delete rand key=8014
delete rand key=1760
insert rand key=2190
delete rand key=809
insert rand key=6961
delete rand key=3977
delete rand key=1568
delete rand key=5765
delete rand key=7259
insert rand key=8886
insert rand key=3888
insert rand key=1368
insert rand key=13324
insert rand key=11015
insert rand key=5744
insert rand key=909
delete rand key=8814
insert rand key=6796
insert rand key=13768
insert rand key=11225
delete rand key=10677
insert rand key=14772
insert rand key=6169
insert rand key=16978
insert rand key=5797
delete rand key=10964
delete rand key=12106
insert rand key=2348
delete rand key=8761
delete rand key=1064
insert rand key=3044
insert rand key=9809
insert rand key=13293
insert rand key=5342
insert rand key=15550
insert rand key=1952
insert rand key=13350
insert rand key=122
insert rand key=19707
insert rand key=424
delete rand key=15140
insert rand key=5056
delete rand key=13867
delete rand key=18269
insert rand key=14890
insert rand key=1154
insert rand key=5532
insert rand key=9334
insert rand key=14400
insert rand key=5130
delete rand key=12451
insert rand key=11112
insert rand key=8714
insert rand key=2149
insert rand key=3616
insert rand key=14977
insert rand key=4998
delete rand key=15375
insert rand key=11539
insert rand key=4219
delete rand key=6078
delete rand key=1838
insert rand key=7354
delete rand key=229
insert rand key=16193
delete rand key=8678
insert rand key=16535
delete rand key=8322
insert rand key=17855
insert rand key=19451
delete rand key=4729
delete rand key=1793
insert rand key=2938
insert rand key=2116
delete rand key=11314
delete rand key=12369
delete rand key=16646
insert rand key=7431
delete rand key=5559
delete rand key=14166
delete rand key=93
delete rand key=13904
delete rand key=457
insert rand key=11793
insert rand key=16366
insert rand key=17880
insert rand key=5770
delete rand key=5128
insert rand key=5786
insert rand key=8781
insert rand key=5514
insert rand key=8195
insert rand key=7696
delete rand key=10294
insert rand key=6597
insert rand key=10643
insert rand key=225
insert rand key=11000
delete rand key=14259
insert rand key=13642
insert rand key=12206
insert rand key=12428
delete rand key=4090
delete rand key=123
insert rand key=3196
delete rand key=16349
insert rand key=3273
insert rand key=9243
insert rand key=995
insert rand key=1227
insert rand key=13736
insert rand key=2565
delete rand key=19526
insert rand key=2799
insert rand key=14500
insert rand key=14501
insert rand key=16790
insert rand key=6261
delete rand key=16987
insert rand key=2283
insert rand key=12426
insert rand key=17113
delete rand key=16107
insert rand key=6196
insert rand key=8117
insert rand key=2373
insert rand key=6222
delete rand key=15388
delete rand key=17057
insert rand key=18740
insert rand key=4334
insert rand key=11182
insert rand key=18211
insert rand key=6757
insert rand key=201
delete rand key=8514
insert rand key=8717
insert rand key=15852
insert rand key=12632
insert rand key=4928
insert rand key=15773
insert rand key=4198
delete rand key=42
delete rand key=13556
delete rand key=19700
delete rand key=8518
insert rand key=14986
insert rand key=18872
insert rand key=5889
delete rand key=7059
insert rand key=17821
delete rand key=16347
delete rand key=12713
insert rand key=4357
insert rand key=9155
insert rand key=9698
insert rand key=1020
delete rand key=5494
delete rand key=206
insert rand key=1942
insert rand key=1841
delete rand key=1530
insert rand key=13366
insert rand key=19922
insert rand key=10895
insert rand key=13167
insert rand key=13426
insert rand key=13270
insert rand key=5481
insert rand key=2734
delete rand key=8409
delete rand key=16978
insert rand key=17020
insert rand key=13250
delete rand key=12991
insert rand key=14052
insert rand key=2441
insert rand key=11478
delete rand key=9690
insert rand key=947
insert rand key=16154
delete rand key=7988
insert rand key=8525
delete rand key=3168
delete rand key=10062
insert rand key=9403
delete rand key=15646
insert rand key=4759
delete rand key=9560
insert rand key=15463
delete rand key=5100
delete rand key=12171
insert rand key=7091
delete rand key=11481
delete rand key=10078
delete rand key=12297
delete rand key=9429
delete rand key=10291
insert rand key=12024
delete rand key=13495
insert rand key=1078
delete rand key=4198
insert rand key=4429
insert rand key=9591
delete rand key=7013
delete rand key=15018
insert rand key=6021
insert rand key=12230
insert rand key=4786
delete rand key=18182
insert rand key=18167
insert rand key=10460
insert rand key=9692
delete rand key=8764
delete rand key=2346
insert rand key=10742
delete rand key=7484
insert rand key=14805
insert rand key=7928
insert rand key=12296
insert rand key=8591
insert rand key=3249
insert rand key=13295
delete rand key=2348
insert rand key=5833
insert rand key=16634
delete rand key=8827
insert rand key=10777
insert rand key=2265
insert rand key=14974
delete rand key=7330
insert rand key=2939
delete rand key=1948
insert rand key=11242
delete rand key=19072
delete rand key=8535
insert rand key=7693
insert rand key=14507
delete rand key=2165
delete rand key=8302
delete rand key=9283
insert rand key=11864
insert rand key=19107
insert rand key=179
delete rand key=1736
insert rand key=17388
insert rand key=5021
insert rand key=7946
delete rand key=14850
insert rand key=2379
insert rand key=9134
insert rand key=12829
delete rand key=3974
insert rand key=1465
insert rand key=8193
delete rand key=5701
insert rand key=13931
delete rand key=15568
delete rand key=8044
insert rand key=19628
insert rand key=10797
delete rand key=750
insert rand key=3174
insert rand key=3234
insert rand key=2308
delete rand key=2481
delete rand key=19534
insert rand key=6707
insert rand key=12361
insert rand key=6852
delete rand key=15909
insert rand key=12394
insert rand key=3221
insert rand key=10892
delete rand key=13581
insert rand key=4200
delete rand key=13360
delete rand key=7131
insert rand key=8421
insert rand key=6088
insert rand key=7239
insert rand key=3244
delete rand key=3499
insert rand key=16218
delete rand key=2734
delete rand key=15567
delete rand key=6766
insert rand key=11729
delete rand key=7596
insert rand key=1766
insert rand key=14588
delete rand key=15068
insert rand key=3082
insert rand key=9587
insert rand key=370
delete rand key=9446
insert rand key=2996
insert rand key=17993
delete rand key=5618
insert rand key=5116
delete rand key=6790
insert rand key=16758
insert rand key=17754
insert rand key=4574
delete rand key=14118
insert rand key=10009
delete rand key=15328
insert rand key=4113
delete rand key=3424
insert rand key=2457
insert rand key=15475
delete rand key=5792
insert rand key=19652
insert rand key=3685
delete rand key=3171
delete rand key=7383
insert rand key=6712
insert rand key=11652
insert rand key=18406
insert rand key=19361
delete rand key=8654
delete rand key=10747
insert rand key=12300
delete rand key=2698
insert rand key=17148
insert rand key=7290
delete rand key=3390
insert rand key=15025
insert rand key=13043
insert rand key=16987
insert rand key=16138
delete rand key=11777
insert rand key=4612
insert rand key=15292
delete rand key=6408
insert rand key=9121
delete rand key=16508
delete rand key=10740
insert rand key=2242
delete rand key=17396
delete rand key=7731
insert rand key=15383
insert rand key=18095
insert rand key=4622
insert rand key=17894
insert rand key=17041
insert rand key=17376
delete rand key=17683
insert rand key=11552
insert rand key=7976
insert rand key=1385
insert rand key=12768
delete rand key=4926
insert rand key=14029
delete rand key=19672
insert rand key=9716
delete rand key=1327
insert rand key=12771
delete rand key=16140
insert rand key=7773
delete rand key=1924
insert rand key=13770
delete rand key=9584
insert rand key=12288
insert rand key=11614
insert rand key=11896
delete rand key=4505
insert rand key=14703
insert rand key=3067
insert rand key=13622
insert rand key=7418
delete rand key=15175
delete rand key=9639
insert rand key=8934
insert rand key=17472
insert rand key=19023
delete rand key=9799
insert rand key=9991
insert rand key=2137
delete rand key=9752
delete rand key=4169
insert rand key=18766
insert rand key=2842
delete rand key=9702
delete rand key=8064
insert rand key=14531
insert rand key=519
insert rand key=3680
insert rand key=905
insert rand key=11448
insert rand key=7186
insert rand key=14496
insert rand key=10108
delete rand key=3791
delete rand key=16284
insert rand key=12078
insert rand key=9195
delete rand key=6284
delete rand key=11890
insert rand key=643
delete rand key=6338
insert rand key=256
insert rand key=1162
insert rand key=6470
insert rand key=8186
insert rand key=10292
insert rand key=19168
insert rand key=14565
insert rand key=6112
insert rand key=10139
delete rand key=16997
delete rand key=19463
insert rand key=8045
insert rand key=10280
insert rand key=12854
delete rand key=3865
insert rand key=13577
insert rand key=8350
insert rand key=8697
insert rand key=17636
insert rand key=7733
insert rand key=15854
delete rand key=2531
insert rand key=17082
insert rand key=9836
insert rand key=2144
insert rand key=14322
delete rand key=13716
insert rand key=11799
insert rand key=10755
insert rand key=13383
insert rand key=3505
delete rand key=11255
delete rand key=4219
insert rand key=5755
delete rand key=3082
delete rand key=4053
insert rand key=16992
insert rand key=5023
insert rand key=18131
insert rand key=186
delete rand key=13481
delete rand key=17939
delete rand key=6707
insert rand key=14300
insert rand key=1970
insert rand key=14784
delete rand key=18304
delete rand key=4282
insert rand key=7187
insert rand key=14850
insert rand key=10313
insert rand key=18133
delete rand key=987
insert rand key=5075
insert rand key=4860
insert rand key=17398
delete rand key=9022
delete rand key=15322
insert rand key=5569
delete rand key=17589
insert rand key=16856
delete rand key=19881
insert rand key=4609
insert rand key=11893
insert rand key=17883
delete rand key=6693
insert rand key=5199
delete rand key=11553
insert rand key=8438
insert rand key=10573
delete rand key=3190
delete rand key=10502
insert rand key=7299
delete rand key=7420
insert rand key=17283
insert rand key=9805
insert rand key=18599
delete rand key=12088
insert rand key=9990
insert rand key=13594
delete rand key=13539
delete rand key=18805
insert rand key=7982
insert rand key=13734
delete rand key=15680
delete rand key=19157
insert rand key=13040
insert rand key=16143
delete rand key=13959
insert rand key=19401
delete rand key=19136
delete rand key=2451
insert rand key=16729
insert rand key=13437
delete rand key=9719
delete rand key=4603
insert rand key=440
insert rand key=19195
delete rand key=8783
insert rand key=18724
insert rand key=5225
insert rand key=5930
delete rand key=4586
delete rand key=8001
insert rand key=7493
delete rand key=16984
insert rand key=3441
insert rand key=1679
delete rand key=19835
delete rand key=11718
delete rand key=8026
insert rand key=4633
delete rand key=713
delete rand key=12574
delete rand key=6032
insert rand key=9397
delete rand key=17664
delete rand key=2294
insert rand key=9808
insert rand key=14947
insert rand key=3461
insert rand key=16188
insert rand key=13539
delete rand key=14514
delete rand key=18075
insert rand key=411
insert rand key=15564
insert rand key=6622
insert rand key=12506
insert rand key=2717
insert rand key=5615
delete rand key=7693
delete rand key=1550
insert rand key=12196
insert rand key=13526
insert rand key=15134
insert rand key=1067
insert rand key=9456
delete rand key=5118
delete rand key=4346
insert rand key=14997
insert rand key=16800
delete rand key=14645
insert rand key=2632
insert rand key=11375
delete rand key=2354
insert rand key=3082
insert rand key=4791
insert rand key=16339
insert rand key=4011
delete rand key=16911
insert rand key=18765
delete rand key=6757
insert rand key=15287
delete rand key=7404
insert rand key=7447
insert rand key=11433
delete rand key=3616
insert rand key=4042
delete rand key=19867
delete rand key=13260
insert rand key=108
delete rand key=666
delete rand key=11893
insert rand key=10677
insert rand key=17256
delete rand key=18634
insert rand key=8810
insert rand key=4059
insert rand key=12890
insert rand key=11022
insert rand key=11678
insert rand key=15951
insert rand key=3633
insert rand key=13508
insert rand key=5484
insert rand key=18568
insert rand key=14330
insert rand key=10702
insert rand key=13136
insert rand key=16818
insert rand key=1080
insert rand key=2198
insert rand key=9268
insert rand key=12840
delete rand key=4349
delete rand key=2530
insert rand key=2551
delete rand key=7355
delete rand key=16414
insert rand key=2030
delete rand key=9653
insert rand key=3434
insert rand key=13440
insert rand key=3880
insert rand key=3017
delete rand key=11788
delete rand key=11455
insert rand key=15341
delete rand key=11375
insert rand key=17613
insert rand key=2906
insert rand key=727
insert rand key=1300
insert rand key=14441
delete rand key=8610
delete rand key=18408
delete rand key=11990
insert rand key=19623
insert rand key=3836
delete rand key=10902
insert rand key=12797
delete rand key=354
delete rand key=3669
delete rand key=18893
insert rand key=3919
delete rand key=14403
insert rand key=264
delete rand key=18378
delete rand key=10121
delete rand key=19654
delete rand key=19574
insert rand key=12447
insert rand key=118
insert rand key=17166
insert rand key=17151
insert rand key=3444
insert rand key=11202
delete rand key=13163
insert rand key=17136
delete rand key=642
delete rand key=18609
delete rand key=12687
insert rand key=9206
insert rand key=9739
insert rand key=7622
insert rand key=12670
insert rand key=15593
delete rand key=4360
insert rand key=11119
insert rand key=96
insert rand key=11141
insert rand key=5362
delete rand key=15142
insert rand key=10783
delete rand key=8229
delete rand key=4617
insert rand key=8795
delete rand key=9426
insert rand key=6563
insert rand key=17093
insert rand key=4973
delete rand key=8388
insert rand key=4862
insert rand key=15451
insert rand key=2651
insert rand key=19250
insert rand key=2354
insert rand key=8642
insert rand key=1911
insert rand key=12570
insert rand key=17163
insert rand key=619
delete rand key=14253
insert rand key=5513
insert rand key=5159
insert rand key=11630
insert rand key=14855
insert rand key=13407
delete rand key=8890
delete rand key=5193
delete rand key=5514
insert rand key=1664
insert rand key=16172
delete rand key=1952
insert rand key=4371
insert rand key=2070
delete rand key=10616
insert rand key=12847
delete rand key=14161
insert rand key=12662
insert rand key=12465
delete rand key=6996
insert rand key=12937
delete rand key=2134
insert rand key=12167
insert rand key=8570
delete rand key=4860
insert rand key=12038
insert rand key=11732
delete rand key=9117
delete rand key=5212
insert rand key=19433
delete rand key=550
insert rand key=3803
insert rand key=12710
insert rand key=16785
delete rand key=15977
insert rand key=12247
delete rand key=2007
insert rand key=8241
insert rand key=6839
insert rand key=2792
insert rand key=2806
delete rand key=8584
insert rand key=11482
delete rand key=19812
delete rand key=9147
delete rand key=14588
insert rand key=4333
delete rand key=8570
insert rand key=6596
insert rand key=241
insert rand key=4871
insert rand key=2703
insert rand key=3955
delete rand key=17805
delete rand key=16699
delete rand key=12353
insert rand key=15233
delete rand key=15782
insert rand key=925
insert rand key=11080
delete rand key=2897
delete rand key=19862
insert rand key=7300
insert rand key=6294
delete rand key=13437
delete rand key=7944
insert rand key=16403
delete rand key=17601
delete rand key=562
insert rand key=12188
insert rand key=6516
delete rand key=19589
insert rand key=19989
delete rand key=9145
delete rand key=18089
delete rand key=8506
delete rand key=12705
insert rand key=9575
insert rand key=6575
insert rand key=12395
insert rand key=6871
insert rand key=12218
insert rand key=11483
delete rand key=12863
insert rand key=19056
delete rand key=13815
delete rand key=10607
delete rand key=13489
delete rand key=7198
insert rand key=3069
insert rand key=5152
delete rand key=12890
delete rand key=8897
delete rand key=17511
insert rand key=17843
delete rand key=13100
insert rand key=7684
delete rand key=16050
insert rand key=14831
insert rand key=12615
insert rand key=9506
insert rand key=8999
delete rand key=16680
delete rand key=6261
insert rand key=17780
insert rand key=6793
delete rand key=11258
insert rand key=18694
insert rand key=12085
delete rand key=14489
delete rand key=16341
delete rand key=14088
delete rand key=5885
insert rand key=211
insert rand key=849
insert rand key=18128
insert rand key=7694
insert rand key=19037
insert rand key=7832
insert rand key=2983
insert rand key=12083
insert rand key=5117
insert rand key=13876
delete rand key=1074
delete rand key=8525
delete rand key=6306
delete rand key=8954
delete rand key=12921
insert rand key=14285
insert rand key=7101
delete rand key=18254
delete rand key=13480
delete rand key=504
insert rand key=19476
insert rand key=2408
delete rand key=15127
delete rand key=16856
insert rand key=12142
delete rand key=19029
delete rand key=15237
insert rand key=14795
delete rand key=5905
insert rand key=6227
insert rand key=6594
delete rand key=639
delete rand key=6887
delete rand key=9815
delete rand key=9460
insert rand key=12250
insert rand key=16363
insert rand key=12748
insert rand key=18592
insert rand key=9603
insert rand key=11260
insert rand key=11230
delete rand key=4164
insert rand key=18772
delete rand key=13370
insert rand key=13670
delete rand key=18023
delete rand key=18584
insert rand key=11423
insert rand key=18212
insert rand key=10166
insert rand key=13298
delete rand key=2032
delete rand key=15244
insert rand key=13874
delete rand key=2174
insert rand key=6509
insert rand key=10508
insert rand key=477
insert rand key=11458
insert rand key=4728
delete rand key=18324
delete rand key=2799
insert rand key=2384
insert rand key=12069
insert rand key=5950
insert rand key=10224
delete rand key=2568
delete rand key=17954
insert rand key=3869
delete rand key=16535
delete rand key=2636
insert rand key=4394
insert rand key=2035
delete rand key=8789
insert rand key=19862
delete rand key=9229
insert rand key=15232
insert rand key=9452
insert rand key=16184
insert rand key=18458
insert rand key=7233
delete rand key=5854
delete rand key=11901
delete rand key=7354
insert rand key=12916
insert rand key=16752
delete rand key=10313
delete rand key=11678
delete rand key=16079
delete rand key=12259
insert rand key=15310
insert rand key=548
delete rand key=12519
delete rand key=13327
delete rand key=15514
delete rand key=9746
insert rand key=10093
delete rand key=7797
delete rand key=15814
insert rand key=4243
insert rand key=3115
delete rand key=9166
insert rand key=6677
insert rand key=5963
insert rand key=1539
insert rand key=10144
insert rand key=1589
delete rand key=6360
delete rand key=8313
insert rand key=379
delete rand key=2906
delete rand key=13215
insert rand key=4537
insert rand key=12985
insert rand key=4507
delete rand key=4138
insert rand key=16279
delete rand key=727
delete rand key=3351
insert rand key=7915
insert rand key=19621
delete rand key=6786
insert rand key=9395
insert rand key=7699
insert rand key=8055
insert rand key=8811
insert rand key=15179
insert rand key=19871
delete rand key=7347
insert rand key=3
insert rand key=10954
insert rand key=17639
insert rand key=1709
delete rand key=13705
delete rand key=18539
insert rand key=6898
insert rand key=10339
insert rand key=8038
delete rand key=9548
insert rand key=709
insert rand key=7700
insert rand key=15427
delete rand key=6068
insert rand key=15097
insert rand key=14584
insert rand key=13632
delete rand key=2975
insert rand key=14693
insert rand key=15104
delete rand key=18001
insert rand key=9085
delete rand key=8398
insert rand key=18881
insert rand key=15973
delete rand key=12058
insert rand key=16466
insert rand key=2463
insert rand key=14394
delete rand key=10131
insert rand key=18566
delete rand key=15374
insert rand key=12843
insert rand key=14773
delete rand key=6399
delete rand key=8254
insert rand key=16732
insert rand key=15368
insert rand key=19624
delete rand key=19767
delete rand key=12362
insert rand key=9306
delete rand key=12854
delete rand key=10321
delete rand key=7199
insert rand key=7835
delete rand key=5615
delete rand key=2941
insert rand key=3639
insert rand key=16654
delete rand key=1376
delete rand key=9097
delete rand key=15034
delete rand key=19041
insert rand key=17092
delete rand key=6132
insert rand key=1166
insert rand key=19888
delete rand key=11417
insert rand key=4774
delete rand key=9233
delete rand key=14990
insert rand key=10929
insert rand key=7123
insert rand key=17777
insert rand key=17436
delete rand key=3244
delete rand key=8315
delete rand key=3507
insert rand key=2942
delete rand key=6253
insert rand key=16667
delete rand key=17174
insert rand key=10641
delete rand key=14270
delete rand key=18281
insert rand key=6608
delete rand key=4901
delete rand key=5513
insert rand key=17038
insert rand key=11262
insert rand key=11671
insert rand key=2694
delete rand key=17348
delete rand key=1940
insert rand key=3798
delete rand key=15593
insert rand key=4897
insert rand key=12722
delete rand key=16679
insert rand key=16539
delete rand key=2393
insert rand key=9949
insert rand key=7256
delete rand key=5159
delete rand key=4939
insert rand key=1938
delete rand key=17594
delete rand key=16328
delete rand key=12078
insert rand key=18011
insert rand key=12340
insert rand key=4166
insert rand key=18786
delete rand key=13691
insert rand key=5699
delete rand key=7733
insert rand key=17354
insert rand key=9270
delete rand key=18870
insert rand key=9955
delete rand key=19778
insert rand key=14799
delete rand key=12473
insert rand key=8334
delete rand key=11786
insert rand key=3368
insert rand key=19625
insert rand key=5248
delete rand key=4088
insert rand key=780
delete rand key=10122
insert rand key=16555
delete rand key=13780
delete rand key=14890
insert rand key=13718
delete rand key=1080
delete rand key=7186
delete rand key=139
delete rand key=7851
insert rand key=18614
insert rand key=17002
insert rand key=3014
delete rand key=12735
insert rand key=9895
delete rand key=8092
delete rand key=5695
delete rand key=12253
delete rand key=2215
insert rand key=17228
insert rand key=7415
insert rand key=15745
insert rand key=15741
delete rand key=5793
insert rand key=599
insert rand key=16596
insert rand key=5948
delete rand key=124
delete rand key=16931
insert rand key=15785
delete rand key=1095
insert rand key=774
delete rand key=5486
delete rand key=11046
delete rand key=4101
insert rand key=18175
delete rand key=19299
insert rand key=1276
delete rand key=9897
insert rand key=8561
insert rand key=9530
delete rand key=1634
insert rand key=7029
insert rand key=17201
insert rand key=641
insert rand key=4023
delete rand key=2396
delete rand key=11079
delete rand key=806
delete rand key=294
insert rand key=5765
insert rand key=16887
insert rand key=14743
delete rand key=16204
insert rand key=419
delete rand key=930
insert rand key=1245
delete rand key=3123
insert rand key=5070
delete rand key=8132
delete rand key=19554
insert rand key=18152
insert rand key=8907
delete rand key=3684
insert rand key=5396
insert rand key=11847
delete rand key=7736
delete rand key=16453
delete rand key=6562
delete rand key=10520
insert rand key=2118
delete rand key=13270
insert rand key=7989
delete rand key=13732
delete rand key=3283
delete rand key=5077
delete rand key=13088
insert rand key=13512
delete rand key=13220
delete rand key=8507
delete rand key=6575
insert rand key=14879
delete rand key=1770
delete rand key=1970
delete rand key=7209
delete rand key=13534
insert rand key=3548
delete rand key=18397
insert rand key=13884
insert rand key=2774
delete rand key=3742
insert rand key=10315
delete rand key=8629
insert rand key=19877
delete rand key=14788
insert rand key=10264
delete rand key=5950
insert rand key=920
insert rand key=3972
delete rand key=10677
delete rand key=174
insert rand key=3427
delete rand key=12300
insert rand key=13011
delete rand key=1009
insert rand key=683
insert rand key=12478
insert rand key=14514
insert rand key=674
insert rand key=1426
delete rand key=9589
insert rand key=18937
insert rand key=17317
delete rand key=8720
insert rand key=5665
delete rand key=7711
delete rand key=16604
insert rand key=10379
delete rand key=19499
insert rand key=11060
insert rand key=9269
insert rand key=14836
delete rand key=17460
insert rand key=13414
delete rand key=9910
delete rand key=4803
insert rand key=3145
insert rand key=4010
insert rand key=10865
delete rand key=10411
insert rand key=19844
insert rand key=16290
insert rand key=8326
insert rand key=6345
delete rand key=4920
delete rand key=10602
insert rand key=15456
delete rand key=17880
insert rand key=13047
insert rand key=16523
insert rand key=16839
insert rand key=3761
delete rand key=5091
insert rand key=15948
insert rand key=246
insert rand key=15501
delete rand key=12107
insert rand key=5861
insert rand key=17703
insert rand key=8703
insert rand key=15275
delete rand key=258
insert rand key=19924
insert rand key=19831
delete rand key=9354
insert rand key=2789
delete rand key=5764
insert rand key=11336
insert rand key=4156
insert rand key=13082
insert rand key=13611
insert rand key=9565
delete rand key=7125
insert rand key=13811
insert rand key=7935
delete rand key=16019
insert rand key=25
delete rand key=16135
insert rand key=6114
insert rand key=3962
delete rand key=9389
insert rand key=3857
insert rand key=18884
insert rand key=16707
delete rand key=15155
delete rand key=19677
delete rand key=5382
insert rand key=16878
insert rand key=11556
insert rand key=236
insert rand key=15706
insert rand key=11866
insert rand key=11961
insert rand key=10664
delete rand key=14551
insert rand key=6515
delete rand key=16188
insert rand key=4349
insert rand key=13087
insert rand key=8314
insert rand key=16716
delete rand key=18855
insert rand key=18748
delete rand key=17584
insert rand key=17255
delete rand key=15917
insert rand key=18654
insert rand key=13890
delete rand key=19007
insert rand key=2659
delete rand key=18290
insert rand key=18655
insert rand key=2348
delete rand key=17108
insert rand key=17367
insert rand key=7339
delete rand key=5617
insert rand key=2236
insert rand key=8357
insert rand key=13825
delete rand key=6106
delete rand key=2094
insert rand key=9377
insert rand key=784
delete rand key=739
insert rand key=1518
insert rand key=18121
delete rand key=16467
insert rand key=8603
delete rand key=10224
insert rand key=18122
delete rand key=10577
insert rand key=567
delete rand key=1996
insert rand key=18153
insert rand key=11057
delete rand key=8348
insert rand key=14332
delete rand key=18654
insert rand key=9756
insert rand key=887
insert rand key=7204
delete rand key=10513
insert rand key=18142
insert rand key=6805
delete rand key=12686
delete rand key=19596
insert rand key=10126
delete rand key=5952
insert rand key=14242
insert rand key=4904
delete rand key=2463
insert rand key=15058
insert rand key=14644
delete rand key=5199
delete rand key=18470
delete rand key=12276
delete rand key=17109
insert rand key=5073
insert rand key=12369
delete rand key=256
delete rand key=9269
insert rand key=12118
delete rand key=13525
delete rand key=9506
insert rand key=9721
insert rand key=1507
delete rand key=7889
insert rand key=17897
delete rand key=15938
delete rand key=321
delete rand key=1245
insert rand key=3626
delete rand key=1243
delete rand key=2762
delete rand key=15975
insert rand key=10701
insert rand key=14685
insert rand key=17568
delete rand key=9403
delete rand key=1200
insert rand key=10577
insert rand key=9746
delete rand key=808
insert rand key=10924
delete rand key=4975
delete rand key=4543
delete rand key=12038
insert rand key=9670
delete rand key=3919
insert rand key=14800
insert rand key=9811
insert rand key=18554
insert rand key=13692
delete rand key=12331
insert rand key=12138
delete rand key=214
delete rand key=19476
delete rand key=2508
insert rand key=615
insert rand key=3620
insert rand key=5796
delete rand key=7662
insert rand key=11795
insert rand key=13528
delete rand key=18062
insert rand key=11579
insert rand key=3164
insert rand key=8264
delete rand key=3184
insert rand key=2464
delete rand key=14099
delete rand key=6069
delete rand key=15980
insert rand key=7181
delete rand key=12643
insert rand key=19715
insert rand key=14115
insert rand key=8287
insert rand key=16990
delete rand key=11759
delete rand key=5569
insert rand key=16873
insert rand key=15953
insert rand key=15075
insert rand key=15533
delete rand key=14386
delete rand key=709
insert rand key=11218
delete rand key=1507
insert rand key=1339
insert rand key=2477
delete rand key=19674
delete rand key=10929
insert rand key=17522
insert rand key=19057
insert rand key=10806
delete rand key=11852
delete rand key=7000
insert rand key=15130
insert rand key=10817
insert rand key=15175
insert rand key=13130
insert rand key=19632
delete rand key=2983
delete rand key=6630
insert rand key=4766
insert rand key=10114
insert rand key=6186
delete rand key=2242
insert rand key=4249
insert rand key=1333
insert rand key=2995
insert rand key=7333
insert rand key=2075
delete rand key=5073
insert rand key=19562
insert rand key=13522
insert rand key=19379
delete rand key=12880
insert rand key=18030
delete rand key=3438
insert rand key=19069
insert rand key=16589
delete rand key=9119
delete rand key=18678
delete rand key=11555
delete rand key=9615
insert rand key=1725
delete rand key=13892
insert rand key=6273
insert rand key=7053
insert rand key=15793
delete rand key=14950
delete rand key=226
delete rand key=7831
insert rand key=16352
delete rand key=3119
delete rand key=9605
insert rand key=13922
insert rand key=5708
insert rand key=2258
insert rand key=15107
delete rand key=7418
insert rand key=9171
delete rand key=15215
insert rand key=9251
insert rand key=1660
insert rand key=4071
insert rand key=12356
delete rand key=16926
insert rand key=9017
delete rand key=3880
insert rand key=9081
insert rand key=17973
delete rand key=17366
insert rand key=7259
insert rand key=15045
delete rand key=12035
delete rand key=5238
insert rand key=5120
delete rand key=10420
insert rand key=4561
insert rand key=6174
insert rand key=16550
insert rand key=19563
delete rand key=14431
insert rand key=1250
insert rand key=9122
insert rand key=7522
insert rand key=4650
delete rand key=514
insert rand key=19060
insert rand key=16664
insert rand key=16835
insert rand key=8566
delete rand key=16621
delete rand key=14373
delete rand key=8529
delete rand key=12236
delete rand key=6398
delete rand key=11904
delete rand key=4950
insert rand key=17028
insert rand key=13756
delete rand key=1431
delete rand key=14195
insert rand key=11422
insert rand key=354
insert rand key=2303
insert rand key=4807
insert rand key=4882
delete rand key=9000
delete rand key=9716
delete rand key=7668
insert rand key=13492
delete rand key=4895
insert rand key=11610
delete rand key=17834
insert rand key=7939
delete rand key=7263
insert rand key=9485
delete rand key=13012
insert rand key=15748
insert rand key=16613
insert rand key=3267
delete rand key=10475
insert rand key=11407
insert rand key=2043
delete rand key=16304
delete rand key=13200
insert rand key=17009
delete rand key=17059
insert rand key=15365
insert rand key=3833
delete rand key=15997
insert rand key=1183
insert rand key=2677
delete rand key=3434
insert rand key=19754
insert rand key=6534
delete rand key=7438
insert rand key=5086
insert rand key=16108
delete rand key=19425
delete rand key=17667
delete rand key=11552
delete rand key=16439
insert rand key=3345
insert rand key=10420
delete rand key=12557
insert rand key=19823
delete rand key=5918
delete rand key=9710
delete rand key=7058
insert rand key=12531
delete rand key=7152
delete rand key=12009
delete rand key=17280
insert rand key=5205
insert rand key=5756
delete rand key=9968
delete rand key=9604
delete rand key=1460
insert rand key=2048
insert rand key=237
insert rand key=19569
insert rand key=7061
insert rand key=15174
delete rand key=5662
insert rand key=6430
insert rand key=4413
insert rand key=4978
insert rand key=11641
delete rand key=14282
insert rand key=9312
insert rand key=17147
delete rand key=12847
insert rand key=19403
delete rand key=8904
insert rand key=17491
delete rand key=8501
delete rand key=11586
insert rand key=12466
delete rand key=19553
delete rand key=3034
delete rand key=10103
delete rand key=5075
insert rand key=5423
delete rand key=2085
insert rand key=18629
delete rand key=7656
insert rand key=7646
delete rand key=9491
delete rand key=18377
insert rand key=17220
insert rand key=17848
delete rand key=14337
delete rand key=11643
insert rand key=4976
delete rand key=2420
delete rand key=9291
insert rand key=13242
delete rand key=10310
insert rand key=6383
insert rand key=4455
insert rand key=9041
delete rand key=5554
insert rand key=9981
delete rand key=5555
delete rand key=13245
insert rand key=16243
insert rand key=11977
insert rand key=611
insert rand key=14440
insert rand key=4289
delete rand key=2652
delete rand key=11080
insert rand key=14929
insert rand key=18732
insert rand key=11965
insert rand key=9500
delete rand key=13368
delete rand key=19742
insert rand key=17621
delete rand key=17128
insert rand key=14239
delete rand key=10635
insert rand key=18898
insert rand key=922
delete rand key=15043
insert rand key=147
insert rand key=15326
delete rand key=19960
insert rand key=11210
delete rand key=14400
insert rand key=14234
insert rand key=435
insert rand key=12514
insert rand key=9365
insert rand key=19510
insert rand key=15435
insert rand key=4798
insert rand key=2808
insert rand key=3913
delete rand key=11464
delete rand key=10229
delete rand key=2471
delete rand key=7233
delete rand key=866
delete rand key=19770
insert rand key=77
insert rand key=5922
delete rand key=15233
delete rand key=13576
delete rand key=5993
delete rand key=15538
delete rand key=13040
insert rand key=4986
delete rand key=4334
insert rand key=16884
delete rand key=11541
insert rand key=18049
insert rand key=16646
delete rand key=10791
insert rand key=8003
insert rand key=14241
delete rand key=19224
delete rand key=9941
insert rand key=5071
insert rand key=14195
insert rand key=12772
insert rand key=6748
insert rand key=5062
delete rand key=5570
delete rand key=15277
delete rand key=9805
delete rand key=16350
insert rand key=3042
insert rand key=4390
delete rand key=2303
insert rand key=6843
insert rand key=16472
delete rand key=10825
delete rand key=10215
delete rand key=13375
insert rand key=6213
delete rand key=7942
delete rand key=16276
insert rand key=18755
delete rand key=19379
insert rand key=18083
delete rand key=7991
delete rand key=8015
insert rand key=13789
delete rand key=645
insert rand key=19631
insert rand key=12482
delete rand key=13242
delete rand key=10339
insert rand key=10179
delete rand key=16539
insert rand key=10081
insert rand key=5730
delete rand key=3428
insert rand key=12049
delete rand key=14535
insert rand key=16690
insert rand key=14860
insert rand key=6347
insert rand key=18883
insert rand key=11882
delete rand key=4646
delete rand key=19679
insert rand key=13270
insert rand key=15372
insert rand key=2016
insert rand key=2650
insert rand key=4888
delete rand key=18714
delete rand key=9721
insert rand key=1772
insert rand key=3163
insert rand key=6958
insert rand key=11485
delete rand key=3447
insert rand key=14
insert rand key=13701
delete rand key=7938
insert rand key=12018
delete rand key=2050
insert rand key=10339
insert rand key=2553
insert rand key=9103
insert rand key=904
insert rand key=13180
delete rand key=15162
insert rand key=11558
insert rand key=10851
insert rand key=12870
delete rand key=9895
delete rand key=8722
delete rand key=19904
delete rand key=13180
delete rand key=19942
delete rand key=5691
insert rand key=4588
insert rand key=7194
delete rand key=6242
delete rand key=13109
insert rand key=16159
delete rand key=6226
insert rand key=3794
insert rand key=16459
delete rand key=3242
delete rand key=6436
delete rand key=19756
delete rand key=3777
delete rand key=5049
insert rand key=16922
delete rand key=13082
delete rand key=11784
insert rand key=3280
delete rand key=1048
insert rand key=9580
insert rand key=17389
insert rand key=2147
insert rand key=9307
insert rand key=6631
delete rand key=8438
insert rand key=11723
insert rand key=15124
delete rand key=6157
delete rand key=16671
delete rand key=11242
insert rand key=8132
delete rand key=10702
insert rand key=3402
delete rand key=15114
insert rand key=10206
insert rand key=62
delete rand key=18831
delete rand key=4539
delete rand key=8786
insert rand key=13499
delete rand key=6793
delete rand key=7187
delete rand key=13167
insert rand key=16751
delete rand key=15124
insert rand key=3384
insert rand key=9625
insert rand key=13588
insert rand key=6953
delete rand key=15812
insert rand key=18904
insert rand key=18545
insert rand key=19734
delete rand key=6861
insert rand key=1386
insert rand key=13750
delete rand key=18030
insert rand key=18466
insert rand key=11255
delete rand key=16868
delete rand key=17405
insert rand key=1354
insert rand key=4794
delete rand key=6953
delete rand key=12635
delete rand key=16897
delete rand key=17983
insert rand key=8687
delete rand key=4213
delete rand key=13654
insert rand key=17638
insert rand key=15760
delete rand key=6340
delete rand key=10967
insert rand key=15204
insert rand key=6894
insert rand key=1813
insert rand key=7754
delete rand key=10207
delete rand key=4394
delete rand key=3143
insert rand key=12486
insert rand key=9652
delete rand key=16452
delete rand key=12792
delete rand key=19704
delete rand key=16654
delete rand key=11461
insert rand key=15562
insert rand key=4075
insert rand key=11003
insert rand key=14506
insert rand key=2607
insert rand key=16236
insert rand key=13447
insert rand key=14284
insert rand key=1580
insert rand key=15373
delete rand key=12734
delete rand key=2297
delete rand key=6980
delete rand key=7456
insert rand key=1726
insert rand key=4245
delete rand key=7203
insert rand key=7452
delete rand key=8811
insert rand key=8419
delete rand key=13000
insert rand key=9260
delete rand key=264
delete rand key=15179
insert rand key=15873
insert rand key=914
delete rand key=14152
insert rand key=1898
delete rand key=19426
delete rand key=3724
delete rand key=13482
insert rand key=2975
insert rand key=8578
insert rand key=6966
insert rand key=12284
insert rand key=7216
delete rand key=6430
insert rand key=16468
delete rand key=3733
delete rand key=13957
insert rand key=921
delete rand key=12721
insert rand key=13103
insert rand key=5785
insert rand key=9829
insert rand key=1753
insert rand key=12081
insert rand key=5298
insert rand key=10546
insert rand key=15167
insert rand key=1847
insert rand key=16825
delete rand key=9339
insert rand key=13821
delete rand key=14782
delete rand key=1264
delete rand key=2667
delete rand key=6860
insert rand key=4820
delete rand key=2263
insert rand key=16417
delete rand key=4465
delete rand key=13914
insert rand key=8605
insert rand key=12724
insert rand key=5150
insert rand key=5194
insert rand key=19813
delete rand key=8213
insert rand key=8069
insert rand key=12966
delete rand key=15950
insert rand key=3392
insert rand key=16553
insert rand key=2214
insert rand key=19095
delete rand key=4120
insert rand key=14229
insert rand key=9578
insert rand key=8545
insert rand key=15381
insert rand key=4036
delete rand key=12076
insert rand key=8075
insert rand key=18229
insert rand key=5424
insert rand key=11761
insert rand key=16888
insert rand key=474
insert rand key=16080
insert rand key=2742
insert rand key=4367
insert rand key=6312
insert rand key=7961
insert rand key=11717
insert rand key=18053
insert rand key=6775
delete rand key=1820
delete rand key=15145
insert rand key=1447
insert rand key=15931
insert rand key=7115
insert rand key=18679
insert rand key=18197
delete rand key=18449
insert rand key=6935
delete rand key=5744
delete rand key=16958
insert rand key=3251
insert rand key=16644
insert rand key=7979
insert rand key=8394
insert rand key=9201
delete rand key=10116
insert rand key=16909
delete rand key=14502
insert rand key=13476
delete rand key=3044
delete rand key=9035
insert rand key=5030
delete rand key=4196
delete rand key=9727
delete rand key=19330
insert rand key=7268
insert rand key=1454
insert rand key=8648
insert rand key=18981
insert rand key=11066
delete rand key=18724
delete rand key=18161
delete rand key=12434
insert rand key=15969
delete rand key=6383
insert rand key=8423
insert rand key=19418
delete rand key=7747
insert rand key=11009
delete rand key=14795
insert rand key=526
insert rand key=1990
insert rand key=12828
delete rand key=9931
insert rand key=19263
insert rand key=2836
insert rand key=11557
insert rand key=8884
delete rand key=16042
insert rand key=14193
delete rand key=5053
delete rand key=19907
insert rand key=1733
delete rand key=13426
insert rand key=6591
insert rand key=8297
insert rand key=4700
insert rand key=13281
insert rand key=5005
delete rand key=9781
delete rand key=14238
insert rand key=491
insert rand key=1748
delete rand key=5225
delete rand key=12395
delete rand key=14771
insert rand key=3844
delete rand key=12820
insert rand key=19426
insert rand key=7434
insert rand key=8256
delete rand key=16245
insert rand key=10433
delete rand key=3872
delete rand key=5108
insert rand key=17820
delete rand key=2214
insert rand key=12262
delete rand key=13446
insert rand key=9732
insert rand key=13005
insert rand key=13162
insert rand key=1424
insert rand key=3321
insert rand key=12102
delete rand key=18685
insert rand key=6427
insert rand key=1702
delete rand key=5753
delete rand key=18175
delete rand key=1065
insert rand key=6064
insert rand key=19492
insert rand key=15657
delete rand key=18971
insert rand key=3552
insert rand key=2376
delete rand key=11398
insert rand key=7680
insert rand key=9799
delete rand key=14189
insert rand key=17237
delete rand key=15433
insert rand key=19742
insert rand key=4133
insert rand key=8410
insert rand key=7796
insert rand key=18400
insert rand key=13790
delete rand key=19057
insert rand key=4670
insert rand key=9617
insert rand key=19453
insert rand key=6968
delete rand key=17661
insert rand key=5063
delete rand key=18800
insert rand key=5593
delete rand key=1070
delete rand key=6711
delete rand key=5042
delete rand key=9726
delete rand key=14529
delete rand key=19989
insert rand key=659
insert rand key=15340
insert rand key=16360
insert rand key=3563
insert rand key=1329
insert rand key=9146
insert rand key=7671
insert rand key=6218
insert rand key=3773
delete rand key=2527
delete rand key=18765
insert rand key=18251
delete rand key=15467
insert rand key=18407
delete rand key=3805
insert rand key=13690
delete rand key=14350
insert rand key=15859
delete rand key=12968
insert rand key=11599
insert rand key=13303
insert rand key=2012
insert rand key=979
delete rand key=2955
insert rand key=4150
insert rand key=19220
delete rand key=10814
insert rand key=12600
insert rand key=17142
insert rand key=8183
insert rand key=14034
delete rand key=8519
delete rand key=14284
delete rand key=608
insert rand key=9601
delete rand key=5490
insert rand key=12401
insert rand key=13014
insert rand key=6319
delete rand key=4178
delete rand key=541
insert rand key=456
delete rand key=7231
insert rand key=1955
delete rand key=8186
insert rand key=4457
delete rand key=12661
insert rand key=15903
insert rand key=10713
insert rand key=17784
delete rand key=9740
delete rand key=4243
insert rand key=10862
delete rand key=15130
delete rand key=2641
insert rand key=2543
delete rand key=8648
insert rand key=14254
delete rand key=3686
insert rand key=2838
insert rand key=18877
delete rand key=19734
insert rand key=10977
insert rand key=10474
insert rand key=19254
insert rand key=15762
delete rand key=10243
insert rand key=16540
insert rand key=12899
delete rand key=14052
delete rand key=8423
delete rand key=19353
insert rand key=10838
delete rand key=19824
insert rand key=8157
delete rand key=2293
insert rand key=4887
insert rand key=9111
delete rand key=13078
insert rand key=1858
insert rand key=3393
insert rand key=13913
delete rand key=12024
delete rand key=10158
insert rand key=15109
delete rand key=7757
insert rand key=9498
insert rand key=13134
insert rand key=8317
delete rand key=11477
delete rand key=7053
delete rand key=7102
delete rand key=19805
delete rand key=7773
delete rand key=12693
insert rand key=2541
insert rand key=12674
insert rand key=16249
insert rand key=8536
delete rand key=2864
insert rand key=1434
insert rand key=19820
insert rand key=6666
delete rand key=7395
delete rand key=15627
insert rand key=17170
insert rand key=7346
delete rand key=2599
insert rand key=15914
insert rand key=10727
insert rand key=19925
delete rand key=10753
insert rand key=2264
insert rand key=19439
insert rand key=9104
insert rand key=2953
delete rand key=13773
insert rand key=11280
insert rand key=7332
delete rand key=15861
insert rand key=1823
insert rand key=10161
insert rand key=19497
insert rand key=4922
insert rand key=13596
delete rand key=615
delete rand key=17820
delete rand key=849
delete rand key=8651
insert rand key=3056
insert rand key=15082
delete rand key=7194
insert rand key=8987
delete rand key=4491
delete rand key=7949
insert rand key=2039
delete rand key=10161
delete rand key=13739
insert rand key=3016
insert rand key=9403
insert rand key=17004
delete rand key=7814
delete rand key=18864
insert rand key=12663
delete rand key=8055
insert rand key=18860
insert rand key=11061
delete rand key=5194
insert rand key=13482
insert rand key=11075
insert rand key=11414
insert rand key=1737
insert rand key=5291
delete rand key=4808
insert rand key=6164
insert rand key=7666
delete rand key=308
delete rand key=14496
delete rand key=3856
insert rand key=7875
delete rand key=15860
delete rand key=17041
insert rand key=10389
delete rand key=6701
insert rand key=5916
insert rand key=8976
insert rand key=8649
delete rand key=10097
insert rand key=3772
delete rand key=3233
delete rand key=13257
insert rand key=3121
insert rand key=3897
delete rand key=14994
insert rand key=5909
insert rand key=13131
delete rand key=16181
delete rand key=1858
insert rand key=12374
insert rand key=17156
delete rand key=11557
delete rand key=14046
delete rand key=526
insert rand key=6573
insert rand key=2228
delete rand key=5152
delete rand key=17002
insert rand key=1043
delete rand key=17679
insert rand key=3517
delete rand key=17055
insert rand key=15747
insert rand key=18587
delete rand key=1991
delete rand key=3614
delete rand key=7345
insert rand key=14317
delete rand key=2137
insert rand key=4256
delete rand key=3902
insert rand key=1340
delete rand key=6717
insert rand key=13444
delete rand key=8353
insert rand key=5613
insert rand key=5766
insert rand key=1065
insert rand key=16378
insert rand key=16025
insert rand key=2926
delete rand key=19319
delete rand key=3548
insert rand key=12030
insert rand key=2608
insert rand key=13636
delete rand key=15451
delete rand key=12905
delete rand key=13407
insert rand key=4653
delete rand key=15243
delete rand key=1636
insert rand key=11033
insert rand key=4368
insert rand key=7824
delete rand key=9811
delete rand key=15158
delete rand key=9399
insert rand key=3790
delete rand key=17948
delete rand key=8800
insert rand key=19022
insert rand key=2419
delete rand key=15767
delete rand key=18229
insert rand key=16441
insert rand key=14796
insert rand key=834
delete rand key=178
insert rand key=7264
delete rand key=7948
delete rand key=5676
delete rand key=2571
insert rand key=7563
insert rand key=9209
insert rand key=17761
insert rand key=12812
insert rand key=18277
delete rand key=14193
delete rand key=5976
insert rand key=2883
insert rand key=12508
delete rand key=8649
insert rand key=11767
insert rand key=1115
insert rand key=9190
delete rand key=19413
insert rand key=14309
delete rand key=7091
insert rand key=7430
delete rand key=15650
delete rand key=9008
delete rand key=10433
delete rand key=1030
insert rand key=10422
delete rand key=12210
insert rand key=5478
delete rand key=6520
insert rand key=10502
delete rand key=6254
insert rand key=17872
insert rand key=15151
insert rand key=14470
insert rand key=2027
delete rand key=9451
insert rand key=1244
delete rand key=4887
insert rand key=16853
insert rand key=12860
delete rand key=4073
insert rand key=2965
insert rand key=13275
insert rand key=14438
insert rand key=14207
insert rand key=7778
delete rand key=4045
delete rand key=11596
insert rand key=8664
delete rand key=18590
delete rand key=10027
delete rand key=16391
insert rand key=9777
insert rand key=15490
insert rand key=15243
insert rand key=358
insert rand key=6977
insert rand key=13393
delete rand key=3267
insert rand key=15821
insert rand key=19513
delete rand key=11576
delete rand key=2159
delete rand key=4865
insert rand key=1520
insert rand key=13557
delete rand key=16649
delete rand key=15393
insert rand key=2180
delete rand key=9170
delete rand key=15657
insert rand key=8229
insert rand key=19362
insert rand key=9277
delete rand key=9265
delete rand key=11193
insert rand key=3679
delete rand key=8296
delete rand key=10946
delete rand key=7767
insert rand key=15180
insert rand key=3409
insert rand key=15168
insert rand key=15318
delete rand key=3637
insert rand key=15933
delete rand key=7562
insert rand key=18175
insert rand key=17511
insert rand key=11099
insert rand key=12832
insert rand key=4218
delete rand key=19446
insert rand key=233
insert rand key=5504
delete rand key=11134
delete rand key=3441
insert rand key=3723
delete rand key=6598
delete rand key=11641
insert rand key=3320
insert rand key=7083
delete rand key=13611
delete rand key=6506
insert rand key=13744
delete rand key=2358
delete rand key=19562
delete rand key=348
delete rand key=10682
insert rand key=18188
delete rand key=4536
insert rand key=16749
insert rand key=879
insert rand key=16246
delete rand key=4310
insert rand key=1943
insert rand key=18873
delete rand key=10817
insert rand key=713
delete rand key=15134
insert rand key=4859
insert rand key=4486
delete rand key=19582
insert rand key=17027
insert rand key=15139
insert rand key=4699
insert rand key=18921
insert rand key=14923
insert rand key=11273
delete rand key=12974
delete rand key=17436
delete rand key=2502
delete rand key=13080
delete rand key=11633
insert rand key=1998
delete rand key=12361
insert rand key=6389
delete rand key=15693
insert rand key=14000
delete rand key=12401
delete rand key=8740
insert rand key=5172
delete rand key=834
insert rand key=5303
insert rand key=18639
insert rand key=9864
insert rand key=11843
insert rand key=4508
insert rand key=4819
delete rand key=3610
insert rand key=14099
insert rand key=17413
delete rand key=16746
insert rand key=7461
delete rand key=9669
delete rand key=3165
delete rand key=6413
delete rand key=13539
delete rand key=19810
insert rand key=1510
delete rand key=6046
insert rand key=2472
insert rand key=9449
insert rand key=10087
insert rand key=1768
delete rand key=9955
delete rand key=8883
delete rand key=11250
insert rand key=16741
delete rand key=16939
insert rand key=2917
insert rand key=17563
insert rand key=7572
delete rand key=920
insert rand key=17345
insert rand key=1735
delete rand key=12426
insert rand key=5043
delete rand key=16159
insert rand key=4532
insert rand key=6956
delete rand key=9225
delete rand key=15624
insert rand key=18849
delete rand key=17148
delete rand key=12828
insert rand key=3477
delete rand key=6912
delete rand key=8808
insert rand key=14707
delete rand key=358
insert rand key=13803
insert rand key=13484
insert rand key=4159
insert rand key=14659
insert rand key=4727
insert rand key=13559
delete rand key=4010
insert rand key=16204
insert rand key=6
insert rand key=13647
delete rand key=5213
insert rand key=1502
insert rand key=6091
insert rand key=17677
delete rand key=16698
insert rand key=16696
delete rand key=887
delete rand key=18610
delete rand key=16354
insert rand key=769
insert rand key=8358
insert rand key=5543
delete rand key=16204
delete rand key=13070
insert rand key=2744
delete rand key=5361
delete rand key=6799
delete rand key=4362
delete rand key=4814
insert rand key=4236
delete rand key=15797
delete rand key=18976
insert rand key=17544
delete rand key=18785
insert rand key=5618
insert rand key=16099
insert rand key=3624
insert rand key=10263
insert rand key=4982
insert rand key=14780
delete rand key=6039
delete rand key=8572
insert rand key=11084
delete rand key=17304
insert rand key=2674
insert rand key=16706
delete rand key=16182
delete rand key=1539
insert rand key=1825
insert rand key=9015
insert rand key=11337
delete rand key=18639
insert rand key=6076
insert rand key=11256
insert rand key=3406
insert rand key=5338
delete rand key=11225
insert rand key=6444
delete rand key=2381
insert rand key=16615
delete rand key=16835
delete rand key=18614
insert rand key=14275
delete rand key=1271
insert rand key=9173
insert rand key=6658
insert rand key=15392
insert rand key=19322
delete rand key=7820
delete rand key=2280
insert rand key=3518
insert rand key=13090
insert rand key=8734
delete rand key=14593
delete rand key=15638
insert rand key=18882
delete rand key=2059
delete rand key=17932
insert rand key=15689
insert rand key=19390
delete rand key=15716
delete rand key=14997
insert rand key=6574
delete rand key=10260
delete rand key=14885
insert rand key=19555
insert rand key=333
insert rand key=16789
delete rand key=4903
insert rand key=14042
insert rand key=17938
insert rand key=18468
delete rand key=3740
delete rand key=5139
delete rand key=10636
insert rand key=14686
delete rand key=12655
delete rand key=14443
delete rand key=8394
insert rand key=11068
delete rand key=2801
delete rand key=17088
insert rand key=13396
delete rand key=8820
delete rand key=17009
insert rand key=1001
insert rand key=3494
delete rand key=6426
delete rand key=2464
delete rand key=7022
insert rand key=10870
delete rand key=867
insert rand key=1653
insert rand key=9233
delete rand key=18744
insert rand key=12210
delete rand key=10326
delete rand key=2035
insert rand key=10789
delete rand key=14034
insert rand key=10602
delete rand key=17802
delete rand key=9017
delete rand key=13382
delete rand key=8411
delete rand key=1128
insert rand key=16799
delete rand key=2975
insert rand key=11032
insert rand key=6173
insert rand key=1214
insert rand key=8565
insert rand key=18041
delete rand key=11202
delete rand key=17883
delete rand key=17700
insert rand key=17421
delete rand key=18882
delete rand key=322
delete rand key=19875
delete rand key=6851
delete rand key=18809
insert rand key=391
insert rand key=16164
delete rand key=12859
delete rand key=13247
insert rand key=14894
insert rand key=12822
insert rand key=17978
insert rand key=2179
insert rand key=4914
insert rand key=6654
insert rand key=11827
delete rand key=12528
insert rand key=1092
delete rand key=7527
delete rand key=7745
insert rand key=11921
delete rand key=14428
insert rand key=14846
delete rand key=18810
delete rand key=11577
delete rand key=11745
insert rand key=3921
delete rand key=15495
delete rand key=16485
insert rand key=12604
insert rand key=11311
insert rand key=16833
delete rand key=527
delete rand key=4976
delete rand key=13030
delete rand key=15580
delete rand key=19023
insert rand key=8462
insert rand key=14617
delete rand key=10719
delete rand key=11717
insert rand key=16390
delete rand key=1198
insert rand key=10293
insert rand key=17489
insert rand key=10639
delete rand key=2457
delete rand key=4191
insert rand key=11205
insert rand key=5349
insert rand key=14393
insert rand key=2972
insert rand key=17898
insert rand key=15913
insert rand key=2470
insert rand key=17541
insert rand key=16862
insert rand key=15945
insert rand key=9481
delete rand key=1222
delete rand key=17863
insert rand key=1668
insert rand key=1355
insert rand key=6124
delete rand key=2553
insert rand key=8471
insert rand key=17034
insert rand key=17531
delete rand key=1425
insert rand key=19002
insert rand key=9579
insert rand key=13521
insert rand key=1433
delete rand key=4752
insert rand key=12815
delete rand key=13431
insert rand key=12718
insert rand key=11754
insert rand key=15544
insert rand key=15189
delete rand key=13588
insert rand key=12003
insert rand key=11244
insert rand key=5768
insert rand key=15669
insert rand key=13267
insert rand key=2082
insert rand key=1243
delete rand key=6008
delete rand key=14438
insert rand key=14580
insert rand key=496
insert rand key=18079
insert rand key=13732
insert rand key=1504
insert rand key=13252
insert rand key=9084
insert rand key=7881
delete rand key=3875
insert rand key=17651
delete rand key=8835
insert rand key=15454
insert rand key=2709
delete rand key=7716
insert rand key=11755
insert rand key=18162
delete rand key=1333
insert rand key=4102
delete rand key=18124
insert rand key=10188
delete rand key=5677
delete rand key=11776
insert rand key=9655
delete rand key=9481
insert rand key=18891
insert rand key=2206
insert rand key=14944
insert rand key=12372
insert rand key=4343
insert rand key=1805
insert rand key=18807
delete rand key=1474
delete rand key=15630
delete rand key=1863
delete rand key=1725
insert rand key=11405
insert rand key=17260
delete rand key=6542
insert rand key=10809
insert rand key=4789
insert rand key=1713
insert rand key=11872
delete rand key=9973
insert rand key=10000
delete rand key=19968
delete rand key=19260
insert rand key=5864
delete rand key=8898
delete rand key=11136
delete rand key=19492
delete rand key=15969
insert rand key=941
delete rand key=8807
insert rand key=19616
delete rand key=436
insert rand key=13475
delete rand key=17897
insert rand key=14516
insert rand key=7721
delete rand key=14743
delete rand key=14981
insert rand key=12875
insert rand key=9965
delete rand key=12577
insert rand key=15704
delete rand key=11137
insert rand key=18736
delete rand key=13635
insert rand key=17006
delete rand key=15564
insert rand key=9082
delete rand key=4275
insert rand key=16968
delete rand key=11605
insert rand key=7827
insert rand key=16734
delete rand key=16359
delete rand key=19447
insert rand key=541
insert rand key=7618
insert rand key=5093
delete rand key=8251
insert rand key=14957
delete rand key=407
insert rand key=5652
delete rand key=18715
insert rand key=19235
insert rand key=11349
insert rand key=3687
insert rand key=17956
delete rand key=44
insert rand key=9273
delete rand key=16389
delete rand key=17146
insert rand key=15962
insert rand key=6135
insert rand key=18147
insert rand key=7378
insert rand key=10149
insert rand key=1279
insert rand key=1771
delete rand key=19909
delete rand key=11092
delete rand key=2147
insert rand key=19495
insert rand key=11333
delete rand key=1882
delete rand key=15863
insert rand key=6288
insert rand key=12652
delete rand key=15097
insert rand key=2633
insert rand key=17285
insert rand key=5255
insert rand key=9714
insert rand key=9326
delete rand key=7754
delete rand key=11789
insert rand key=13176
insert rand key=15985
insert rand key=1173
insert rand key=8359
insert rand key=7601
delete rand key=12080
insert rand key=82
delete rand key=2972
insert rand key=1704
delete rand key=7434
insert rand key=19346
delete rand key=8489
insert rand key=11102
delete rand key=11294
insert rand key=2131
delete rand key=18836
insert rand key=6202
insert rand key=7032
delete rand key=19322
delete rand key=11180
delete rand key=10267
delete rand key=5329
insert rand key=3911
delete rand key=8565
insert rand key=1083
insert rand key=14196
insert rand key=18395
delete rand key=5765
insert rand key=13743
delete rand key=15895
delete rand key=6823
insert rand key=4239
insert rand key=4850
insert rand key=6795
delete rand key=914
delete rand key=14192
insert rand key=1546
insert rand key=13406
insert rand key=2945
insert rand key=19177
insert rand key=7195
insert rand key=19115
insert rand key=14554
delete rand key=11866
insert rand key=13964
insert rand key=9357
insert rand key=8114
insert rand key=14503
delete rand key=4017
delete rand key=17339
delete rand key=14565
delete rand key=4472
delete rand key=5776
insert rand key=10354
insert rand key=2826
delete rand key=7989
delete rand key=18660
insert rand key=10485
insert rand key=13650
delete rand key=1841
insert rand key=19526
insert rand key=2982
delete rand key=9810
insert rand key=1796
delete rand key=10579
insert rand key=10276
insert rand key=5374
delete rand key=17220
delete rand key=12025
insert rand key=5911
insert rand key=8088
insert rand key=5324
insert rand key=19259
delete rand key=3761
delete rand key=10179
insert rand key=7663
insert rand key=2927
insert rand key=6944
insert rand key=480
delete rand key=13389
insert rand key=16673
delete rand key=11653
insert rand key=9939
insert rand key=2006
insert rand key=9729
delete rand key=14035
insert rand key=762
insert rand key=12503
delete rand key=13024
insert rand key=1460
insert rand key=9330
insert rand key=13826
insert rand key=18387
insert rand key=16457
delete rand key=3950
insert rand key=1700
delete rand key=17843
delete rand key=11924
delete rand key=8218
insert rand key=18464
insert rand key=5461
insert rand key=7103
delete rand key=3102
delete rand key=1617
insert rand key=9035
delete rand key=16451
delete rand key=10149
insert rand key=19003
delete rand key=10241
delete rand key=1276
insert rand key=17943
delete rand key=1079
insert rand key=14718
insert rand key=16838
delete rand key=19283
insert rand key=6131
delete rand key=6977
delete rand key=5492
insert rand key=6030
insert rand key=6757
insert rand key=3846
delete rand key=6839
delete rand key=2153
insert rand key=17733
insert rand key=13574
insert rand key=11734
insert rand key=10032
delete rand key=295
insert rand key=15347
insert rand key=16976
delete rand key=1119
delete rand key=12657
insert rand key=18952
delete rand key=481
insert rand key=12017
insert rand key=6216
delete rand key=10000
delete rand key=3382
delete rand key=13414
insert rand key=17457
insert rand key=12445
delete rand key=9739
insert rand key=12452
insert rand key=14848
delete rand key=13498
insert rand key=18259
insert rand key=19276
delete rand key=1929
delete rand key=14309
delete rand key=13435
delete rand key=9561
delete rand key=14970
insert rand key=19217
insert rand key=1817
delete rand key=1092
delete rand key=18260
insert rand key=19812
insert rand key=14606
insert rand key=13615
delete rand key=13508
delete rand key=16951
delete rand key=12885
insert rand key=9172
delete rand key=15224
insert rand key=5142
insert rand key=8905
delete rand key=3206
insert rand key=17143
insert rand key=12287
insert rand key=12877
delete rand key=9205
insert rand key=17450
insert rand key=13901
insert rand key=6833
insert rand key=11967
delete rand key=14059
delete rand key=8779
delete rand key=15706
insert rand key=13365
insert rand key=13487
insert rand key=17446
delete rand key=655
insert rand key=18143
delete rand key=4839
insert rand key=15691
insert rand key=13486
insert rand key=17294
delete rand key=19095
delete rand key=15924
delete rand key=15168
delete rand key=18912
delete rand key=16194
delete rand key=2950
delete rand key=8596
delete rand key=2709
insert rand key=4454
insert rand key=2952
insert rand key=14342
insert rand key=17158
insert rand key=4099
insert rand key=16848
delete rand key=14703
insert rand key=3431
delete rand key=10176
delete rand key=17066
insert rand key=15941
delete rand key=15456
insert rand key=15276
delete rand key=11610
insert rand key=3662
insert rand key=7019
delete rand key=10293
delete rand key=384
insert rand key=9727
insert rand key=2621
insert rand key=16536
delete rand key=2661
insert rand key=8607
delete rand key=5741
delete rand key=19290
delete rand key=7092
insert rand key=14768
insert rand key=17047
delete rand key=12526
insert rand key=13955
insert rand key=18196
insert rand key=15456
delete rand key=16363
insert rand key=1280
delete rand key=3215
delete rand key=1825
insert rand key=15063
insert rand key=2798
insert rand key=5211
delete rand key=3418
delete rand key=17320
insert rand key=12659
insert rand key=15379
insert rand key=3947
insert rand key=699
insert rand key=13686
delete rand key=3585
insert rand key=19833
delete rand key=12672
delete rand key=14083
insert rand key=14093
insert rand key=6106
insert rand key=15585
delete rand key=3768
insert rand key=13247
delete rand key=15558
insert rand key=8770
delete rand key=18465
delete rand key=3829
delete rand key=2651
insert rand key=7596
delete rand key=18910
delete rand key=18383
insert rand key=4272
insert rand key=10805
insert rand key=7940
insert rand key=10163
insert rand key=17206
insert rand key=10449
insert rand key=15796
insert rand key=14954
delete rand key=11255
delete rand key=6935
insert rand key=17425
insert rand key=2690
insert rand key=8677
delete rand key=10552
insert rand key=7804
insert rand key=9442
delete rand key=14942
insert rand key=16326
insert rand key=19643
insert rand key=9033
insert rand key=5390
insert rand key=13785
insert rand key=7640
insert rand key=18318
insert rand key=6281
insert rand key=4823
insert rand key=3731
insert rand key=7303
delete rand key=9215
delete rand key=19426
insert rand key=3729
insert rand key=18618
delete rand key=15057
delete rand key=3694
delete rand key=11308
delete rand key=4807
insert rand key=9893
delete rand key=3249
delete rand key=6124
insert rand key=6149
insert rand key=2688
insert rand key=8274
insert rand key=3050
insert rand key=19572
delete rand key=19877
insert rand key=10555
insert rand key=15970
delete rand key=5020
insert rand key=11271
insert rand key=9770
insert rand key=5632
delete rand key=2826
delete rand key=10924
insert rand key=475
delete rand key=9949
delete rand key=16073
delete rand key=4828
delete rand key=8115
delete rand key=1898
delete rand key=14787
delete rand key=6273
insert rand key=13306
insert rand key=3875
insert rand key=427
insert rand key=14181
insert rand key=9588
delete rand key=4200
insert rand key=10416
delete rand key=17283
insert rand key=1686
delete rand key=10460
insert rand key=10098
insert rand key=18234
delete rand key=19571
insert rand key=10168
delete rand key=17499
insert rand key=12021
insert rand key=7240
insert rand key=9049
delete rand key=2744
delete rand key=4011
delete rand key=13876
delete rand key=6370
insert rand key=300
delete rand key=12206
insert rand key=18420
insert rand key=17408
delete rand key=12365
insert rand key=6280
delete rand key=982
delete rand key=3662
delete rand key=5
insert rand key=3512
delete rand key=2266
delete rand key=17092
insert rand key=12285
delete rand key=11872
delete rand key=10166
insert rand key=8081
insert rand key=10511
insert rand key=2320
insert rand key=7927
insert rand key=10479
delete rand key=7939
insert rand key=10832
insert rand key=3722
delete rand key=9695
delete rand key=4873
insert rand key=15434
insert rand key=6029
delete rand key=17450
delete rand key=6681
delete rand key=9124
insert rand key=6826
insert rand key=13316
insert rand key=14740
delete rand key=4888
insert rand key=6571
insert rand key=13065
insert rand key=16397
delete rand key=7777
insert rand key=2140
insert rand key=7950
delete rand key=19617
insert rand key=9288
delete rand key=1629
delete rand key=5996
delete rand key=10263
insert rand key=4422
insert rand key=1303
insert rand key=2029
insert rand key=1972
delete rand key=8415
insert rand key=6242
delete rand key=15055
insert rand key=11129
insert rand key=7416
insert rand key=19706
insert rand key=15538
insert rand key=2339
delete rand key=10979
delete rand key=12996
insert rand key=14016
delete rand key=9189
insert rand key=6837
delete rand key=13011
insert rand key=11078
insert rand key=16676
delete rand key=6796
insert rand key=16952
delete rand key=6070
delete rand key=2245
delete rand key=12109
insert rand key=17530
delete rand key=7165
insert rand key=2528
insert rand key=9336
insert rand key=8025
insert rand key=14654
delete rand key=5071
delete rand key=456
insert rand key=315
insert rand key=8048
insert rand key=16914
delete rand key=19304
insert rand key=7238
insert rand key=5584
insert rand key=15699
delete rand key=16279
delete rand key=15540
insert rand key=9930
delete rand key=14151
delete rand key=12899
insert rand key=5038
delete rand key=11240
delete rand key=10892
delete rand key=11206
insert rand key=19530
insert rand key=12779
insert rand key=19946
insert rand key=18186
delete rand key=11713
insert rand key=12641
delete rand key=17389
delete rand key=9473
insert rand key=19148
delete rand key=140
insert rand key=10260
insert rand key=18235
delete rand key=15122
insert rand key=3946
insert rand key=11836
delete rand key=19633
insert rand key=14921
delete rand key=8778
insert rand key=15363
insert rand key=9086
insert rand key=9731
insert rand key=18026
insert rand key=16504
insert rand key=3727
insert rand key=7766
delete rand key=8135
insert rand key=14040
insert rand key=17067
insert rand key=4209
delete rand key=14302
delete rand key=9195
delete rand key=8771
delete rand key=16339
insert rand key=4807
insert rand key=19594
delete rand key=250
delete rand key=12606
delete rand key=9199
insert rand key=4931
insert rand key=7065
delete rand key=14008
insert rand key=8424
insert rand key=9646
insert rand key=5103
insert rand key=18338
delete rand key=11218
insert rand key=12040
delete rand key=683
insert rand key=2463
insert rand key=10181
delete rand key=9233
insert rand key=18831
insert rand key=13880
delete rand key=13559
delete rand key=5593
insert rand key=15389
insert rand key=18839
insert rand key=15143
delete rand key=18464
delete rand key=6942
delete rand key=4667
insert rand key=15182
insert rand key=11134
insert rand key=3721
insert rand key=12977
delete rand key=15177
insert rand key=12528
insert rand key=18238
insert rand key=6665
delete rand key=13281
insert rand key=3613
insert rand key=17985
delete rand key=1933
delete rand key=11380
delete rand key=7025
insert rand key=8485
delete rand key=8260
delete rand key=16690
delete rand key=2608
insert rand key=15766
delete rand key=15280
insert rand key=13328
insert rand key=9723
insert rand key=8971
insert rand key=3705
insert rand key=2280
insert rand key=3453
insert rand key=3451
insert rand key=11966
insert rand key=19367
insert rand key=8172
insert rand key=13533
delete rand key=16992
delete rand key=5003
delete rand key=6826
delete rand key=713
delete rand key=19990
insert rand key=2491
delete rand key=4746
insert rand key=738
delete rand key=7891
insert rand key=11216
insert rand key=272
delete rand key=16141
insert rand key=14759
delete rand key=15189
insert rand key=15126
delete rand key=9108
delete rand key=619
delete rand key=5362
delete rand key=15817
insert rand key=657
insert rand key=871
insert rand key=6588
insert rand key=14729
delete rand key=13103
delete rand key=14894
insert rand key=12588
insert rand key=2885
insert rand key=8120
delete rand key=17470
insert rand key=16232
delete rand key=2944
insert rand key=12747
insert rand key=8454
delete rand key=1673
insert rand key=14762
delete rand key=921
delete rand key=15435
insert rand key=3908
insert rand key=19462
delete rand key=9156
insert rand key=3008
insert rand key=7479
delete rand key=3620
delete rand key=5062
insert rand key=19206
insert rand key=11542
delete rand key=2011
delete rand key=14822
insert rand key=5692
delete rand key=9204
insert rand key=11097
delete rand key=892
delete rand key=15748
delete rand key=600
delete rand key=3453
insert rand key=1044
delete rand key=12536
insert rand key=9771
insert rand key=9496
insert rand key=4614
delete rand key=675
insert rand key=5192
delete rand key=6805
delete rand key=519
insert rand key=15278
delete rand key=1648
delete rand key=910
insert rand key=3667
delete rand key=16646
delete rand key=16851
delete rand key=18392
delete rand key=9442
insert rand key=897
insert rand key=5112
delete rand key=6516
insert rand key=11384
insert rand key=8963
insert rand key=7725
insert rand key=11046
delete rand key=14285
insert rand key=3445
insert rand key=11176
insert rand key=8615
delete rand key=12152
delete rand key=13512
delete rand key=6710
insert rand key=18822
insert rand key=12219
insert rand key=8218
insert rand key=12997
delete rand key=7878
insert rand key=9663
delete rand key=12538
delete rand key=12923
delete rand key=12632
delete rand key=13579
insert rand key=10519
insert rand key=12735
delete rand key=13855
insert rand key=335
delete rand key=18461
delete rand key=4720
insert rand key=12359
insert rand key=4577
insert rand key=13348
delete rand key=2164
delete rand key=14196
delete rand key=3991
delete rand key=5150
delete rand key=1283
insert rand key=11514
delete rand key=1154
insert rand key=7586
delete rand key=15069
insert rand key=11416
delete rand key=8419
insert rand key=18294
insert rand key=15443
insert rand key=8622
insert rand key=7801
delete rand key=316
insert rand key=4847
insert rand key=11856
delete rand key=16164
delete rand key=7204
insert rand key=412
insert rand key=13738
insert rand key=19803
insert rand key=11878
delete rand key=14882
insert rand key=14664
delete rand key=13064
insert rand key=4563
insert rand key=12333
delete rand key=9939
delete rand key=15349
delete rand key=14018
insert rand key=8590
delete rand key=16862
delete rand key=13292
insert rand key=16950
delete rand key=2597
insert rand key=15520
insert rand key=6078
insert rand key=212
insert rand key=18669
insert rand key=83
delete rand key=16594
delete rand key=3519
insert rand key=11041
insert rand key=15568
insert rand key=1482
insert rand key=13044
insert rand key=11082
insert rand key=6847
insert rand key=6971
insert rand key=16638
delete rand key=3687
delete rand key=485
insert rand key=16462
insert rand key=10058
insert rand key=18674
delete rand key=13483
insert rand key=13580
delete rand key=9771
delete rand key=13406
insert rand key=19239
delete rand key=14437
delete rand key=14740
delete rand key=19995
insert rand key=1929
delete rand key=2016
delete rand key=11896
insert rand key=18605
delete rand key=14322
delete rand key=9358
delete rand key=10528
delete rand key=5544
delete rand key=10008
insert rand key=10306
insert rand key=12483
insert rand key=11209
insert rand key=4224
insert rand key=12248
insert rand key=2392
insert rand key=10094
delete rand key=3273
insert rand key=12734
delete rand key=17668
delete rand key=1365
insert rand key=13867
delete rand key=424
insert rand key=5732
delete rand key=541
insert rand key=4889
insert rand key=5782
insert rand key=2695
insert rand key=228
delete rand key=10936
insert rand key=6962
delete rand key=11796
delete rand key=6879
delete rand key=10797
insert rand key=16804
delete rand key=677
delete rand key=14332
insert rand key=19182
insert rand key=5810
delete rand key=19129
insert rand key=16435
insert rand key=14519
delete rand key=16132
insert rand key=3386
delete rand key=15865
delete rand key=13734
insert rand key=8900
delete rand key=2589
delete rand key=3803
insert rand key=8822
delete rand key=16606
delete rand key=4699
delete rand key=6135
delete rand key=19235
insert rand key=19437
delete rand key=7700
insert rand key=2466
delete rand key=12340
delete rand key=2815
insert rand key=10819
delete rand key=212
insert rand key=19498
insert rand key=14607
delete rand key=3867
delete rand key=12540
insert rand key=259
delete rand key=10366
insert rand key=12887
insert rand key=250
insert rand key=19507
insert rand key=9166
insert rand key=3803
insert rand key=2407
delete rand key=3682
insert rand key=2751
insert rand key=15235
insert rand key=1170
insert rand key=9286
insert rand key=5610
insert rand key=12168
insert rand key=4043
delete rand key=5771
delete rand key=10977
delete rand key=4984
delete rand key=9298
delete rand key=5198
insert rand key=14072
insert rand key=18641
delete rand key=18111
delete rand key=14103
delete rand key=19833
insert rand key=4782
insert rand key=18992
insert rand key=9762
insert rand key=19608
insert rand key=16719
insert rand key=3566
insert rand key=19528
insert rand key=14187
insert rand key=19274
delete rand key=16476
delete rand key=9723
insert rand key=8694
insert rand key=19874
insert rand key=12051
delete rand key=18927
insert rand key=182
delete rand key=12528
insert rand key=6600
delete rand key=17502
insert rand key=3252
delete rand key=14742
insert rand key=3931
insert rand key=16073
delete rand key=15809
delete rand key=6218
delete rand key=13727
delete rand key=17586
delete rand key=2696
insert rand key=11980
insert rand key=17269
delete rand key=475
insert rand key=17173
delete rand key=18339
delete rand key=9365
delete rand key=17027
insert rand key=7440
insert rand key=10223
insert rand key=10438
insert rand key=2369
insert rand key=19484
delete rand key=7155
insert rand key=26
insert rand key=16899
insert rand key=4919
delete rand key=10276
insert rand key=7715
insert rand key=16091
insert rand key=14497
delete rand key=3677
delete rand key=13176
delete rand key=12420
delete rand key=2565
delete rand key=9884
delete rand key=5732
delete rand key=13328
insert rand key=12869
delete rand key=2758
insert rand key=13423
delete rand key=3435
delete rand key=14704
insert rand key=3348
insert rand key=490
insert rand key=10924
delete rand key=15139
insert rand key=9113
insert rand key=9831
delete rand key=3803
delete rand key=15464
insert rand key=13368
delete rand key=5864
insert rand key=4512
delete rand key=5008
insert rand key=12323
delete rand key=4510
delete rand key=3196
insert rand key=11235
delete rand key=5289
delete rand key=3460
insert rand key=3027
insert rand key=1890
insert rand key=3462
delete rand key=18336
insert rand key=1671
insert rand key=12542
insert rand key=12578
delete rand key=19026
delete rand key=16952
insert rand key=4623
delete rand key=12083
insert rand key=3560
insert rand key=8111
insert rand key=11145
insert rand key=14899
delete rand key=7953
delete rand key=17012
delete rand key=6761
insert rand key=12629
insert rand key=9162
insert rand key=16713
delete rand key=3152
insert rand key=2181
delete rand key=15446
delete rand key=570
insert rand key=10170
delete rand key=7478
insert rand key=16702
insert rand key=13928
delete rand key=7290
insert rand key=6872
insert rand key=8174
delete rand key=871
insert rand key=17599
delete rand key=17210
insert rand key=4131
delete rand key=59
delete rand key=11311
delete rand key=19946
insert rand key=262
delete rand key=17440
delete rand key=8410
insert rand key=18598
delete rand key=16873
insert rand key=2974
insert rand key=18004
delete rand key=6559
insert rand key=10589
insert rand key=2761
insert rand key=7754
insert rand key=17720
insert rand key=44
insert rand key=6492
insert rand key=535
insert rand key=19749
delete rand key=8795
insert rand key=18476
insert rand key=331
delete rand key=15871
insert rand key=583
delete rand key=7433
insert rand key=5052
delete rand key=12638
delete rand key=15516
delete rand key=19433
delete rand key=5005
delete rand key=16496
insert rand key=12548
delete rand key=5043
delete rand key=3911
insert rand key=19945
delete rand key=15396
delete rand key=11177
insert rand key=295
insert rand key=540
insert rand key=15825
delete rand key=2432
delete rand key=9353
delete rand key=14158
insert rand key=1841
insert rand key=13083
insert rand key=11460
insert rand key=6899
insert rand key=7473
delete rand key=17269
insert rand key=17468
insert rand key=3085
delete rand key=15151
delete rand key=5039
delete rand key=11838
delete rand key=4039
delete rand key=11112
delete rand key=13785
delete rand key=17689
insert rand key=14390
insert rand key=8366
insert rand key=2577
insert rand key=234
insert rand key=9245
delete rand key=11809
insert rand key=8608
delete rand key=17359
insert rand key=6965
insert rand key=19033
insert rand key=10797
insert rand key=340
insert rand key=19840
insert rand key=15679
insert rand key=17682
delete rand key=15951
delete rand key=2426
insert rand key=19734
delete rand key=13136
insert rand key=4719
delete rand key=14707
insert rand key=10507
delete rand key=13484
delete rand key=19226
insert rand key=10802
delete rand key=15104
insert rand key=7383
delete rand key=6388
delete rand key=11936
delete rand key=17329
delete rand key=8609
delete rand key=16729
delete rand key=17074
insert rand key=1239
insert rand key=1416
delete rand key=9236
insert rand key=19970
insert rand key=10822
insert rand key=17078
delete rand key=2996
insert rand key=10362
delete rand key=9981
insert rand key=7578
insert rand key=14376
insert rand key=18051
insert rand key=4316
insert rand key=136
insert rand key=17293
insert rand key=19790
insert rand key=9987
insert rand key=18710
insert rand key=10035
insert rand key=1524
insert rand key=19101
insert rand key=59
delete rand key=7671
insert rand key=4031
delete rand key=11754
insert rand key=17077
delete rand key=9770
delete rand key=14580
delete rand key=9565
delete rand key=16667
insert rand key=5294
delete rand key=12689
delete rand key=16083
insert rand key=2535
insert rand key=2558
insert rand key=11371
insert rand key=17820
delete rand key=482
delete rand key=10032
insert rand key=18472
insert rand key=11777
insert rand key=16993
delete rand key=11013
delete rand key=8003
insert rand key=14893
insert rand key=16119
delete rand key=12056
delete rand key=3583
insert rand key=5111
delete rand key=5016
delete rand key=15004
insert rand key=19579
delete rand key=9836
insert rand key=3099
delete rand key=13577
insert rand key=3152
insert rand key=16665
insert rand key=10723
delete rand key=18276
delete rand key=7986
delete rand key=9607
delete rand key=16110
delete rand key=6412
delete rand key=5220
insert rand key=9599
insert rand key=9032
delete rand key=5186
delete rand key=9155
insert rand key=1392
insert rand key=17946
delete rand key=11405
delete rand key=19254
delete rand key=3404
insert rand key=1830
delete rand key=4249
insert rand key=12367
delete rand key=6925
delete rand key=1416
insert rand key=1683
insert rand key=12983
delete rand key=4166
insert rand key=13618
delete rand key=1700
insert rand key=19545
insert rand key=13576
insert rand key=13415
delete rand key=8006
delete rand key=1704
delete rand key=5389
delete rand key=11882
delete rand key=14729
insert rand key=5061
insert rand key=19308
insert rand key=11551
delete rand key=18320
insert rand key=1203
delete rand key=7622
insert rand key=10624
insert rand key=12982
delete rand key=10947
insert rand key=9907
insert rand key=4227
insert rand key=17443
insert rand key=18490
delete rand key=18598
insert rand key=17291
insert rand key=4621
insert rand key=13214
insert rand key=6156
insert rand key=11484
insert rand key=17351
insert rand key=5823
insert rand key=8812
insert rand key=6723
insert rand key=9149
insert rand key=10359
delete rand key=3506
delete rand key=13576
delete rand key=12779
delete rand key=12869
insert rand key=17477
insert rand key=12979
insert rand key=19477
delete rand key=19555
delete rand key=13528
insert rand key=18784
delete rand key=16879
delete rand key=40
insert rand key=14662
insert rand key=12044
insert rand key=7089
insert rand key=10955
insert rand key=10089
insert rand key=14524
insert rand key=13055
delete rand key=17987
delete rand key=1270
insert rand key=9534
insert rand key=6777
insert rand key=16633
delete rand key=10322
insert rand key=18815
delete rand key=10638
delete rand key=5985
delete rand key=15931
insert rand key=7368
insert rand key=13858
delete rand key=16185
insert rand key=4217
delete rand key=6288
delete rand key=19209
delete rand key=19487
insert rand key=14076
delete rand key=17425
delete rand key=17446
delete rand key=14799
delete rand key=10983
insert rand key=15744
insert rand key=123
delete rand key=15427
insert rand key=5216
delete rand key=8274
insert rand key=10938
delete rand key=6994
insert rand key=17902
insert rand key=646
insert rand key=10592
delete rand key=3830
insert rand key=5609
delete rand key=14601
delete rand key=6807
delete rand key=10117
delete rand key=9729
insert rand key=6754
insert rand key=13794
insert rand key=9455
insert rand key=6291
insert rand key=1716
delete rand key=14870
delete rand key=2938
insert rand key=14892
delete rand key=12887
insert rand key=11635
delete rand key=7618
delete rand key=8330
insert rand key=4377
delete rand key=361
delete rand key=11412
insert rand key=15178
delete rand key=6622
delete rand key=18407
insert rand key=15955
insert rand key=12825
delete rand key=16823
delete rand key=9178
delete rand key=12428
insert rand key=17026
delete rand key=10722
insert rand key=2930
insert rand key=3415
insert rand key=10136
insert rand key=14515
delete rand key=8400
insert rand key=10128
insert rand key=2434
insert rand key=5353
insert rand key=794
delete rand key=14662
delete rand key=7672
insert rand key=9754
insert rand key=11500
delete rand key=18548
insert rand key=19781
insert rand key=2440
insert rand key=16921
insert rand key=9814
insert rand key=11098
insert rand key=11501
delete rand key=18468
insert rand key=10335
insert rand key=13165
delete rand key=12728
delete rand key=11248
insert rand key=19448
insert rand key=10441
insert rand key=6316
insert rand key=822
delete rand key=18185
delete rand key=11878
insert rand key=13742
insert rand key=3182
insert rand key=19562
insert rand key=6678
insert rand key=12872
insert rand key=19642
insert rand key=12013
insert rand key=6342
insert rand key=3910
insert rand key=11294
delete rand key=5499
insert rand key=5473
delete rand key=13399
delete rand key=17089
insert rand key=17450
insert rand key=1425
insert rand key=11173
insert rand key=14701
delete rand key=10163
insert rand key=10257
insert rand key=17852
insert rand key=16012
insert rand key=11737
insert rand key=6979
insert rand key=12175
delete rand key=8642
delete rand key=17415
delete rand key=1937
insert rand key=5084
insert rand key=14906
delete rand key=6871
insert rand key=17301
insert rand key=10675
insert rand key=407
insert rand key=16684
delete rand key=14985
delete rand key=3552
delete rand key=11994
insert rand key=1179
insert rand key=13699
insert rand key=4646
insert rand key=18421
insert rand key=4468
delete rand key=11583
insert rand key=9441
insert rand key=9874
delete rand key=14107
delete rand key=7910
delete rand key=15689
delete rand key=7586
insert rand key=14561
delete rand key=5002
delete rand key=15936
insert rand key=18230
delete rand key=8714
delete rand key=12419
delete rand key=18251
insert rand key=3618
insert rand key=8731
insert rand key=5012
insert rand key=18213
delete rand key=11595
insert rand key=9790
insert rand key=16794
insert rand key=6553
insert rand key=13808
insert rand key=7873
insert rand key=8188
insert rand key=861
delete rand key=17566
delete rand key=6817
delete rand key=15744
delete rand key=16138
insert rand key=2209
delete rand key=7154
delete rand key=18627
insert rand key=12101
insert rand key=1218
insert rand key=3678
delete rand key=191
insert rand key=3310
delete rand key=17021
delete rand key=5007
insert rand key=10437
delete rand key=8352
insert rand key=5871
insert rand key=1197
delete rand key=1093
delete rand key=19503
delete rand key=4982
delete rand key=16878
delete rand key=4978
delete rand key=11009
insert rand key=5309
insert rand key=463
insert rand key=9361
delete rand key=16435
insert rand key=9382
insert rand key=3717
delete rand key=1481
delete rand key=12498
delete rand key=15671
delete rand key=19624
insert rand key=7011
insert rand key=6946
insert rand key=4167
insert rand key=5152
delete rand key=9428
delete rand key=1723
delete rand key=3332
insert rand key=505
insert rand key=6318
insert rand key=14851
insert rand key=2592
insert rand key=2494
delete rand key=6777
insert rand key=16317
delete rand key=4385
delete rand key=16536
insert rand key=15977
insert rand key=13673
insert rand key=15547
insert rand key=2796
insert rand key=12537
delete rand key=9268
insert rand key=191
insert rand key=17072
insert rand key=1729
insert rand key=5902
insert rand key=2676
insert rand key=7251
delete rand key=793
delete rand key=5074
delete rand key=14242
insert rand key=5977
delete rand key=4650
delete rand key=3678
insert rand key=17672
insert rand key=11181
delete rand key=13020
delete rand key=18025
delete rand key=15275
delete rand key=12983
insert rand key=10212
delete rand key=3008
insert rand key=214
delete rand key=822
insert rand key=8054
delete rand key=2726
delete rand key=13629
insert rand key=18900
insert rand key=15402
insert rand key=8685
delete rand key=2945
delete rand key=9063
insert rand key=1557
insert rand key=11177
delete rand key=16567
delete rand key=1386
insert rand key=19896
delete rand key=19186
insert rand key=5383
delete rand key=4031
insert rand key=19142
insert rand key=1275
delete rand key=780
delete rand key=15025
delete rand key=8615
insert rand key=10318
delete rand key=19311
insert rand key=11064
insert rand key=11937
insert rand key=1794
delete rand key=3613
insert rand key=6543
delete rand key=2700
insert rand key=2856
insert rand key=19054
delete rand key=9965
delete rand key=3182
insert rand key=10443
delete rand key=18602
insert rand key=9550
delete rand key=44
insert rand key=14173
insert rand key=15851
delete rand key=9776
delete rand key=16576
insert rand key=18249
delete rand key=18335
delete rand key=12044
insert rand key=12350
insert rand key=90
insert rand key=13382
delete rand key=17943
insert rand key=6373
insert rand key=434
insert rand key=17474
insert rand key=18602
insert rand key=9495
insert rand key=17323
insert rand key=11894
delete rand key=8157
insert rand key=9116
delete rand key=15747
delete rand key=14649
insert rand key=2518
delete rand key=16099
delete rand key=11961
insert rand key=9133
delete rand key=1340
delete rand key=9370
delete rand key=9153
insert rand key=5440
insert rand key=8732
delete rand key=5017
delete rand key=17728
delete rand key=16260
delete rand key=19924
insert rand key=16547
delete rand key=1248
delete rand key=14848
insert rand key=11055
delete rand key=11335
insert rand key=8722
delete rand key=4759
delete rand key=13908
delete rand key=13022
delete rand key=10949
insert rand key=8706
delete rand key=19465
delete rand key=15463
insert rand key=2919
delete rand key=16642
delete rand key=8432
delete rand key=2213
delete rand key=2299
insert rand key=13627
insert rand key=6874
delete rand key=6169
insert rand key=556
insert rand key=17183
delete rand key=19356
delete rand key=3841
delete rand key=9576
insert rand key=12378
insert rand key=13465
insert rand key=2359
insert rand key=10705
delete rand key=16664
insert rand key=18933
delete rand key=13594
delete rand key=5142
delete rand key=1204
insert rand key=8983
delete rand key=19498
insert rand key=19057
insert rand key=2951
insert rand key=1138
delete rand key=10750
delete rand key=5432
delete rand key=7578
delete rand key=2834
delete rand key=2982
insert rand key=9842
insert rand key=7066
insert rand key=7578
insert rand key=9250
insert rand key=2619
delete rand key=7416
insert rand key=10794
delete rand key=19148
delete rand key=14241
delete rand key=1214
insert rand key=6333
insert rand key=5088
delete rand key=13267
insert rand key=19547
insert rand key=1191
delete rand key=4612
delete rand key=9588
insert rand key=11346
insert rand key=19640
delete rand key=17227
delete rand key=10389
delete rand key=5665
delete rand key=4229
delete rand key=2030
insert rand key=7787
delete rand key=19362
insert rand key=17033
insert rand key=631
insert rand key=15369
delete rand key=19581
insert rand key=10199
delete rand key=17255
delete rand key=18992
delete rand key=17809
insert rand key=18431
delete rand key=8822
delete rand key=12042
delete rand key=3784
delete rand key=2409
delete rand key=16741
insert rand key=18044
delete rand key=17613
insert rand key=19626
insert rand key=17261
delete rand key=2659
insert rand key=9096
delete rand key=11349
delete rand key=3
delete rand key=16922
insert rand key=19961
insert rand key=15809
delete rand key=10727
insert rand key=16126
delete rand key=2061
insert rand key=1783
insert rand key=14420
insert rand key=18488
insert rand key=741
delete rand key=13230
delete rand key=3573
insert rand key=446
delete rand key=9617
delete rand key=7997
insert rand key=6987
delete rand key=1312
insert rand key=3482
delete rand key=11177
delete rand key=12101
delete rand key=4914
delete rand key=16790
insert rand key=11943
insert rand key=5751
insert rand key=9241
delete rand key=8102
delete rand key=1639
insert rand key=14628
insert rand key=13635
insert rand key=18777
delete rand key=11563
insert rand key=1104
insert rand key=19179
insert rand key=13488
delete rand key=5067
delete rand key=14540
delete rand key=12333
delete rand key=8384
delete rand key=4871
insert rand key=14542
insert rand key=3906
insert rand key=3823
delete rand key=18822
delete rand key=5365
delete rand key=12781
delete rand key=9171
delete rand key=15125
insert rand key=4603
insert rand key=15747
insert rand key=2686
delete rand key=1559
insert rand key=7576
delete rand key=3739
insert rand key=10754
delete rand key=8326
delete rand key=15032
delete rand key=12553
insert rand key=13948
insert rand key=17075
delete rand key=13966
insert rand key=3489
insert rand key=11269
insert rand key=9074
insert rand key=2231
insert rand key=18989
insert rand key=1654
insert rand key=14068
delete rand key=16968
delete rand key=7083
insert rand key=19458
insert rand key=11532
insert rand key=1325
insert rand key=12477
delete rand key=16596
delete rand key=5269
insert rand key=17262
insert rand key=18393
insert rand key=18498
insert rand key=19568
delete rand key=15204
delete rand key=10895
delete rand key=4059
insert rand key=3023
delete rand key=11705
insert rand key=17912
insert rand key=8240
delete rand key=7493
delete rand key=2463
delete rand key=17724
insert rand key=6073
delete rand key=10323
insert rand key=7990
insert rand key=13427
insert rand key=10413
delete rand key=11283
insert rand key=5430
insert rand key=15964
delete rand key=10919
insert rand key=15298
insert rand key=9703
insert rand key=17467
insert rand key=8452
insert rand key=19492
insert rand key=16259
delete rand key=15150
delete rand key=2509
insert rand key=7270
insert rand key=3662
delete rand key=19142
delete rand key=4023
insert rand key=18205
insert rand key=18637
insert rand key=9148
insert rand key=15778
delete rand key=17529
insert rand key=13088
delete rand key=6521
delete rand key=10870
delete rand key=8053
insert rand key=12235
delete rand key=8582
delete rand key=1533
insert rand key=4555
insert rand key=16087
insert rand key=10745
insert rand key=13354
insert rand key=3510
delete rand key=8718
insert rand key=18574
insert rand key=16230
delete rand key=9049
insert rand key=10176
insert rand key=16760
delete rand key=13131
delete rand key=18747
delete rand key=7007
delete rand key=16294
insert rand key=10025
insert rand key=15739
delete rand key=12999
insert rand key=9751
delete rand key=12578
insert rand key=17211
insert rand key=12774
insert rand key=16063
insert rand key=8362
insert rand key=5076
delete rand key=6608
insert rand key=6381
delete rand key=15756
insert rand key=3957
insert rand key=10271
delete rand key=8944
insert rand key=1815
delete rand key=16361
delete rand key=741
insert rand key=10310
insert rand key=3777
insert rand key=3112
insert rand key=3358
delete rand key=201
delete rand key=13485
insert rand key=1486
delete rand key=10714
delete rand key=1329
insert rand key=12921
delete rand key=12369
delete rand key=5644
delete rand key=260
insert rand key=5688
delete rand key=17723
insert rand key=9905
delete rand key=5092
insert rand key=15170
insert rand key=9616
delete rand key=18196
delete rand key=12250
delete rand key=128
delete rand key=5117
delete rand key=5387
insert rand key=10398
insert rand key=2038
delete rand key=8088
delete rand key=11034
delete rand key=18147
delete rand key=17084
delete rand key=9431
delete rand key=14372
delete rand key=5838
delete rand key=9190
delete rand key=13358
insert rand key=12494
insert rand key=10671
delete rand key=4850
delete rand key=6294
insert rand key=4031
delete rand key=15449
insert rand key=14150
insert rand key=825
delete rand key=25
insert rand key=2879
delete rand key=11714
insert rand key=15991
insert rand key=19796
insert rand key=6101
delete rand key=11410
insert rand key=17518
delete rand key=11161
insert rand key=8856
insert rand key=4933
insert rand key=19806
delete rand key=13521
delete rand key=12462
delete rand key=19761
delete rand key=1979
delete rand key=12028
insert rand key=5229
insert rand key=4875
delete rand key=12990
insert rand key=11935
insert rand key=19574
delete rand key=4822
insert rand key=11530
insert rand key=1860
delete rand key=15753
insert rand key=8086
insert rand key=13892
insert rand key=5184
delete rand key=16826
delete rand key=4220
delete rand key=1510
delete rand key=49
insert rand key=6575
insert rand key=4197
delete rand key=15243
insert rand key=14202
delete rand key=15392
delete rand key=9583
delete rand key=10565
insert rand key=19604
insert rand key=12383
insert rand key=9536
insert rand key=374
delete rand key=14115
delete rand key=12871
delete rand key=6966
insert rand key=14392
delete rand key=7441
delete rand key=8240
delete rand key=13293
insert rand key=11226
delete rand key=1488
delete rand key=18516
insert rand key=7427
delete rand key=12610
delete rand key=11256
delete rand key=9041
delete rand key=13526
insert rand key=6339
insert rand key=4703
insert rand key=2416
delete rand key=15785
delete rand key=19509
delete rand key=72
delete rand key=10126
delete rand key=19030
delete rand key=16221
delete rand key=12317
insert rand key=3223
insert rand key=4545
delete rand key=4399
insert rand key=3938
delete rand key=9628
delete rand key=6659
insert rand key=1175
delete rand key=15837
delete rand key=1598
insert rand key=15398
delete rand key=1809
delete rand key=2259
insert rand key=14985
insert rand key=3473
insert rand key=8348
insert rand key=15996
delete rand key=2752
delete rand key=12213
delete rand key=4735
delete rand key=10009
delete rand key=9382
insert rand key=17334
insert rand key=18553
delete rand key=9405
insert rand key=5698
delete rand key=15278
delete rand key=10212
delete rand key=8291
insert rand key=19404
insert rand key=17217
delete rand key=13965
delete rand key=17354
insert rand key=14558
insert rand key=6180
delete rand key=14490
delete rand key=2695
insert rand key=3328
delete rand key=19639
insert rand key=5145
insert rand key=3631
insert rand key=4722
delete rand key=8806
insert rand key=18324
delete rand key=17141
delete rand key=169
insert rand key=8800
delete rand key=18904
insert rand key=14777
insert rand key=11340
delete rand key=3952
insert rand key=15228
insert rand key=18993
delete rand key=11022
insert rand key=16253
insert rand key=4399
insert rand key=6638
insert rand key=17014
delete rand key=8895
delete rand key=3328
delete rand key=7430
delete rand key=17955
insert rand key=9577
delete rand key=13867
insert rand key=5319
delete rand key=13650
delete rand key=10789
insert rand key=3728
delete rand key=19734
insert rand key=14191
insert rand key=12838
delete rand key=18957
insert rand key=139
insert rand key=9637
insert rand key=13477
delete rand key=17443
insert rand key=17608
insert rand key=14579
delete rand key=2794
delete rand key=14500
insert rand key=7579
insert rand key=19972
insert rand key=2829
insert rand key=15772
insert rand key=42
insert rand key=14285
delete rand key=352
insert rand key=13986
insert rand key=14379
delete rand key=6775
insert rand key=8228
delete rand key=16224
insert rand key=8968
delete rand key=4722
insert rand key=12462
delete rand key=19247
delete rand key=13418
insert rand key=11219
delete rand key=6657
insert rand key=14290
insert rand key=5551
insert rand key=2160
delete rand key=2448
insert rand key=4101
insert rand key=4395
delete rand key=6872
delete rand key=6669
delete rand key=6365
delete rand key=8025
insert rand key=9427
delete rand key=1192
delete rand key=16950
insert rand key=4443
insert rand key=11687
delete rand key=12478
insert rand key=8880
delete rand key=12877
insert rand key=19556
delete rand key=13333
insert rand key=8403
delete rand key=8111
insert rand key=6864
delete rand key=10031
insert rand key=18931
delete rand key=3147
delete rand key=236
insert rand key=19144
delete rand key=8226
insert rand key=871
delete rand key=5070
delete rand key=5383
insert rand key=19743
insert rand key=6584
insert rand key=19059
insert rand key=15740
insert rand key=16964
insert rand key=1736
delete rand key=15927
delete rand key=13884
delete rand key=9084
delete rand key=10088
delete rand key=7859
delete rand key=10868
delete rand key=13913
delete rand key=17720
insert rand key=6464
delete rand key=9654
delete rand key=19972
insert rand key=3146
delete rand key=16705
delete rand key=1227
insert rand key=7459
delete rand key=4875
delete rand key=2190
delete rand key=14644
insert rand key=1625
delete rand key=6852
insert rand key=19520
insert rand key=1650
delete rand key=5609
delete rand key=3798
delete rand key=7787
delete rand key=17334
delete rand key=11123
delete rand key=18681
insert rand key=6977
delete rand key=15632
insert rand key=17766
insert rand key=15926
insert rand key=12830
insert rand key=2342
delete rand key=19619
insert rand key=13546
insert rand key=11515
insert rand key=7907
insert rand key=13227
delete rand key=5795
insert rand key=3584
insert rand key=11079
delete rand key=7876
insert rand key=18770
delete rand key=10765
delete rand key=4572
delete rand key=11941
insert rand key=2729
insert rand key=19252
insert rand key=4651
delete rand key=10471
delete rand key=9096
insert rand key=16680
delete rand key=12662
delete rand key=19057
insert rand key=13799
insert rand key=6294
insert rand key=13156
insert rand key=3698
delete rand key=2074
delete rand key=14751
insert rand key=17709
insert rand key=17052
insert rand key=14966
insert rand key=17321
insert rand key=15783
insert rand key=10366
insert rand key=11633
insert rand key=13741
delete rand key=12805
insert rand key=19272
delete rand key=14986
delete rand key=2926
insert rand key=13060
delete rand key=9103
delete rand key=3836
insert rand key=12099
insert rand key=16891
delete rand key=5768
delete rand key=1556
delete rand key=10839
delete rand key=12494
delete rand key=16537
insert rand key=17252
insert rand key=16896
insert rand key=1131
insert rand key=10376
delete rand key=6228
insert rand key=7148
insert rand key=1831
delete rand key=5177
insert rand key=91
insert rand key=18214
delete rand key=962
delete rand key=10192
insert rand key=1643
delete rand key=9698
insert rand key=5080
insert rand key=15822
delete rand key=1713
insert rand key=17521
delete rand key=17201
insert rand key=16931
delete rand key=2441
delete rand key=12861
delete rand key=14921
insert rand key=11807
insert rand key=2905
insert rand key=5143
insert rand key=9632
insert rand key=17470
insert rand key=6587
delete rand key=18587
delete rand key=12931
insert rand key=4801
delete rand key=13892
insert rand key=7147
insert rand key=10574
insert rand key=16945
insert rand key=3292
delete rand key=12772
insert rand key=16862
insert rand key=19420
insert rand key=9144
insert rand key=4342
delete rand key=12163
insert rand key=1314
insert rand key=3932
insert rand key=15281
delete rand key=11437
insert rand key=7187
delete rand key=13081
insert rand key=11600
insert rand key=8667
delete rand key=3254
delete rand key=4413
insert rand key=5947
insert rand key=201
insert rand key=17201
delete rand key=11262
insert rand key=2152
insert rand key=6807
insert rand key=14347
insert rand key=4259
delete rand key=18338
delete rand key=18017
insert rand key=19354
insert rand key=5672
delete rand key=5947
delete rand key=1424
delete rand key=10094
insert rand key=19313
delete rand key=11966
insert rand key=9908
insert rand key=10834
delete rand key=3627
delete rand key=4943
insert rand key=13321
delete rand key=16061
delete rand key=9577
insert rand key=16096
insert rand key=4689
delete rand key=8888
delete rand key=9485
delete rand key=10280
insert rand key=5511
insert rand key=7748
insert rand key=19932
insert rand key=4580
delete rand key=976
delete rand key=1218
delete rand key=1746
insert rand key=3645
delete rand key=4272
delete rand key=10574
insert rand key=4254
insert rand key=19842
insert rand key=4971
insert rand key=6579
delete rand key=4367
insert rand key=1374
insert rand key=5017
insert rand key=8700
insert rand key=2254
delete rand key=11871
delete rand key=5080
insert rand key=10756
delete rand key=3995
delete rand key=11551
delete rand key=1862
insert rand key=13831
insert rand key=12564
insert rand key=6945
insert rand key=15210
delete rand key=3121
insert rand key=10075
insert rand key=2184
delete rand key=15339
delete rand key=12162
delete rand key=5511
delete rand key=7287
insert rand key=3322
insert rand key=12642
delete rand key=4223
insert rand key=18411
insert rand key=7224
delete rand key=11433
insert rand key=276
delete rand key=12630
insert rand key=1897
delete rand key=14239
delete rand key=17260
delete rand key=3109
delete rand key=11600
insert rand key=15497
insert rand key=4745
delete rand key=8605
delete rand key=14197
insert rand key=11376
insert rand key=2165
insert rand key=15334
insert rand key=6802
insert rand key=7274
insert rand key=17948
insert rand key=10448
insert rand key=14676
insert rand key=13259
insert rand key=5490
insert rand key=1087
insert rand key=10565
delete rand key=14072
delete rand key=368
insert rand key=11447
insert rand key=14910
insert rand key=6590
insert rand key=13072
delete rand key=9603
delete rand key=5515
insert rand key=19841
delete rand key=19177
insert rand key=13149
delete rand key=1671
delete rand key=2720
delete rand key=11970
insert rand key=12859
delete rand key=1815
delete rand key=19608
delete rand key=7752
insert rand key=14907
delete rand key=9277
insert rand key=14636
delete rand key=18849
insert rand key=9848
insert rand key=5082
insert rand key=10482
delete rand key=12503
delete rand key=9149
insert rand key=16006
insert rand key=14210
delete rand key=17653
insert rand key=9894
insert rand key=18134
insert rand key=13861
insert rand key=16770
insert rand key=16677
delete rand key=14526
delete rand key=4583
insert rand key=14633
delete rand key=14784
insert rand key=6223
delete rand key=1467
delete rand key=9580
insert rand key=6376
delete rand key=3035
delete rand key=3705
delete rand key=18853
insert rand key=16768
insert rand key=12197
delete rand key=17938
insert rand key=19106
delete rand key=2056
insert rand key=7262
insert rand key=14472
delete rand key=5698
delete rand key=8810
insert rand key=17232
insert rand key=16359
delete rand key=18212
insert rand key=2825
insert rand key=2058
insert rand key=15237
delete rand key=14957
insert rand key=8640
delete rand key=6617
insert rand key=5475
insert rand key=7426
delete rand key=6631
delete rand key=695
insert rand key=12947
insert rand key=4439
insert rand key=9623
delete rand key=9188
insert rand key=17243
delete rand key=6987
insert rand key=18181
delete rand key=9620
insert rand key=4398
delete rand key=6908
delete rand key=149
delete rand key=13632
insert rand key=19449
delete rand key=14715
delete rand key=3085
insert rand key=5026
delete rand key=18871
insert rand key=15774
insert rand key=17661
insert rand key=19518
delete rand key=4281
delete rand key=16794
insert rand key=7146
insert rand key=13920
delete rand key=6579
insert rand key=13142
delete rand key=2165
insert rand key=2903
delete rand key=7274
insert rand key=15404
insert rand key=15749
delete rand key=17808
insert rand key=6433
delete rand key=13790
delete rand key=1668
delete rand key=9023
insert rand key=12809
delete rand key=19220
delete rand key=17755
insert rand key=12502
insert rand key=17694
delete rand key=15945
delete rand key=7299
insert rand key=11978
insert rand key=11132
delete rand key=11519
delete rand key=3731
insert rand key=16783
insert rand key=3613
insert rand key=11655
insert rand key=14938
delete rand key=16848
delete rand key=13364
insert rand key=49
insert rand key=9514
delete rand key=15292
delete rand key=16239
insert rand key=15942
delete rand key=5642
delete rand key=18053
insert rand key=2389
insert rand key=1758
delete rand key=19308
delete rand key=1902
insert rand key=3031
insert rand key=13356
delete rand key=3069
delete rand key=15281
delete rand key=8591
delete rand key=13750
delete rand key=15849
delete rand key=14996
delete rand key=16853
insert rand key=12272
insert rand key=18470
delete rand key=19097
delete rand key=4636
insert rand key=9604
insert rand key=9037
insert rand key=7252
delete rand key=7459
delete rand key=7674
delete rand key=9550
delete rand key=14038
insert rand key=15080
insert rand key=5983
insert rand key=19825
insert rand key=3793
delete rand key=16677
insert rand key=7803
delete rand key=10422
insert rand key=8569
delete rand key=12296
insert rand key=4639
delete rand key=16634
insert rand key=5422
insert rand key=4604
delete rand key=17301
insert rand key=5658
insert rand key=5981
insert rand key=8106
delete rand key=19361
delete rand key=2704
insert rand key=15785
insert rand key=9641
insert rand key=3469
delete rand key=15772
insert rand key=13225
insert rand key=5802
insert rand key=2106
delete rand key=7940
insert rand key=16446
delete rand key=4909
delete rand key=2966
delete rand key=8276
delete rand key=5353
insert rand key=17460
delete rand key=6096
delete rand key=15735
delete rand key=7847
insert rand key=10146
delete rand key=15075
insert rand key=373
insert rand key=11512
insert rand key=10162
insert rand key=5783
delete rand key=11388
delete rand key=1250
insert rand key=5054
delete rand key=8314
insert rand key=10818
delete rand key=3593
delete rand key=14181
insert rand key=19015
insert rand key=8870
delete rand key=15717
insert rand key=11437
insert rand key=9369
insert rand key=8903
delete rand key=3857
delete rand key=13303
insert rand key=258
insert rand key=10008
delete rand key=4342
delete rand key=15953
insert rand key=7211
delete rand key=10315
insert rand key=11492
delete rand key=10441
delete rand key=5144
delete rand key=7741
insert rand key=4530
insert rand key=11108
insert rand key=16450
insert rand key=17209
insert rand key=10574
insert rand key=5091
insert rand key=7137
insert rand key=18741
delete rand key=18324
delete rand key=6963
delete rand key=4904
delete rand key=397
delete rand key=5589
delete rand key=1500
insert rand key=7933
insert rand key=17396
delete rand key=10298
delete rand key=2493
delete rand key=8348
delete rand key=543
delete rand key=11038
delete rand key=14477
delete rand key=2027
delete rand key=12570
delete rand key=14860
delete rand key=5012
delete rand key=3384
delete rand key=18099
insert rand key=9254
delete rand key=18752
insert rand key=14585
insert rand key=3028
delete rand key=3247
delete rand key=7946
insert rand key=3230
insert rand key=8690
delete rand key=17730
insert rand key=1901
delete rand key=12537
insert rand key=18192
delete rand key=12197
insert rand key=5626
insert rand key=14673
delete rand key=11847
insert rand key=219
delete rand key=16618
delete rand key=354
delete rand key=5481
delete rand key=5093
insert rand key=18959
insert rand key=2899
insert rand key=12473
delete rand key=631
delete rand key=10742
delete rand key=10093
insert rand key=4430
insert rand key=13103
insert rand key=11770
delete rand key=12284
insert rand key=585
delete rand key=11530
delete rand key=15237
insert rand key=13704
delete rand key=8458
delete rand key=3477
insert rand key=11292
insert rand key=7676
insert rand key=13893
insert rand key=15485
insert rand key=9103
insert rand key=6424
delete rand key=10783
insert rand key=10901
delete rand key=14944
insert rand key=2941
delete rand key=16524
delete rand key=12605
insert rand key=4123
delete rand key=14317
delete rand key=13888
insert rand key=18378
insert rand key=9962
delete rand key=4840
delete rand key=580
insert rand key=15532
insert rand key=18459
delete rand key=2344
delete rand key=14659
delete rand key=1978
delete rand key=4663
delete rand key=4210
delete rand key=395
insert rand key=9349
delete rand key=6178
insert rand key=11091
delete rand key=16683
insert rand key=9391
insert rand key=9170
insert rand key=12331
insert rand key=14908
insert rand key=78
delete rand key=17949
insert rand key=6353
insert rand key=19188
delete rand key=15824
insert rand key=205
insert rand key=14564
delete rand key=12293
insert rand key=397
insert rand key=16376
delete rand key=11656
insert rand key=17055
insert rand key=11190
delete rand key=4439
insert rand key=13064
delete rand key=1975
delete rand key=17456
insert rand key=11250
delete rand key=9889
delete rand key=10958
delete rand key=17346
delete rand key=8956
insert rand key=1641
insert rand key=10218
delete rand key=62
delete rand key=902
insert rand key=17765
delete rand key=17985
delete rand key=7248
delete rand key=16749
delete rand key=6725
delete rand key=3467
insert rand key=16585
insert rand key=15810
delete rand key=1876
insert rand key=10145
insert rand key=16766
insert rand key=6995
delete rand key=14850
delete rand key=4353
insert rand key=10557
insert rand key=17742
delete rand key=17156
insert rand key=18887
insert rand key=1177
insert rand key=12401
insert rand key=3761
insert rand key=8191
delete rand key=4019
insert rand key=1607
delete rand key=7824
insert rand key=9112
insert rand key=2497
insert rand key=12715
delete rand key=16869
delete rand key=1314
delete rand key=19631
insert rand key=10143
delete rand key=11250
delete rand key=11107
delete rand key=7682
delete rand key=11128
insert rand key=1762
insert rand key=7484
insert rand key=10889
insert rand key=15801
insert rand key=16307
insert rand key=10281
insert rand key=14880
delete rand key=4422
delete rand key=2419
insert rand key=7574
delete rand key=16025
insert rand key=6417
insert rand key=10603
delete rand key=11831
insert rand key=3637
delete rand key=679
delete rand key=13209
delete rand key=10754
insert rand key=7693
insert rand key=387
insert rand key=19946
delete rand key=13266
insert rand key=469
insert rand key=8372
delete rand key=16751
insert rand key=18446
insert rand key=15590
insert rand key=10588
delete rand key=17312
delete rand key=12508
delete rand key=11723
insert rand key=11562
insert rand key=5519
insert rand key=1080
insert rand key=12089
delete rand key=6424
insert rand key=2442
insert rand key=693
delete rand key=6262
insert rand key=9481
delete rand key=19259
insert rand key=10034
insert rand key=15260
insert rand key=16213
insert rand key=7242
delete rand key=4425
insert rand key=17005
delete rand key=2180
delete rand key=17317
delete rand key=15737
delete rand key=18459
insert rand key=504
delete rand key=9294
insert rand key=13899
delete rand key=95
insert rand key=14289
insert rand key=13180
delete rand key=13388
delete rand key=12473
insert rand key=19659
insert rand key=16756
insert rand key=13026
delete rand key=18682
delete rand key=3494
insert rand key=13870
delete rand key=10745
insert rand key=15042
delete rand key=7686
delete rand key=10771
insert rand key=14526
delete rand key=2152
delete rand key=12337
insert rand key=13802
insert rand key=558
insert rand key=348
insert rand key=17749
insert rand key=4411
insert rand key=10208
insert rand key=3141
delete rand key=11087
insert rand key=10591
delete rand key=13
insert rand key=4903
delete rand key=335
insert rand key=1095
insert rand key=18281
delete rand key=1354
insert rand key=5928
insert rand key=8978
delete rand key=1454
insert rand key=12075
insert rand key=13030
delete rand key=4211
delete rand key=13712
insert rand key=5444
insert rand key=2782
insert rand key=14912
insert rand key=17391
insert rand key=14452
delete rand key=446
insert rand key=16209
insert rand key=9014
delete rand key=15930
delete rand key=12247
insert rand key=10561
delete rand key=10420
insert rand key=6326
insert rand key=19096
insert rand key=16973
delete rand key=8669
insert rand key=19606
insert rand key=11018
delete rand key=96
delete rand key=1434
insert rand key=3831
delete rand key=8188
insert rand key=11764
insert rand key=12983
delete rand key=9496
delete rand key=4745
insert rand key=15234
delete rand key=19871
insert rand key=4602
insert rand key=7824
delete rand key=2472
insert rand key=4002
delete rand key=11226
delete rand key=16837
insert rand key=3918
insert rand key=11771
delete rand key=2038
insert rand key=19927
insert rand key=10446
delete rand key=18784
delete rand key=9307
insert rand key=9651
delete rand key=19604
insert rand key=9404
insert rand key=5803
insert rand key=6808
delete rand key=15810
insert rand key=13217
insert rand key=17040
insert rand key=18088
insert rand key=6215
delete rand key=19354
delete rand key=12172
delete rand key=609
insert rand key=9951
insert rand key=5092
insert rand key=8992
delete rand key=14097
delete rand key=13308
delete rand key=19948
delete rand key=13920
delete rand key=16931
insert rand key=5202
delete rand key=11767
delete rand key=4794
delete rand key=2798
insert rand key=12443
insert rand key=3245
delete rand key=8117
insert rand key=12467
insert rand key=14479
delete rand key=12409
delete rand key=1324
insert rand key=16577
insert rand key=4796
delete rand key=18576
delete rand key=17780
insert rand key=10125
insert rand key=6955
delete rand key=14195
delete rand key=15305
insert rand key=584
insert rand key=4945
insert rand key=8338
delete rand key=13756
delete rand key=4897
delete rand key=13097
insert rand key=15994
delete rand key=15996
delete rand key=7444
delete rand key=6584
delete rand key=19828
insert rand key=14217
delete rand key=6035
insert rand key=13971
delete rand key=11579
insert rand key=4038
insert rand key=19213
delete rand key=15341
insert rand key=12828
insert rand key=11706
delete rand key=9831
insert rand key=14535
delete rand key=879
insert rand key=13619
insert rand key=13952
insert rand key=1499
insert rand key=18193
insert rand key=2215
insert rand key=14161
insert rand key=9304
insert rand key=9892
insert rand key=16146
delete rand key=16253
insert rand key=7218
insert rand key=4671
insert rand key=13445
delete rand key=10272
delete rand key=9032
insert rand key=1321
delete rand key=16954
insert rand key=16901
insert rand key=2235
delete rand key=5423
insert rand key=8434
delete rand key=11528
delete rand key=6575
insert rand key=1361
delete rand key=6625
insert rand key=2205
insert rand key=10659
insert rand key=18496
delete rand key=16870
insert rand key=1223
insert rand key=4202
insert rand key=16075
delete rand key=7778
insert rand key=6284
insert rand key=7867
insert rand key=18725
delete rand key=10218
delete rand key=7867
insert rand key=12297
insert rand key=13906
delete rand key=14846
delete rand key=4789
delete rand key=10170
delete rand key=17267
insert rand key=17715
insert rand key=461
delete rand key=3427
delete rand key=540
delete rand key=403
insert rand key=19793
insert rand key=15604
insert rand key=15719
insert rand key=13953
delete rand key=15727
insert rand key=12100
insert rand key=11885
insert rand key=12430
insert rand key=16733
insert rand key=10169
delete rand key=9173
delete rand key=3028
insert rand key=10943
delete rand key=353
insert rand key=8119
delete rand key=14068
delete rand key=379
delete rand key=16855
delete rand key=3358
delete rand key=1990
delete rand key=17034
insert rand key=3786
insert rand key=16782
insert rand key=5809
delete rand key=10756
delete rand key=12218
insert rand key=4679
delete rand key=8931
insert rand key=5001
delete rand key=10466
delete rand key=567
insert rand key=166
insert rand key=16848
delete rand key=7993
insert rand key=7164
insert rand key=13766
insert rand key=19231
insert rand key=10869
insert rand key=2165
insert rand key=17940
insert rand key=3137
insert rand key=901
delete rand key=4728
delete rand key=3513
insert rand key=15672
insert rand key=15163
insert rand key=5074
delete rand key=11732
insert rand key=6035
insert rand key=14319
delete rand key=8172
delete rand key=2930
delete rand key=3960
insert rand key=16554
delete rand key=8120
delete rand key=8787
delete rand key=8114
delete rand key=14780
insert rand key=1452
insert rand key=2219
delete rand key=3287
delete rand key=3229
delete rand key=1130
insert rand key=15756
insert rand key=15316
insert rand key=812
insert rand key=7274
insert rand key=4498
delete rand key=14112
insert rand key=7386
delete rand key=4730
insert rand key=15280
insert rand key=7413
insert rand key=19121
insert rand key=9856
delete rand key=16429
insert rand key=17424
insert rand key=13629
delete rand key=1055
delete rand key=4031
delete rand key=10497
insert rand key=11192
delete rand key=558
delete rand key=6139
delete rand key=6213
insert rand key=14866
delete rand key=7427
insert rand key=7595
delete rand key=5598
insert rand key=15902
insert rand key=6589
insert rand key=14164
delete rand key=18873
delete rand key=10980
insert rand key=2450
insert rand key=9484
insert rand key=19211
insert rand key=3218
insert rand key=1051
insert rand key=12538
insert rand key=15442
delete rand key=11559
insert rand key=7913
delete rand key=17005
delete rand key=10199
delete rand key=19749
delete rand key=3320
delete rand key=11903
insert rand key=16958
insert rand key=2268
delete rand key=5921
insert rand key=11954
delete rand key=8903
delete rand key=5873
delete rand key=3970
delete rand key=2788
insert rand key=13578
insert rand key=19957
insert rand key=322
insert rand key=9574
insert rand key=13013
delete rand key=7513
insert rand key=9451
delete rand key=4495
insert rand key=18751
insert rand key=703
insert rand key=3411
insert rand key=15212
insert rand key=13003
delete rand key=10777
insert rand key=17546
delete rand key=17500
insert rand key=3203
delete rand key=19594
delete rand key=16128
delete rand key=14301
delete rand key=19069
delete rand key=13342
delete rand key=16702
delete rand key=2369
delete rand key=7724
insert rand key=6500
delete rand key=11089
insert rand key=63
delete rand key=5172
insert rand key=10267
delete rand key=17421
insert rand key=10042
insert rand key=15472
insert rand key=2973
insert rand key=16934
delete rand key=15774
insert rand key=17557
insert rand key=6575
insert rand key=7392
insert rand key=543
insert rand key=13439
delete rand key=1244
delete rand key=4603
delete rand key=3518
insert rand key=14364
delete rand key=18699
delete rand key=19274
insert rand key=5247
delete rand key=19313
delete rand key=15551
delete rand key=2885
insert rand key=5593
delete rand key=14308
delete rand key=12771
insert rand key=7296
insert rand key=10282
insert rand key=10080
delete rand key=17163
insert rand key=672
delete rand key=19625
delete rand key=4099
insert rand key=432
delete rand key=14543
delete rand key=1067
delete rand key=18041
insert rand key=4652
insert rand key=17208
delete rand key=13799
delete rand key=14049
insert rand key=3594
insert rand key=9195
delete rand key=7950
insert rand key=7083
insert rand key=17571
insert rand key=10903
insert rand key=9729
delete rand key=5948
delete rand key=7544
insert rand key=6702
insert rand key=3054
delete rand key=1520
insert rand key=18218
insert rand key=4070
insert rand key=2343
insert rand key=13398
delete rand key=2854
delete rand key=7084
insert rand key=3477
insert rand key=11472
delete rand key=12514
insert rand key=19456
insert rand key=17481
insert rand key=5304
delete rand key=10426
insert rand key=12390
insert rand key=7049
insert rand key=12377
insert rand key=13479
insert rand key=8748
delete rand key=10257
insert rand key=7686
insert rand key=15987
insert rand key=19637
delete rand key=8990
insert rand key=180
insert rand key=7459
insert rand key=14988
insert rand key=18680
delete rand key=6616
insert rand key=19988
delete rand key=10174
insert rand key=2830
insert rand key=13009
insert rand key=9985
insert rand key=10099
insert rand key=11727
insert rand key=12179
insert rand key=14458
insert rand key=18313
insert rand key=811
insert rand key=12199
insert rand key=10621
delete rand key=3605
delete rand key=4104
delete rand key=8800
delete rand key=6455
insert rand key=10541
delete rand key=18047
insert rand key=5460
insert rand key=4708
delete rand key=7220
insert rand key=14195
insert rand key=17190
delete rand key=7665
insert rand key=5850
insert rand key=1391
insert rand key=12654
delete rand key=15310
insert rand key=3580
insert rand key=12938
insert rand key=12630
delete rand key=4727
insert rand key=2978
insert rand key=6549
delete rand key=857
delete rand key=6534
insert rand key=11331
insert rand key=7064
delete rand key=2694
delete rand key=9306
delete rand key=18318
insert rand key=1924
insert rand key=2737
delete rand key=19946
insert rand key=11647
insert rand key=9070
delete rand key=3408
insert rand key=5660
insert rand key=10119
delete rand key=12482
insert rand key=6404
delete rand key=10292
delete rand key=1924
insert rand key=16341
delete rand key=16151
delete rand key=18309
delete rand key=12860
insert rand key=15385
insert rand key=7706
delete rand key=18953
delete rand key=11791
insert rand key=3961
delete rand key=8341
insert rand key=8007
delete rand key=6748
insert rand key=4092
insert rand key=18325
insert rand key=16812
insert rand key=12709
delete rand key=2818
insert rand key=11547
insert rand key=18065
insert rand key=17230
insert rand key=12292
insert rand key=4745
insert rand key=3051
insert rand key=8750
insert rand key=10792
insert rand key=12162
delete rand key=17033
delete rand key=15192
insert rand key=14933
insert rand key=3352
delete rand key=11794
insert rand key=14056
insert rand key=5795
delete rand key=19961
delete rand key=9243
insert rand key=7205
delete rand key=9037
delete rand key=2883
insert rand key=9957
delete rand key=6573
insert rand key=856
delete rand key=6342
insert rand key=7685
delete rand key=7440
insert rand key=13082
insert rand key=4701
delete rand key=13990
insert rand key=2772
delete rand key=15373
insert rand key=14055
delete rand key=7149
delete rand key=15985
delete rand key=1702
insert rand key=2935
insert rand key=1606
delete rand key=7188
insert rand key=9459
insert rand key=10156
insert rand key=1577
delete rand key=1890
insert rand key=14374
delete rand key=19559
delete rand key=10186
insert rand key=4818
insert rand key=7109
insert rand key=3466
insert rand key=13944
insert rand key=4685
insert rand key=18008
insert rand key=15435
delete rand key=19334
insert rand key=12195
insert rand key=3270
insert rand key=17794
delete rand key=17677
insert rand key=17174
delete rand key=3823
delete rand key=3961
delete rand key=315
delete rand key=5937
delete rand key=11015
delete rand key=6085
delete rand key=9312
delete rand key=19228
insert rand key=6915
insert rand key=18331
insert rand key=7085
delete rand key=16428
insert rand key=3842
delete rand key=3411
delete rand key=7776
insert rand key=8062
delete rand key=19915
insert rand key=5452
insert rand key=2436
insert rand key=7402
delete rand key=864
insert rand key=725
insert rand key=11792
insert rand key=5195
delete rand key=7164
insert rand key=11164
insert rand key=8034
delete rand key=11233
delete rand key=9449
delete rand key=2679
insert rand key=1941
delete rand key=18069
insert rand key=3586
delete rand key=19045
delete rand key=6240
delete rand key=19272
insert rand key=13406
insert rand key=6581
delete rand key=1557
insert rand key=17734
delete rand key=16887
insert rand key=18693
insert rand key=2819
delete rand key=9942
delete rand key=19096
insert rand key=19091
insert rand key=10126
delete rand key=17563
delete rand key=2952
delete rand key=12359
insert rand key=8811
insert rand key=6880
delete rand key=12168
delete rand key=10700
insert rand key=18702
delete rand key=5187
delete rand key=13368
delete rand key=16091
insert rand key=7571
insert rand key=3806
delete rand key=13635
insert rand key=15169
delete rand key=19773
delete rand key=17028
delete rand key=19643
insert rand key=6800
delete rand key=19841
insert rand key=18903
insert rand key=14416
insert rand key=4713
delete rand key=7060
insert rand key=18366
insert rand key=15893
delete rand key=12857
insert rand key=12016
insert rand key=19320
insert rand key=5080
insert rand key=11725
insert rand key=6790
insert rand key=7247
delete rand key=6995
delete rand key=12977
insert rand key=13512
delete rand key=704
insert rand key=16027
insert rand key=13215
insert rand key=11159
insert rand key=9340
insert rand key=16753
insert rand key=12319
insert rand key=7822
delete rand key=6785
delete rand key=19758
delete rand key=1105
delete rand key=11271
delete rand key=4652
delete rand key=9703
delete rand key=4357
delete rand key=13515
insert rand key=10236
delete rand key=432
delete rand key=2269
delete rand key=10924
insert rand key=9742
insert rand key=18477
insert rand key=19425
insert rand key=14235
delete rand key=896
insert rand key=12022
delete rand key=16716
insert rand key=15440
delete rand key=11190
delete rand key=17633
insert rand key=2857
insert rand key=3447
insert rand key=8407
insert rand key=17123
delete rand key=13996
insert rand key=12668
delete rand key=1385
insert rand key=9643
delete rand key=14164
delete rand key=15609
delete rand key=19853
insert rand key=12105
delete rand key=6590
delete rand key=4649
insert rand key=12451
insert rand key=17816
delete rand key=17376
delete rand key=14933
insert rand key=12857
delete rand key=348
insert rand key=14511
delete rand key=272
delete rand key=10592
insert rand key=6686
delete rand key=17229
insert rand key=17584
delete rand key=4454
insert rand key=13336
delete rand key=4335
delete rand key=9714
insert rand key=11444
delete rand key=9130
delete rand key=12099
delete rand key=2638
insert rand key=18324
insert rand key=8239
delete rand key=16175
delete rand key=18599
delete rand key=10245
delete rand key=12081
delete rand key=14207
insert rand key=8043
insert rand key=17649
insert rand key=8681
insert rand key=11765
insert rand key=5994
delete rand key=19793
delete rand key=4644
insert rand key=10248
delete rand key=6389
delete rand key=5342
delete rand key=6133
insert rand key=10825
insert rand key=13319
insert rand key=5199
insert rand key=14475
delete rand key=10136
insert rand key=2834
insert rand key=9779
delete rand key=14918
insert rand key=15945
delete rand key=16366
insert rand key=2629
delete rand key=3203
delete rand key=13933
delete rand key=12747
insert rand key=8036
insert rand key=2883
delete rand key=13615
insert rand key=1161
insert rand key=5926
delete rand key=16396
delete rand key=2407
insert rand key=1234
insert rand key=12343
delete rand key=18121
delete rand key=4290
insert rand key=17369
delete rand key=7730
insert rand key=9291
delete rand key=15760
insert rand key=13605
insert rand key=19093
insert rand key=16252
delete rand key=11655
insert rand key=3090
insert rand key=9474
insert rand key=9149
delete rand key=8551
insert rand key=19339
insert rand key=13739
insert rand key=14018
delete rand key=3101
delete rand key=17
delete rand key=430
delete rand key=5196
insert rand key=6782
insert rand key=12211
delete rand key=13336
insert rand key=15736
delete rand key=11967
delete rand key=17228
insert rand key=11913
delete rand key=1709
insert rand key=4037
insert rand key=12494
delete rand key=3505
delete rand key=11483
insert rand key=16593
insert rand key=7730
insert rand key=11684
insert rand key=16189
delete rand key=7721
insert rand key=8776
delete rand key=1360
delete rand key=11633
delete rand key=5179
insert rand key=5415
delete rand key=17739
insert rand key=4073
insert rand key=8624
delete rand key=6380
delete rand key=12613
insert rand key=4424
insert rand key=9820
insert rand key=5581
insert rand key=5709
delete rand key=14606
insert rand key=4378
insert rand key=11797
delete rand key=13718
delete rand key=16599
insert rand key=2920
insert rand key=13251
delete rand key=7108
insert rand key=18885
delete rand key=5349
delete rand key=19913
insert rand key=10532
insert rand key=655
insert rand key=15159
delete rand key=1899
delete rand key=3322
delete rand key=235
insert rand key=13934
delete rand key=11964
delete rand key=7066
delete rand key=4006
insert rand key=11309
delete rand key=18994
delete rand key=6666
insert rand key=17348
insert rand key=14009
delete rand key=2434
insert rand key=16262
insert rand key=19731
delete rand key=12951
insert rand key=17680
insert rand key=19153
delete rand key=11071
delete rand key=1175
delete rand key=1391
delete rand key=7343
insert rand key=4163
delete rand key=2219
insert rand key=7662
insert rand key=8969
delete rand key=3045
insert rand key=18828
delete rand key=13072
insert rand key=17823
delete rand key=469
insert rand key=13765
delete rand key=14531
insert rand key=3323
insert rand key=19587
delete rand key=12652
delete rand key=225
delete rand key=18630
insert rand key=677
insert rand key=5696
delete rand key=11735
insert rand key=13577
delete rand key=8034
delete rand key=15083
insert rand key=12824
delete rand key=5082
delete rand key=17358
insert rand key=19822
delete rand key=17800
insert rand key=17844
delete rand key=17518
delete rand key=19115
insert rand key=1397
insert rand key=4231
delete rand key=16882
insert rand key=19691
delete rand key=19495
insert rand key=17922
delete rand key=6457
delete rand key=182
insert rand key=8459
delete rand key=854
insert rand key=11916
insert rand key=5723
insert rand key=18312
delete rand key=3304
delete rand key=1166
delete rand key=17651
insert rand key=17027
delete rand key=7748
insert rand key=11696
insert rand key=13163
insert rand key=3961
delete rand key=12021
insert rand key=3363
insert rand key=14323
insert rand key=8857
delete rand key=2923
insert rand key=3383
insert rand key=10987
insert rand key=1268
delete rand key=11885
insert rand key=4068
delete rand key=13128
delete rand key=2536
delete rand key=19823
delete rand key=8536
delete rand key=19579
insert rand key=1999
delete rand key=5823
insert rand key=3215
insert rand key=18682
delete rand key=11488
delete rand key=13886
insert rand key=11577
insert rand key=8251
insert rand key=4414
delete rand key=7187
insert rand key=15263
delete rand key=18674
delete rand key=7138
delete rand key=8499
delete rand key=1132
insert rand key=10583
delete rand key=16462
insert rand key=5956
delete rand key=3794
insert rand key=3719
delete rand key=4303
insert rand key=3210
insert rand key=15515
delete rand key=1589
insert rand key=16401
delete rand key=5374
insert rand key=6769
insert rand key=5511
insert rand key=15835
delete rand key=2701
insert rand key=11495
delete rand key=4316
delete rand key=12916
insert rand key=7272
insert rand key=13572
delete rand key=18301
insert rand key=6668
insert rand key=2306
delete rand key=10449
delete rand key=16766
insert rand key=19030
insert rand key=5217
insert rand key=591
delete rand key=13227
insert rand key=2347
insert rand key=11058
insert rand key=8972
insert rand key=14403
insert rand key=12974
delete rand key=14895
insert rand key=11871
insert rand key=8559
insert rand key=16708
insert rand key=19607
insert rand key=16426
delete rand key=18884
delete rand key=1929
insert rand key=8387
insert rand key=6888
insert rand key=3788
delete rand key=12663
delete rand key=2347
insert rand key=18451
insert rand key=16997
insert rand key=13773
delete rand key=19291
insert rand key=17003
delete rand key=13690
insert rand key=442
insert rand key=7308
insert rand key=11469
insert rand key=7755
delete rand key=12938
delete rand key=8275
insert rand key=10203
insert rand key=4990
insert rand key=3158
delete rand key=13060
delete rand key=6754
delete rand key=16249
insert rand key=9943
insert rand key=15043
delete rand key=16979
insert rand key=9589
insert rand key=9554
insert rand key=4096
delete rand key=7915
delete rand key=4075
insert rand key=14059
insert rand key=4358
insert rand key=17148
insert rand key=19578
delete rand key=6596
insert rand key=2932
delete rand key=2978
insert rand key=11161
insert rand key=8262
delete rand key=6451
insert rand key=4128
delete rand key=18770
delete rand key=6899
insert rand key=17718
insert rand key=16922
insert rand key=12384
delete rand key=17948
insert rand key=13207
insert rand key=13970
insert rand key=4866
insert rand key=12237
insert rand key=7989
delete rand key=154
insert rand key=13604
delete rand key=16815
insert rand key=6750
delete rand key=12812
delete rand key=9820
insert rand key=19725
delete rand key=1833
delete rand key=16555
insert rand key=6748
insert rand key=8961
delete rand key=9401
insert rand key=1710
insert rand key=13000
insert rand key=18206
insert rand key=18841
insert rand key=7734
delete rand key=8024
delete rand key=11091
insert rand key=11872
delete rand key=6373
delete rand key=6808
insert rand key=11347
insert rand key=4182
insert rand key=10211
insert rand key=10952
delete rand key=7137
insert rand key=3222
delete rand key=18094
insert rand key=7319
insert rand key=16282
insert rand key=10520
insert rand key=8073
insert rand key=16972
insert rand key=16766
insert rand key=17197
insert rand key=13029
insert rand key=9855
insert rand key=7359
delete rand key=1181
insert rand key=9282
insert rand key=17383
insert rand key=15950
insert rand key=16915
delete rand key=18249
insert rand key=13309
delete rand key=1029
delete rand key=6833
delete rand key=16708
insert rand key=12224
delete rand key=3495
delete rand key=6903
insert rand key=16520
delete rand key=2392
insert rand key=6951
delete rand key=6328
delete rand key=1999
delete rand key=13486
delete rand key=5963
insert rand key=623
insert rand key=10289
insert rand key=6187
insert rand key=5758
delete rand key=17209
delete rand key=14374
delete rand key=1056
delete rand key=9655
insert rand key=779
insert rand key=1642
insert rand key=8763
delete rand key=17454
insert rand key=8628
delete rand key=14974
delete rand key=2222
insert rand key=5376
insert rand key=18383
delete rand key=5969
insert rand key=16918
delete rand key=8204
insert rand key=6906
delete rand key=16119
delete rand key=6422
insert rand key=18955
insert rand key=10279
insert rand key=10127
delete rand key=2043
delete rand key=17094
delete rand key=8359
delete rand key=13251
delete rand key=6488
insert rand key=18072
delete rand key=1280
delete rand key=8373
delete rand key=6906
delete rand key=16397
delete rand key=5310
delete rand key=6294
delete rand key=19404
delete rand key=8086
insert rand key=17689
insert rand key=16703
insert rand key=12877
insert rand key=6002
insert rand key=15980
insert rand key=14732
insert rand key=19950
insert rand key=11477
insert rand key=6026
insert rand key=19898
insert rand key=11963
insert rand key=3490
insert rand key=14692
insert rand key=1890
delete rand key=18255
insert rand key=9565
insert rand key=1912
delete rand key=11736
insert rand key=15349
insert rand key=16802
insert rand key=3035
delete rand key=19160
delete rand key=14173
insert rand key=17704
insert rand key=19308
delete rand key=14866
delete rand key=4689
insert rand key=12508
insert rand key=16015
insert rand key=13012
delete rand key=11469
delete rand key=13533
delete rand key=14966
insert rand key=14069
insert rand key=13556
insert rand key=4499
delete rand key=7459
insert rand key=6528
delete rand key=18903
delete rand key=8264
delete rand key=4148
insert rand key=14125
delete rand key=18470
delete rand key=6341
delete rand key=15699
delete rand key=18149
insert rand key=7082
insert rand key=14156
delete rand key=19725
insert rand key=19579
delete rand key=9149
delete rand key=18238
insert rand key=10039
delete rand key=8297
insert rand key=6704
delete rand key=1493
insert rand key=2135
insert rand key=9886
delete rand key=5231
insert rand key=3343
delete rand key=15440
insert rand key=6510
delete rand key=5930
insert rand key=18718
delete rand key=3560
delete rand key=12350
delete rand key=6946
delete rand key=9514
insert rand key=18306
insert rand key=3433
delete rand key=11686
insert rand key=12816
insert rand key=14013
delete rand key=18852
delete rand key=13880
delete rand key=1943
insert rand key=3725
insert rand key=3942
delete rand key=15870
delete rand key=9116
delete rand key=11032
insert rand key=9725
insert rand key=10020
delete rand key=1051
insert rand key=18165
delete rand key=13642
delete rand key=15347
insert rand key=12193
delete rand key=6149
insert rand key=14874
delete rand key=13516
delete rand key=3050
delete rand key=6797
delete rand key=10886
delete rand key=10734
delete rand key=9767
insert rand key=5276
delete rand key=12111
delete rand key=13415
insert rand key=14580
insert rand key=1588
delete rand key=12774
delete rand key=12224
insert rand key=7858
delete rand key=6782
delete rand key=6316
insert rand key=4619
delete rand key=13703
insert rand key=3553
delete rand key=9814
insert rand key=11735
insert rand key=684
insert rand key=1852
insert rand key=7310
insert rand key=12764
insert rand key=17800
delete rand key=7964
insert rand key=19663
delete rand key=15873
insert rand key=17970
delete rand key=5370
insert rand key=6619
insert rand key=11036
insert rand key=4743
insert rand key=15355
delete rand key=13163
insert rand key=2770
delete rand key=15841
delete rand key=11201
delete rand key=15263
insert rand key=10192
delete rand key=7976
delete rand key=9842
insert rand key=3066
delete rand key=4743
insert rand key=19750
delete rand key=5085
insert rand key=17272
insert rand key=18785
delete rand key=15080
insert rand key=18670
delete rand key=19908
insert rand key=7612
delete rand key=2024
insert rand key=3153
insert rand key=5032
insert rand key=15993
insert rand key=8351
delete rand key=10705
insert rand key=5193
insert rand key=18285
delete rand key=15475
delete rand key=2048
delete rand key=744
delete rand key=4032
delete rand key=15555
delete rand key=14762
delete rand key=17351
delete rand key=4101
delete rand key=11799
insert rand key=13473
insert rand key=1496
delete rand key=10792
delete rand key=2883
insert rand key=3191
insert rand key=7575
delete rand key=13768
delete rand key=15850
insert rand key=1981
insert rand key=10406
insert rand key=5322
delete rand key=19790
insert rand key=1230
insert rand key=385
delete rand key=5616
insert rand key=4153
insert rand key=11222
delete rand key=6180
insert rand key=18212
insert rand key=15091
delete rand key=12877
insert rand key=8249
delete rand key=19991
insert rand key=9869
insert rand key=17739
delete rand key=17559
insert rand key=2776
insert rand key=6849
insert rand key=13176
insert rand key=4350
insert rand key=15100
insert rand key=3909
insert rand key=7406
insert rand key=2603
insert rand key=7458
delete rand key=6130
delete rand key=8698
insert rand key=14221
insert rand key=5641
delete rand key=5480
delete rand key=13440
insert rand key=16761
insert rand key=1674
insert rand key=10764
insert rand key=6362
insert rand key=2874
delete rand key=12173
insert rand key=16051
insert rand key=19695
delete rand key=2607
insert rand key=12172
insert rand key=11299
insert rand key=18940
insert rand key=10501
delete rand key=17252
delete rand key=6304
delete rand key=6417
delete rand key=784
insert rand key=16936
delete rand key=14718
delete rand key=14013
delete rand key=10602
insert rand key=2077
delete rand key=12859
insert rand key=3041
insert rand key=326
delete rand key=8249
insert rand key=7330
delete rand key=13739
insert rand key=14067
insert rand key=9696
delete rand key=19715
delete rand key=1796
delete rand key=7445
delete rand key=18841
insert rand key=9353
insert rand key=12532
insert rand key=9142
insert rand key=19305
delete rand key=1497
insert rand key=18879
insert rand key=11746
delete rand key=18329
delete rand key=9587
delete rand key=2487
insert rand key=5724
insert rand key=14650
insert rand key=16162
delete rand key=10848
insert rand key=14222
delete rand key=5843
insert rand key=6263
delete rand key=11041
insert rand key=5935
delete rand key=19569
delete rand key=18235
delete rand key=5309
insert rand key=5280
insert rand key=12190
insert rand key=895
insert rand key=2153
delete rand key=15398
delete rand key=14967
insert rand key=7056
delete rand key=5688
delete rand key=18192
delete rand key=10221
insert rand key=10510
delete rand key=2738
insert rand key=1985
insert rand key=13848
insert rand key=18041
delete rand key=11556
delete rand key=19168
insert rand key=9581
insert rand key=2303
insert rand key=1012
insert rand key=7688
delete rand key=16862
delete rand key=2606
delete rand key=2306
delete rand key=3578
delete rand key=18436
insert rand key=15156
delete rand key=254
delete rand key=6589
delete rand key=3469
insert rand key=12775
delete rand key=7251
insert rand key=14918
insert rand key=13872
delete rand key=13492
insert rand key=9879
insert rand key=17343
delete rand key=1156
insert rand key=926
delete rand key=14099
delete rand key=10492
insert rand key=19546
insert rand key=11504
insert rand key=2613
delete rand key=6837
insert rand key=1242
delete rand key=14647
delete rand key=10366
insert rand key=16133
insert rand key=14214
insert rand key=18066
insert rand key=12080
delete rand key=7296
delete rand key=17047
insert rand key=969
insert rand key=18266
insert rand key=15699
delete rand key=16589
insert rand key=4470
delete rand key=11294
delete rand key=8358
insert rand key=18459
insert rand key=17849
delete rand key=6057
delete rand key=11220
insert rand key=6363
delete rand key=5229
delete rand key=706
delete rand key=15933
insert rand key=695
delete rand key=3723
delete rand key=893
delete rand key=861
insert rand key=1697
delete rand key=9086
delete rand key=9609
delete rand key=14515
delete rand key=5966
delete rand key=2650
insert rand key=16924
insert rand key=6972
delete rand key=8459
insert rand key=12097
insert rand key=8374
insert rand key=5676
delete rand key=12467
delete rand key=11046
delete rand key=10072
delete rand key=10889
insert rand key=2411
insert rand key=17667
insert rand key=6317
delete rand key=442
insert rand key=9687
insert rand key=17036
insert rand key=19715
insert rand key=5235
delete rand key=5298
insert rand key=6200
delete rand key=18142
delete rand key=18186
delete rand key=11341
delete rand key=8407
delete rand key=7706
delete rand key=8782
delete rand key=10589
insert rand key=7799
insert rand key=13894
insert rand key=15600
insert rand key=8819
delete rand key=15973
delete rand key=78
delete rand key=19772
delete rand key=1643
delete rand key=6470
insert rand key=12943
insert rand key=15974
insert rand key=1713
delete rand key=15868
insert rand key=9649
delete rand key=15851
delete rand key=15385
delete rand key=13134
insert rand key=2065
insert rand key=12408
delete rand key=1485
delete rand key=1303
insert rand key=17695
insert rand key=2334
delete rand key=10271
insert rand key=6805
insert rand key=14983
delete rand key=10168
delete rand key=15318
delete rand key=2958
insert rand key=12364
insert rand key=15808
delete rand key=4606
insert rand key=11553
delete rand key=10903
delete rand key=12524
insert rand key=6871
delete rand key=10479
insert rand key=6625
delete rand key=3918
insert rand key=4011
insert rand key=5849
insert rand key=224
delete rand key=10099
insert rand key=3184
delete rand key=15608
delete rand key=5809
delete rand key=5294
insert rand key=9522
delete rand key=4455
insert rand key=13727
insert rand key=13781
delete rand key=14325
insert rand key=15861
delete rand key=8934
delete rand key=5206
delete rand key=9122
insert rand key=8516
insert rand key=9885
insert rand key=14798
delete rand key=10267
delete rand key=18807
delete rand key=12148
delete rand key=6264
insert rand key=13729
delete rand key=17769
insert rand key=10833
insert rand key=10447
delete rand key=19573
delete rand key=13348
insert rand key=14807
delete rand key=10203
insert rand key=12779
insert rand key=6643
delete rand key=7734
delete rand key=6427
insert rand key=2142
delete rand key=11842
insert rand key=11650
insert rand key=16150
insert rand key=11267
insert rand key=10117
insert rand key=18788
insert rand key=7908
insert rand key=650
delete rand key=10330
delete rand key=2917
delete rand key=19745
insert rand key=1118
delete rand key=1546
insert rand key=18121
delete rand key=6965
delete rand key=11635
insert rand key=6814
insert rand key=182
insert rand key=17319
delete rand key=3594
insert rand key=17867
insert rand key=9510
insert rand key=1445
delete rand key=8732
delete rand key=3345
insert rand key=1795
insert rand key=19529
insert rand key=4833
delete rand key=12102
delete rand key=818
delete rand key=10797
delete rand key=10628
delete rand key=12974
insert rand key=4215
insert rand key=110
delete rand key=655
insert rand key=12938
delete rand key=14650
insert rand key=7380
delete rand key=13826
delete rand key=15316
delete rand key=13805
delete rand key=7779
insert rand key=17080
delete rand key=6723
insert rand key=11193
insert rand key=8565
delete rand key=1729
delete rand key=2621
insert rand key=1931
insert rand key=16388
insert rand key=7609
delete rand key=10573
insert rand key=7305
insert rand key=9267
delete rand key=205
insert rand key=2110
delete rand key=14202
insert rand key=2756
insert rand key=6159
insert rand key=8635
insert rand key=15460
delete rand key=2389
insert rand key=12851
delete rand key=17020
insert rand key=5163
insert rand key=13303
delete rand key=1341
delete rand key=19928
insert rand key=4844
delete rand key=12339
insert rand key=18081
insert rand key=19886
delete rand key=18326
insert rand key=11277
insert rand key=11127
insert rand key=5739
delete rand key=17385
insert rand key=13089
delete rand key=4221
delete rand key=8056
delete rand key=8726
insert rand key=10269
delete rand key=4713
insert rand key=14171
delete rand key=13044
delete rand key=13383
delete rand key=11305
insert rand key=18756
delete rand key=15240
insert rand key=16436
delete rand key=15378
delete rand key=7146
delete rand key=16419
delete rand key=8242
insert rand key=14013
delete rand key=15402
insert rand key=2094
insert rand key=8124
insert rand key=16023
delete rand key=10200
insert rand key=4962
insert rand key=17212
delete rand key=18669
delete rand key=13324
delete rand key=4224
delete rand key=17638
delete rand key=6156
delete rand key=10236
insert rand key=16811
delete rand key=8848
insert rand key=2014
delete rand key=12832
delete rand key=12709
insert rand key=15405
delete rand key=16015
insert rand key=1984
insert rand key=3069
insert rand key=19705
delete rand key=18641
delete rand key=9172
insert rand key=7113
delete rand key=13604
insert rand key=10173
insert rand key=393
insert rand key=3301
delete rand key=2110
insert rand key=6782
delete rand key=6748
insert rand key=18042
delete rand key=5473
delete rand key=5030
delete rand key=7858
delete rand key=11244
delete rand key=15793
insert rand key=11387
insert rand key=125
insert rand key=739
delete rand key=2348
delete rand key=4819
delete rand key=2491
delete rand key=12715
delete rand key=14723
insert rand key=3684
delete rand key=7857
delete rand key=1713
insert rand key=2579
insert rand key=8995
delete rand key=1674
delete rand key=17742
insert rand key=11247
delete rand key=3478
delete rand key=6575
insert rand key=11440
delete rand key=13427
insert rand key=18632
insert rand key=9319
insert rand key=7370
delete rand key=9951
delete rand key=16096
insert rand key=12492
delete rand key=6552
insert rand key=6779
insert rand key=7178
delete rand key=8758
insert rand key=3513
delete rand key=18277
delete rand key=9591
delete rand key=7195
insert rand key=10381
insert rand key=17068
delete rand key=4245
insert rand key=16674
delete rand key=12290
insert rand key=2658
delete rand key=9709
insert rand key=7885
delete rand key=12797
insert rand key=17968
delete rand key=18828
delete rand key=19593
insert rand key=16579
delete rand key=13781
delete rand key=3014
insert rand key=12923
delete rand key=3790
delete rand key=15821
delete rand key=16436
delete rand key=1165
delete rand key=16307
delete rand key=11751
delete rand key=12013
insert rand key=11470
delete rand key=5837
delete rand key=19680
insert rand key=7448
delete rand key=691
delete rand key=2324
insert rand key=4088
insert rand key=11636
delete rand key=447
delete rand key=16150
insert rand key=4062
insert rand key=15088
insert rand key=13667
delete rand key=5461
insert rand key=7925
insert rand key=13318
insert rand key=4592
delete rand key=1931
insert rand key=3550
delete rand key=16556
delete rand key=11597
delete rand key=4697
delete rand key=1433
insert rand key=18382
delete rand key=13770
insert rand key=11660
insert rand key=15299
delete rand key=5205
insert rand key=12755
delete rand key=12664
insert rand key=11295
delete rand key=4361
insert rand key=7695
delete rand key=19206
insert rand key=3583
insert rand key=16574
insert rand key=3850
insert rand key=18265
delete rand key=17739
delete rand key=4128
insert rand key=16621
insert rand key=4226
delete rand key=17071
delete rand key=9517
delete rand key=9352
insert rand key=18555
insert rand key=9467
insert rand key=12626
insert rand key=14240
insert rand key=5209
delete rand key=4889
delete rand key=693
insert rand key=2172
insert rand key=517
delete rand key=4430
insert rand key=14181
insert rand key=1396
insert rand key=14822
insert rand key=5806
delete rand key=19848
insert rand key=3740
insert rand key=17016
delete rand key=4882
insert rand key=11229
insert rand key=4870
insert rand key=1073
delete rand key=5203
insert rand key=2821
delete rand key=17081
delete rand key=3308
insert rand key=14730
delete rand key=1726
delete rand key=15403
insert rand key=2661
delete rand key=5820
delete rand key=19188
insert rand key=16404
delete rand key=13499
insert rand key=5884
insert rand key=17846
insert rand key=14994
insert rand key=10626
delete rand key=8062
insert rand key=9537
insert rand key=14694
delete rand key=17543
insert rand key=9709
insert rand key=10440
delete rand key=259
insert rand key=4440
delete rand key=18537
insert rand key=38
delete rand key=15872
delete rand key=12309
delete rand key=15945
insert rand key=6109
insert rand key=19298
insert rand key=11961
delete rand key=14281
insert rand key=8805
insert rand key=232
insert rand key=14343
insert rand key=4210
insert rand key=11142
insert rand key=19549
delete rand key=18656
delete rand key=12210
insert rand key=3132
insert rand key=7860
insert rand key=4180
insert rand key=17234
delete rand key=5739
delete rand key=6865
insert rand key=16971
insert rand key=3619
insert rand key=11394
delete rand key=19888
delete rand key=6574
insert rand key=5382
insert rand key=9445
insert rand key=8046
insert rand key=1575
delete rand key=15815
delete rand key=407
delete rand key=2706
insert rand key=7217
delete rand key=17044
delete rand key=4254
delete rand key=17539
insert rand key=3681
delete rand key=12711
insert rand key=11307
insert rand key=17108
insert rand key=7565
delete rand key=17262
insert rand key=11474
delete rand key=16073
delete rand key=13875
insert rand key=19810
insert rand key=16253
delete rand key=10081
delete rand key=13627
delete rand key=1170
insert rand key=15464
insert rand key=3891
delete rand key=2690
insert rand key=1885
delete rand key=5044
delete rand key=9103
delete rand key=17219
delete rand key=6862
insert rand key=6709
delete rand key=11935
insert rand key=5263
insert rand key=3663
insert rand key=16910
delete rand key=9323
delete rand key=18476
delete rand key=11916
insert rand key=18126
insert rand key=18723
delete rand key=6512
insert rand key=9507
insert rand key=17433
delete rand key=15063
delete rand key=16122
insert rand key=19337
delete rand key=14654
insert rand key=16100
delete rand key=8748
insert rand key=18384
insert rand key=1929
insert rand key=10240
delete rand key=429
insert rand key=857
delete rand key=14685
insert rand key=7117
insert rand key=3391
insert rand key=5778
insert rand key=15067
insert rand key=7625
delete rand key=12129
delete rand key=12586
delete rand key=16934
delete rand key=1728
delete rand key=15852
insert rand key=6188
delete rand key=3145
delete rand key=12297
insert rand key=12669
insert rand key=16653
insert rand key=3747
delete rand key=10928
insert rand key=13400
insert rand key=15436
insert rand key=17535
insert rand key=6796
insert rand key=11854
insert rand key=5397
insert rand key=4819
delete rand key=17040
delete rand key=10561
delete rand key=3476
delete rand key=18153
insert rand key=2554
insert rand key=3956
insert rand key=1892
insert rand key=19032
delete rand key=4091
insert rand key=712
delete rand key=14058
insert rand key=8909
insert rand key=2299
insert rand key=17350
delete rand key=3656
delete rand key=4122
delete rand key=15197
delete rand key=7163
insert rand key=9320
delete rand key=556
delete rand key=15875
insert rand key=11245
insert rand key=18380
delete rand key=4070
insert rand key=13869
delete rand key=757
insert rand key=15868
insert rand key=6265
delete rand key=9731
delete rand key=7079
delete rand key=3953
insert rand key=11091
insert rand key=10807
delete rand key=16342
insert rand key=10561
delete rand key=19992
delete rand key=15182
delete rand key=14874
delete rand key=14130
insert rand key=6879
delete rand key=2172
insert rand key=4233
delete rand key=5056
delete rand key=19213
delete rand key=9077
insert rand key=8678
delete rand key=16804
delete rand key=12776
insert rand key=14783
insert rand key=13463
delete rand key=7033
insert rand key=3998
delete rand key=16027
insert rand key=6166
insert rand key=4148
delete rand key=15994
delete rand key=11870
delete rand key=7699
insert rand key=12116
insert rand key=17378
insert rand key=7941
delete rand key=14558
insert rand key=10992
delete rand key=18740
delete rand key=13445
delete rand key=6377
delete rand key=10671
insert rand key=17673
delete rand key=16652
delete rand key=12481
insert rand key=9571
insert rand key=8344
delete rand key=11864
insert rand key=12847
insert rand key=7857
delete rand key=16253
delete rand key=16673
insert rand key=6834
delete rand key=13512
insert rand key=3565
delete rand key=11911
insert rand key=18140
delete rand key=4835
delete rand key=329
insert rand key=14238
insert rand key=5262
delete rand key=14457
delete rand key=984
insert rand key=10301
delete rand key=17016
delete rand key=14040
delete rand key=12722
delete rand key=15699
delete rand key=136
delete rand key=12822
delete rand key=17849
delete rand key=5916
insert rand key=14163
insert rand key=5409
delete rand key=3563
insert rand key=10896
insert rand key=7570
insert rand key=4913
insert rand key=15422
insert rand key=4290
delete rand key=17844
delete rand key=11599
delete rand key=18256
delete rand key=17190
insert rand key=19229
delete rand key=9991
insert rand key=12807
delete rand key=2400
delete rand key=490
insert rand key=12164
insert rand key=17901
delete rand key=11729
insert rand key=19782
delete rand key=12966
insert rand key=18934
insert rand key=4920
delete rand key=6864
delete rand key=17956
insert rand key=9156
insert rand key=11290
insert rand key=13880
insert rand key=13712
delete rand key=16012
insert rand key=19083
insert rand key=18913
delete rand key=5145
insert rand key=2570
delete rand key=15591
insert rand key=212
insert rand key=19561
insert rand key=8744
insert rand key=13183
delete rand key=15405
delete rand key=4508
delete rand key=1855
insert rand key=3244
delete rand key=9060
delete rand key=5017
delete rand key=374
insert rand key=12678
insert rand key=3388
insert rand key=13881
insert rand key=14704
delete rand key=15913
delete rand key=4240
insert rand key=10858
delete rand key=8223
insert rand key=17889
delete rand key=13126
insert rand key=15173
insert rand key=7837
insert rand key=2533
delete rand key=11446
insert rand key=12964
insert rand key=18374
insert rand key=2493
insert rand key=19868
insert rand key=10795
insert rand key=9627
delete rand key=8106
delete rand key=8295
delete rand key=387
delete rand key=14511
insert rand key=13113
insert rand key=11254
delete rand key=19640
insert rand key=3458
insert rand key=17890
delete rand key=3099
delete rand key=14694
delete rand key=13215
delete rand key=4407
insert rand key=19684
insert rand key=7481
insert rand key=9812
insert rand key=3862
delete rand key=3038
delete rand key=7322
delete rand key=11646
insert rand key=1844
insert rand key=18405
insert rand key=16807
delete rand key=17006
delete rand key=17472
delete rand key=11908
insert rand key=12037
delete rand key=7023
insert rand key=13950
insert rand key=17514
delete rand key=8999
delete rand key=14664
insert rand key=14659
delete rand key=9181
insert rand key=18856
insert rand key=19343
delete rand key=15082
delete rand key=13259
delete rand key=6795
insert rand key=8439
insert rand key=2143
insert rand key=1713
insert rand key=15390
insert rand key=19631
insert rand key=14447
delete rand key=10541
insert rand key=17020
insert rand key=19836
insert rand key=13010
insert rand key=18726
delete rand key=1856
insert rand key=3731
delete rand key=10437
insert rand key=5416
delete rand key=1396
delete rand key=1998
delete rand key=6879
delete rand key=641
delete rand key=14382
delete rand key=10899
delete rand key=16386
delete rand key=19678
insert rand key=3397
insert rand key=4220
insert rand key=17018
delete rand key=2012
delete rand key=9773
delete rand key=19642
delete rand key=2655
delete rand key=17188
insert rand key=17527
insert rand key=16433
delete rand key=9601
delete rand key=8907
insert rand key=4842
delete rand key=19545
insert rand key=9669
delete rand key=17972
delete rand key=15903
insert rand key=4491
insert rand key=15216
insert rand key=13611
insert rand key=350
delete rand key=5440
insert rand key=19720
insert rand key=13503
insert rand key=19291
insert rand key=2139
insert rand key=15746
insert rand key=19894
insert rand key=1454
insert rand key=15008
delete rand key=13981
delete rand key=8816
insert rand key=15536
insert rand key=4049
delete rand key=2075
insert rand key=15201
insert rand key=14064
delete rand key=2973
insert rand key=11909
insert rand key=4053
delete rand key=9530
delete rand key=14110
delete rand key=1197
insert rand key=13432
insert rand key=6848
insert rand key=6636
delete rand key=7247
delete rand key=11770
insert rand key=536
delete rand key=4163
delete rand key=16550
delete rand key=18847
insert rand key=11466
delete rand key=11100
delete rand key=13236
insert rand key=15200
insert rand key=7286
insert rand key=2437
delete rand key=13158
insert rand key=4595
insert rand key=11009
delete rand key=871
delete rand key=9775
insert rand key=14708
delete rand key=13808
insert rand key=476
insert rand key=10026
delete rand key=4378
delete rand key=2122
delete rand key=2819
insert rand key=7586
insert rand key=14004
delete rand key=18400
delete rand key=12282
insert rand key=134
insert rand key=15699
insert rand key=7779
delete rand key=13003
delete rand key=3637
delete rand key=10041
delete rand key=3613
delete rand key=2165
delete rand key=10865
delete rand key=5593
delete rand key=17166
insert rand key=6495
insert rand key=12608
delete rand key=1912
delete rand key=17078
insert rand key=7275
delete rand key=12734
insert rand key=19100
delete rand key=12938
delete rand key=12431
insert rand key=11782
delete rand key=7310
insert rand key=6006
insert rand key=398
delete rand key=3481
insert rand key=17675
delete rand key=13065
delete rand key=11082
delete rand key=3932
insert rand key=7292
insert rand key=16025
delete rand key=14497
insert rand key=18187
insert rand key=18417
delete rand key=12288
insert rand key=9219
insert rand key=13864
delete rand key=16761
delete rand key=1677
delete rand key=15515
insert rand key=17837
insert rand key=8111
delete rand key=16577
delete rand key=9641
delete rand key=10501
insert rand key=8733
insert rand key=3815
delete rand key=5209
insert rand key=5085
insert rand key=11402
delete rand key=2935
delete rand key=12821
insert rand key=8895
insert rand key=12877
delete rand key=6106
delete rand key=18940
delete rand key=8909
delete rand key=10138
delete rand key=12394
delete rand key=1714
delete rand key=13864
delete rand key=5911
delete rand key=7168
insert rand key=8031
insert rand key=534
insert rand key=4324
delete rand key=12857
insert rand key=13310
insert rand key=7354
delete rand key=17431
insert rand key=628
delete rand key=8995
delete rand key=9575
delete rand key=17973
insert rand key=2967
delete rand key=4358
delete rand key=8350
insert rand key=9548
delete rand key=8152
insert rand key=2760
delete rand key=8622
delete rand key=6586
delete rand key=12992
insert rand key=9382
insert rand key=19906
delete rand key=18616
insert rand key=524
insert rand key=14102
insert rand key=327
insert rand key=4329
insert rand key=12929
delete rand key=1158
delete rand key=4563
insert rand key=10804
insert rand key=6607
delete rand key=9565
insert rand key=19163
insert rand key=4662
insert rand key=11264
delete rand key=3948
delete rand key=7213
insert rand key=12208
insert rand key=1572
insert rand key=6437
insert rand key=7850
delete rand key=17127
delete rand key=9571
insert rand key=1706
delete rand key=6633
insert rand key=5446
insert rand key=16628
delete rand key=4862
insert rand key=9258
insert rand key=3723
insert rand key=5767
insert rand key=7794
delete rand key=13821
delete rand key=8905
insert rand key=15014
insert rand key=7475
insert rand key=4779
insert rand key=16328
insert rand key=3154
insert rand key=5380
insert rand key=15130
delete rand key=16967
delete rand key=11151
delete rand key=11216
delete rand key=15355
delete rand key=17709
delete rand key=4129
delete rand key=18300
delete rand key=19632
insert rand key=1610
delete rand key=1011
insert rand key=2635
delete rand key=19060
insert rand key=18875
delete rand key=18458
delete rand key=8579
delete rand key=19742
delete rand key=14831
delete rand key=13861
insert rand key=11302
delete rand key=2836
delete rand key=13574
insert rand key=16959
insert rand key=6297
insert rand key=1861
insert rand key=13297
insert rand key=3356
delete rand key=13047
insert rand key=8843
delete rand key=5909
insert rand key=16124
insert rand key=19541
insert rand key=887
insert rand key=19654
insert rand key=13420
insert rand key=16421
delete rand key=8271
delete rand key=7383
delete rand key=5618
insert rand key=15558
insert rand key=983
insert rand key=14118
delete rand key=5334
delete rand key=4414
delete rand key=12741
delete rand key=4349
delete rand key=3054
delete rand key=2806
delete rand key=12934
insert rand key=15830
insert rand key=2828
delete rand key=6750
delete rand key=16831
insert rand key=4362
insert rand key=4250
delete rand key=19308
delete rand key=16921
delete rand key=19663
insert rand key=8467
delete rand key=14394
insert rand key=8389
delete rand key=42
insert rand key=3472
insert rand key=12922
insert rand key=9622
delete rand key=6768
insert rand key=14407
insert rand key=7313
delete rand key=5184
insert rand key=10333
delete rand key=4112
insert rand key=14424
insert rand key=14215
delete rand key=16959
delete rand key=14922
insert rand key=6922
insert rand key=15077
insert rand key=17683
insert rand key=14228
insert rand key=9969
delete rand key=4820
delete rand key=16465
insert rand key=4628
insert rand key=19985
insert rand key=16646
insert rand key=10300
delete rand key=19494
insert rand key=12351
insert rand key=4240
insert rand key=18905
delete rand key=19141
insert rand key=1932
delete rand key=3016
delete rand key=19059
insert rand key=507
delete rand key=11492
delete rand key=10144
insert rand key=9191
insert rand key=8521
delete rand key=18743
insert rand key=14497
delete rand key=12067
insert rand key=14700
insert rand key=16744
insert rand key=17269
insert rand key=3521
delete rand key=19411
delete rand key=4011
delete rand key=7454
delete rand key=14403
insert rand key=15048
insert rand key=9145
delete rand key=18079
delete rand key=18959
delete rand key=5154
delete rand key=14879
insert rand key=7594
insert rand key=1332
delete rand key=3375
insert rand key=2767
delete rand key=16707
insert rand key=14867
insert rand key=7750
delete rand key=15234
insert rand key=11791
delete rand key=3035
delete rand key=13727
delete rand key=19543
delete rand key=11400
delete rand key=2629
insert rand key=14190
delete rand key=3989
insert rand key=9462
delete rand key=4020
insert rand key=17200
delete rand key=5548
insert rand key=17751
insert rand key=737
insert rand key=19863
insert rand key=3903
insert rand key=2872
delete rand key=4113
delete rand key=1526
insert rand key=13989
delete rand key=3403
delete rand key=9459
delete rand key=7981
delete rand key=13082
delete rand key=14564
insert rand key=7222
delete rand key=12235
insert rand key=16707
delete rand key=3815
insert rand key=8087
insert rand key=18118
insert rand key=8523
insert rand key=19900
delete rand key=15766
insert rand key=5113
insert rand key=6264
insert rand key=13847
insert rand key=11322
insert rand key=5337
delete rand key=10664
delete rand key=8744
insert rand key=399
delete rand key=13362
delete rand key=14976
insert rand key=7682
insert rand key=9635
insert rand key=2286
insert rand key=1483
insert rand key=14399
insert rand key=18643
delete rand key=10188
delete rand key=9808
delete rand key=3368
insert rand key=342
insert rand key=7652
delete rand key=9393
insert rand key=11589
insert rand key=8919
insert rand key=5559
insert rand key=9086
insert rand key=16566
insert rand key=14826
delete rand key=2940
delete rand key=19927
insert rand key=4711
insert rand key=19411
insert rand key=9389
insert rand key=4942
insert rand key=18857
delete rand key=8976
delete rand key=12323
delete rand key=8697
insert rand key=12782
delete rand key=18134
delete rand key=12378
insert rand key=6710
delete rand key=18900
insert rand key=18154
insert rand key=14298
insert rand key=10103
delete rand key=8895
delete rand key=12629
delete rand key=19631
delete rand key=2551
delete rand key=10565
insert rand key=1520
insert rand key=4080
delete rand key=9888
insert rand key=5148
delete rand key=13295
delete rand key=17901
delete rand key=14475
insert rand key=16679
insert rand key=6993
insert rand key=10873
delete rand key=8694
insert rand key=6036
delete rand key=9066
insert rand key=15690
delete rand key=391
insert rand key=7434
insert rand key=17222
insert rand key=11632
insert rand key=15752
delete rand key=4639
insert rand key=14422
insert rand key=8975
delete rand key=14980
delete rand key=1580
insert rand key=4805
delete rand key=6063
insert rand key=1364
delete rand key=19083
insert rand key=8206
delete rand key=8132
delete rand key=17211
insert rand key=11462
insert rand key=3233
insert rand key=2922
delete rand key=15861
insert rand key=17316
delete rand key=12461
delete rand key=8880
delete rand key=4180
insert rand key=14332
delete rand key=1606
insert rand key=17390
delete rand key=9145
insert rand key=7748
insert rand key=4082
delete rand key=8543
insert rand key=9135
insert rand key=12574
delete rand key=19337
insert rand key=6959
delete rand key=12048
insert rand key=5880
delete rand key=99
insert rand key=6930
insert rand key=8594
delete rand key=4256
insert rand key=301
delete rand key=6048
insert rand key=16040
delete rand key=19954
insert rand key=3753
insert rand key=5873
delete rand key=13611
delete rand key=13870
insert rand key=3738
delete rand key=11961
insert rand key=10920
delete rand key=1279
delete rand key=6582
insert rand key=13470
insert rand key=3767
delete rand key=3447
insert rand key=7472
delete rand key=4623
delete rand key=14375
insert rand key=17843
delete rand key=16679
delete rand key=4280
delete rand key=3292
insert rand key=17361
delete rand key=7262
insert rand key=4554
delete rand key=5263
insert rand key=6694
delete rand key=18506
delete rand key=3962
insert rand key=18584
insert rand key=18182
insert rand key=3213
insert rand key=15003
insert rand key=6434
insert rand key=3527
delete rand key=19649
delete rand key=4933
insert rand key=10731
insert rand key=6392
insert rand key=18444
delete rand key=4065
delete rand key=12020
insert rand key=13076
insert rand key=3177
insert rand key=7639
insert rand key=11106
insert rand key=18017
insert rand key=9486
insert rand key=10772
insert rand key=12954
delete rand key=14300
delete rand key=8031
insert rand key=2165
delete rand key=11793
delete rand key=14399
insert rand key=9721
insert rand key=5499
delete rand key=3393
insert rand key=5323
delete rand key=18011
delete rand key=18676
insert rand key=852
delete rand key=10588
delete rand key=12723
insert rand key=5389
delete rand key=12564
delete rand key=19425
insert rand key=1773
insert rand key=1666
delete rand key=543
delete rand key=2116
insert rand key=19472
insert rand key=5451
insert rand key=12551
insert rand key=3622
insert rand key=10092
insert rand key=1182
insert rand key=12844
insert rand key=13695
delete rand key=9104
delete rand key=19900
insert rand key=14845
delete rand key=14617
insert rand key=7910
insert rand key=13375
delete rand key=388
delete rand key=897
insert rand key=9739
insert rand key=17895
delete rand key=19430
delete rand key=13055
delete rand key=11484
insert rand key=19752
delete rand key=14988
insert rand key=17419
delete rand key=17861
insert rand key=1703
delete rand key=11299
delete rand key=15546
delete rand key=17689
delete rand key=8739
delete rand key=9886
delete rand key=11182
delete rand key=15201
insert rand key=18191
insert rand key=3883
insert rand key=14717
delete rand key=12040
insert rand key=3196
insert rand key=14837
delete rand key=3562
delete rand key=13743
delete rand key=12806
insert rand key=10313
insert rand key=3666
delete rand key=17765
delete rand key=13176
delete rand key=2894
insert rand key=3121
delete rand key=6136
insert rand key=7567
insert rand key=17288
delete rand key=13162
insert rand key=14442
insert rand key=8730
insert rand key=5910
insert rand key=19092
delete rand key=17912
insert rand key=4884
insert rand key=12707
delete rand key=1684
insert rand key=9021
insert rand key=5534
insert rand key=13501
delete rand key=3700
delete rand key=13142
delete rand key=15962
delete rand key=6
insert rand key=13763
insert rand key=1720
delete rand key=18381
insert rand key=13720
insert rand key=17185
delete rand key=3698
insert rand key=7757
delete rand key=15126
insert rand key=8092
delete rand key=4405
insert rand key=5146
insert rand key=10578
insert rand key=18906
insert rand key=7865
insert rand key=6739
delete rand key=16733
insert rand key=19379
delete rand key=4096
delete rand key=18236
delete rand key=10349
insert rand key=14517
delete rand key=19579
insert rand key=14006
insert rand key=8810
insert rand key=4987
delete rand key=19456
insert rand key=8732
insert rand key=6725
delete rand key=1572
insert rand key=6778
insert rand key=17263
delete rand key=17477
delete rand key=19621
delete rand key=14422
delete rand key=1879
delete rand key=19898
insert rand key=17742
delete rand key=8159
delete rand key=11391
delete rand key=5397
insert rand key=16709
insert rand key=10385
insert rand key=4675
insert rand key=9633
insert rand key=12799
insert rand key=7734
insert rand key=11703
insert rand key=12101
delete rand key=18411
delete rand key=3844
insert rand key=6324
insert rand key=17267
insert rand key=17892
delete rand key=4406
delete rand key=17319
insert rand key=17043
delete rand key=83
delete rand key=16116
insert rand key=2021
insert rand key=1893
insert rand key=10622
delete rand key=1983
delete rand key=19796
delete rand key=2181
delete rand key=3473
insert rand key=3242
delete rand key=10503
delete rand key=7270
delete rand key=13318
delete rand key=9993
delete rand key=16146
insert rand key=3601
delete rand key=10364
insert rand key=11168
delete rand key=19973
delete rand key=9357
delete rand key=13556
delete rand key=130
delete rand key=3041
insert rand key=19248
delete rand key=3082
insert rand key=1262
insert rand key=15243
delete rand key=14783
insert rand key=15936
delete rand key=908
delete rand key=6607
delete rand key=4786
insert rand key=2913
insert rand key=10881
delete rand key=15173
insert rand key=11154
delete rand key=10938
delete rand key=12588
insert rand key=19861
insert rand key=5417
insert rand key=16669
delete rand key=11584
insert rand key=18096
insert rand key=886
delete rand key=10318
insert rand key=11592
delete rand key=18885
delete rand key=18891
delete rand key=6686
delete rand key=10260
delete rand key=11075
delete rand key=17171
insert rand key=4759
insert rand key=13442
delete rand key=13741
delete rand key=13522
insert rand key=13199
delete rand key=3850
insert rand key=17897
delete rand key=4399
delete rand key=16189
insert rand key=12863
insert rand key=5969
delete rand key=18880
delete rand key=15776
insert rand key=5087
insert rand key=16656
insert rand key=6760
delete rand key=12919
insert rand key=3570
insert rand key=8928
delete rand key=9696
delete rand key=3897
delete rand key=491
delete rand key=9091
delete rand key=2920
delete rand key=8232
insert rand key=11303
insert rand key=105
delete rand key=8139
insert rand key=5293
delete rand key=905
insert rand key=18832
delete rand key=19232
delete rand key=17055
insert rand key=7620
insert rand key=8236
insert rand key=8852
delete rand key=797
insert rand key=2992
delete rand key=6357
insert rand key=13202
insert rand key=15565
insert rand key=5097
insert rand key=5830
insert rand key=19764
delete rand key=8640
insert rand key=16625
insert rand key=8686
delete rand key=2558
insert rand key=8502
insert rand key=18609
insert rand key=16077
delete rand key=17685
delete rand key=13143
insert rand key=4938
insert rand key=18964
delete rand key=10952
delete rand key=6186
delete rand key=10301
insert rand key=19921
delete rand key=12014
delete rand key=7907
insert rand key=19545
delete rand key=4082
insert rand key=10144
delete rand key=12162
delete rand key=9542
insert rand key=7294
insert rand key=13710
insert rand key=10528
insert rand key=6220
insert rand key=18912
insert rand key=3534
insert rand key=14889
insert rand key=1615
delete rand key=9324
insert rand key=15289
delete rand key=14818
delete rand key=8624
insert rand key=17360
insert rand key=679
insert rand key=1869
insert rand key=9425
insert rand key=12926
insert rand key=16931
insert rand key=8824
delete rand key=3595
insert rand key=1937
insert rand key=15806
insert rand key=2224
insert rand key=3803
delete rand key=16126
insert rand key=5037
insert rand key=14188
delete rand key=16480
insert rand key=16817
delete rand key=7242
insert rand key=5311
insert rand key=10878
delete rand key=7292
delete rand key=16075
delete rand key=6333
insert rand key=13286
delete rand key=7928
delete rand key=6001
insert rand key=13958
insert rand key=5986
delete rand key=10281
delete rand key=17342
insert rand key=6923
insert rand key=13218
insert rand key=18094
delete rand key=483
delete rand key=2450
insert rand key=11691
insert rand key=9557
delete rand key=19874
insert rand key=6809
insert rand key=11655
insert rand key=5963
delete rand key=16816
insert rand key=784
insert rand key=7285
delete rand key=5963
insert rand key=12015
insert rand key=17819
insert rand key=3602
insert rand key=5925
delete rand key=8681
delete rand key=4236
delete rand key=7011
delete rand key=17147
delete rand key=6885
delete rand key=11735
delete rand key=5581
insert rand key=17553
delete rand key=2268
delete rand key=10345
insert rand key=11492
delete rand key=16924
delete rand key=9646
insert rand key=17840
delete rand key=5167
insert rand key=10874
delete rand key=1243
delete rand key=11954
delete rand key=13488
insert rand key=19671
delete rand key=7103
insert rand key=15183
insert rand key=1501
insert rand key=18705
delete rand key=4745
delete rand key=16051
delete rand key=2772
insert rand key=1908
delete rand key=679
insert rand key=5545
delete rand key=10532
insert rand key=6942
delete rand key=15677
delete rand key=9290
insert rand key=18003
insert rand key=7247
insert rand key=17572
insert rand key=6949
delete rand key=811
insert rand key=18951
insert rand key=11265
insert rand key=6920
insert rand key=6844
delete rand key=12219
insert rand key=9223
delete rand key=15372
delete rand key=3785
delete rand key=3565
insert rand key=9204
insert rand key=7826
insert rand key=982
insert rand key=8831
delete rand key=15407
insert rand key=6118
insert rand key=6616
insert rand key=10468
delete rand key=6745
insert rand key=5988
insert rand key=15512
delete rand key=9885
insert rand key=16371
delete rand key=4971
delete rand key=17716
insert rand key=19891
insert rand key=12257
insert rand key=8675
delete rand key=2742
delete rand key=17848
insert rand key=2476
insert rand key=7731
delete rand key=11104
insert rand key=7645
delete rand key=1381
insert rand key=10441
insert rand key=1500
insert rand key=4882
insert rand key=18164
delete rand key=7696
delete rand key=1938
delete rand key=11153
delete rand key=19093
delete rand key=16899
insert rand key=15633
insert rand key=10727
insert rand key=11088
delete rand key=19451
delete rand key=19462
delete rand key=2717
insert rand key=11316
insert rand key=1994
insert rand key=14815
insert rand key=2210
delete rand key=9389
delete rand key=7359
delete rand key=15046
delete rand key=4197
delete rand key=17683
insert rand key=783
insert rand key=11451
insert rand key=714
delete rand key=19568
insert rand key=17505
insert rand key=9192
delete rand key=18766
insert rand key=5920
delete rand key=3786
delete rand key=4290
insert rand key=16323
delete rand key=19144
delete rand key=11119
insert rand key=10946
delete rand key=7205
delete rand key=19303
delete rand key=3164
insert rand key=11770
delete rand key=10511
insert rand key=14838
delete rand key=14595
delete rand key=650
delete rand key=4973
delete rand key=11447
delete rand key=19844
delete rand key=9764
delete rand key=15501
delete rand key=7896
delete rand key=13794
insert rand key=15283
insert rand key=4031
insert rand key=5866
delete rand key=7419
insert rand key=18801
delete rand key=8392
delete rand key=14343
insert rand key=15526
delete rand key=14
delete rand key=232
delete rand key=6463
delete rand key=8559
insert rand key=11574
delete rand key=7609
delete rand key=7202
insert rand key=16276
delete rand key=3406
insert rand key=10664
delete rand key=3088
delete rand key=10353
insert rand key=1849
insert rand key=1376
insert rand key=3096
insert rand key=6043
delete rand key=17174
delete rand key=10026
insert rand key=12934
delete rand key=3251
delete rand key=3851
delete rand key=1478
delete rand key=925
insert rand key=18562
insert rand key=6829
delete rand key=15942
delete rand key=18405
delete rand key=10555
delete rand key=3067
insert rand key=11041
insert rand key=10131
delete rand key=7472
delete rand key=6095
insert rand key=17937
insert rand key=9396
insert rand key=14130
delete rand key=1813
insert rand key=7133
insert rand key=17778
insert rand key=10685
delete rand key=7865
delete rand key=13076
delete rand key=15368
delete rand key=17049
delete rand key=16696
insert rand key=1493
insert rand key=6557
insert rand key=16419
delete rand key=16328
delete rand key=8069
delete rand key=8656
insert rand key=1377
insert rand key=8398
insert rand key=9989
delete rand key=11636
delete rand key=8091
insert rand key=16344
insert rand key=12354
delete rand key=14187
delete rand key=19401
insert rand key=5284
insert rand key=11406
insert rand key=11399
delete rand key=13396
delete rand key=10379
delete rand key=4498
insert rand key=10808
insert rand key=8744
insert rand key=2422
insert rand key=8409
delete rand key=3090
insert rand key=360
delete rand key=6616
delete rand key=9291
delete rand key=8498
delete rand key=4562
delete rand key=12486
insert rand key=4650
insert rand key=10861
insert rand key=1700
delete rand key=8594
delete rand key=3402
delete rand key=3356
delete rand key=1098
delete rand key=4749
delete rand key=11041
delete rand key=8889
insert rand key=15503
delete rand key=7366
insert rand key=8011
insert rand key=19073
insert rand key=19228
delete rand key=9574
delete rand key=16997
delete rand key=3583
delete rand key=16839
insert rand key=7974
insert rand key=15658
insert rand key=9234
delete rand key=8370
insert rand key=1785
delete rand key=15507
delete rand key=9021
insert rand key=8620
insert rand key=670
delete rand key=12127
insert rand key=6389
insert rand key=6606
insert rand key=2569
delete rand key=8487
delete rand key=11795
delete rand key=7319
delete rand key=2796
delete rand key=77
delete rand key=15212
insert rand key=19699
delete rand key=2489
insert rand key=8080
insert rand key=644
insert rand key=17227
insert rand key=16902
delete rand key=12615
insert rand key=19676
delete rand key=6146
insert rand key=1652
delete rand key=17267
delete rand key=15389
delete rand key=6587
insert rand key=5838
insert rand key=2099
insert rand key=18628
insert rand key=11063
delete rand key=1861
insert rand key=6467
delete rand key=1239
insert rand key=6795
delete rand key=5803
insert rand key=5877
delete rand key=2198
delete rand key=10206
delete rand key=2879
insert rand key=6811
delete rand key=11054
insert rand key=17979
insert rand key=19375
insert rand key=7560
insert rand key=12504
insert rand key=18636
delete rand key=19886
delete rand key=8997
insert rand key=19147
insert rand key=7856
delete rand key=3415
delete rand key=11492
delete rand key=4859
insert rand key=16657
delete rand key=10211
insert rand key=17393
delete rand key=6897
insert rand key=8352
insert rand key=13222
insert rand key=18984
delete rand key=7333
delete rand key=17293
delete rand key=14016
delete rand key=19759
insert rand key=1511
insert rand key=11938
delete rand key=12532
delete rand key=15948
delete rand key=12331
delete rand key=16262
insert rand key=17324
delete rand key=15778
delete rand key=7722
insert rand key=15582
insert rand key=7280
insert rand key=264
insert rand key=13452
delete rand key=16388
delete rand key=2442
delete rand key=10139
insert rand key=2351
delete rand key=18856
insert rand key=927
insert rand key=15032
delete rand key=10385
delete rand key=1118
insert rand key=13896
delete rand key=18182
insert rand key=11686
insert rand key=1009
delete rand key=1984
insert rand key=3342
delete rand key=6404
insert rand key=13483
delete rand key=3909
delete rand key=15538
insert rand key=19180
delete rand key=2342
delete rand key=2541
insert rand key=12564
delete rand key=11472
insert rand key=5131
insert rand key=13601
insert rand key=11146
delete rand key=18553
insert rand key=8145
insert rand key=8512
delete rand key=7340
insert rand key=4880
delete rand key=4226
delete rand key=8824
insert rand key=4039
insert rand key=9271
insert rand key=18159
insert rand key=11128
insert rand key=911
delete rand key=16080
insert rand key=1750
delete rand key=10859
delete rand key=1885
insert rand key=17296
insert rand key=5068
insert rand key=8641
insert rand key=445
insert rand key=10326
insert rand key=2446
delete rand key=15298
delete rand key=12979
insert rand key=2479
delete rand key=12866
insert rand key=1214
insert rand key=9496
insert rand key=2175
insert rand key=16551
delete rand key=9334
delete rand key=15902
insert rand key=14164
delete rand key=2843
delete rand key=10102
delete rand key=15838
delete rand key=10514
delete rand key=15210
delete rand key=911
insert rand key=7189
delete rand key=11423
insert rand key=10604
insert rand key=8112
insert rand key=11311
insert rand key=17848
delete rand key=19764
delete rand key=16610
delete rand key=191
delete rand key=5010
insert rand key=9259
delete rand key=8112
delete rand key=9989
delete rand key=14174
delete rand key=16457
insert rand key=11256
delete rand key=17546
insert rand key=172
delete rand key=1453
delete rand key=13026
delete rand key=295
insert rand key=2026
insert rand key=2790
insert rand key=17040
insert rand key=11911
insert rand key=9023
insert rand key=10393
insert rand key=10046
insert rand key=8089
insert rand key=11016
delete rand key=14479
delete rand key=2171
insert rand key=1159
insert rand key=4874
insert rand key=10756
insert rand key=5228
insert rand key=14144
delete rand key=10333
delete rand key=9369
insert rand key=11808
delete rand key=17704
delete rand key=504
delete rand key=12022
delete rand key=17993
delete rand key=4719
delete rand key=2477
delete rand key=19940
insert rand key=5864
delete rand key=6896
delete rand key=1911
insert rand key=7096
delete rand key=18694
insert rand key=10239
delete rand key=10416
delete rand key=13677
delete rand key=16358
insert rand key=5835
insert rand key=11443
insert rand key=16970
delete rand key=12212
insert rand key=763
delete rand key=9585
insert rand key=14828
insert rand key=15911
delete rand key=18444
delete rand key=12983
insert rand key=7262
delete rand key=15868
delete rand key=17876
delete rand key=12199
insert rand key=2378
delete rand key=9554
delete rand key=19659
insert rand key=15890
insert rand key=14053
delete rand key=6850
insert rand key=4261
insert rand key=12884
delete rand key=947
delete rand key=1470
delete rand key=4088
delete rand key=11084
insert rand key=3396
delete rand key=14800
delete rand key=14272
insert rand key=2114
delete rand key=8825
insert rand key=16643
insert rand key=17925
delete rand key=17170
insert rand key=17289
delete rand key=2613
delete rand key=9537
insert rand key=1074
insert rand key=12468
insert rand key=2230
insert rand key=2462
delete rand key=17004
insert rand key=10086
delete rand key=6858
delete rand key=1074
insert rand key=12990
insert rand key=7143
delete rand key=13000
insert rand key=5715
insert rand key=687
insert rand key=6452
delete rand key=8843
delete rand key=11127
insert rand key=19881
delete rand key=19239
insert rand key=3646
insert rand key=10012
insert rand key=13511
insert rand key=10718
insert rand key=12795
insert rand key=19348
delete rand key=1182
delete rand key=17365
insert rand key=15236
insert rand key=6058
insert rand key=6577
insert rand key=16599
insert rand key=7638
insert rand key=10454
delete rand key=11161
delete rand key=17491
delete rand key=7286
insert rand key=6475
insert rand key=15727
delete rand key=3846
insert rand key=15081
delete rand key=19896
insert rand key=11701
insert rand key=5219
insert rand key=4556
delete rand key=6942
delete rand key=9510
delete rand key=14977
insert rand key=11664
delete rand key=7804
insert rand key=12911
delete rand key=10802
insert rand key=18491
insert rand key=95
delete rand key=1860
delete rand key=14503
delete rand key=19813
delete rand key=11366
delete rand key=4294
delete rand key=7630
delete rand key=12997
delete rand key=18702
insert rand key=4652
delete rand key=15928
insert rand key=5105
insert rand key=5952
insert rand key=12490
insert rand key=17919
insert rand key=4991
delete rand key=13365
insert rand key=13397
insert rand key=14503
insert rand key=18819
delete rand key=11515
insert rand key=8729
delete rand key=12949
delete rand key=10058
insert rand key=5780
delete rand key=12445
delete rand key=10080
delete rand key=16766
insert rand key=6153
insert rand key=18487
insert rand key=14137
delete rand key=4343
insert rand key=9049
insert rand key=298
delete rand key=17003
insert rand key=14344
delete rand key=6131
insert rand key=8936
insert rand key=15622
insert rand key=4678
insert rand key=10782
insert rand key=11803
delete rand key=14804
delete rand key=13848
insert rand key=12625
insert rand key=7385
delete rand key=4809
insert rand key=18180
delete rand key=7598
insert rand key=594
insert rand key=5151
insert rand key=8226
insert rand key=12995
insert rand key=1353
delete rand key=10809
insert rand key=1412
insert rand key=1896
insert rand key=8194
insert rand key=17693
insert rand key=2016
insert rand key=6526
delete rand key=9670
insert rand key=14109
delete rand key=9937
delete rand key=5551
delete rand key=6401
insert rand key=15644
delete rand key=10873
insert rand key=19170
delete rand key=12396
delete rand key=8327
delete rand key=15893
insert rand key=1554
insert rand key=17752
delete rand key=1575
delete rand key=16585
insert rand key=14705
insert rand key=19571
delete rand key=7837
delete rand key=16669
insert rand key=12054
insert rand key=9819
insert rand key=18000
delete rand key=2529
insert rand key=11809
insert rand key=1578
insert rand key=7591
insert rand key=953
insert rand key=9076
insert rand key=18683
delete rand key=15226
delete rand key=19223
delete rand key=19229
delete rand key=15987
delete rand key=4390
delete rand key=15246
insert rand key=11483
insert rand key=13429
delete rand key=1018
insert rand key=11051
insert rand key=4287
delete rand key=18562
delete rand key=5428
delete rand key=322
delete rand key=12668
insert rand key=2483
delete rand key=13906
insert rand key=12975
delete rand key=8229
insert rand key=11935
insert rand key=7320
delete rand key=18259
delete rand key=17077
insert rand key=7846
insert rand key=16092
insert rand key=5771
insert rand key=17879
insert rand key=2490
delete rand key=8857
delete rand key=3788
insert rand key=10434
insert rand key=867
delete rand key=19468
insert rand key=2398
insert rand key=8530
insert rand key=13161
delete rand key=15085
insert rand key=8257
insert rand key=10168
delete rand key=14064
insert rand key=17847
delete rand key=5864
delete rand key=17892
delete rand key=12768
insert rand key=17501
delete rand key=17512
insert rand key=79
delete rand key=904
insert rand key=6684
insert rand key=17516
insert rand key=7545
delete rand key=18782
delete rand key=14228
insert rand key=4456
delete rand key=5402
insert rand key=11127
delete rand key=7732
insert rand key=15333
insert rand key=376
insert rand key=5686
delete rand key=11414
delete rand key=3383
delete rand key=4761
insert rand key=5058
insert rand key=16178
insert rand key=8346
delete rand key=16792
delete rand key=14153
delete rand key=11097
insert rand key=14350
insert rand key=19926
delete rand key=16714
insert rand key=6903
insert rand key=2522
delete rand key=8030
insert rand key=19200
insert rand key=12578
delete rand key=5375
insert rand key=521
insert rand key=3116
insert rand key=13265
insert rand key=4834
insert rand key=9655
insert rand key=19996
insert rand key=5122
insert rand key=13200
insert rand key=10527
delete rand key=5307
delete rand key=17754
delete rand key=2373
insert rand key=625
insert rand key=17233
delete rand key=7285
insert rand key=3144
insert rand key=2151
insert rand key=17339
delete rand key=16848
delete rand key=14240
insert rand key=8248
insert rand key=9212
insert rand key=9461
insert rand key=9650
delete rand key=6973
delete rand key=13953
insert rand key=10032
delete rand key=17217
insert rand key=16349
delete rand key=14472
insert rand key=2119
delete rand key=9735
delete rand key=10098
delete rand key=7147
delete rand key=9963
insert rand key=2742
delete rand key=3096
delete rand key=14607
insert rand key=10338
insert rand key=13579
insert rand key=7440
insert rand key=18678
delete rand key=17504
insert rand key=16076
delete rand key=8978
delete rand key=5276
delete rand key=9644
insert rand key=9108
delete rand key=11333
delete rand key=15479
delete rand key=8257
delete rand key=2476
insert rand key=18965
insert rand key=16849
insert rand key=13818
delete rand key=7860
insert rand key=5740
insert rand key=8278
delete rand key=3618
insert rand key=1155
insert rand key=17444
delete rand key=18602
delete rand key=623
insert rand key=11900
insert rand key=12942
delete rand key=16783
delete rand key=19003
insert rand key=1680
delete rand key=3725
delete rand key=18435
delete rand key=18401
insert rand key=10218
insert rand key=10027
delete rand key=11503
delete rand key=12696
insert rand key=16194
insert rand key=10135
delete rand key=535
delete rand key=2635
insert rand key=6765
insert rand key=19890
delete rand key=11872
insert rand key=1008
delete rand key=2165
delete rand key=3740
insert rand key=9332
delete rand key=3510
delete rand key=7440
insert rand key=5171
delete rand key=13629
delete rand key=16063
delete rand key=1321
delete rand key=4049
delete rand key=14628
delete rand key=1607
delete rand key=12608
insert rand key=14747
delete rand key=19683
insert rand key=4335
insert rand key=10919
delete rand key=4239
delete rand key=5920
insert rand key=2182
insert rand key=2495
delete rand key=3601
delete rand key=6977
insert rand key=13162
insert rand key=2580
insert rand key=1931
delete rand key=1736
delete rand key=13103
insert rand key=1507
insert rand key=17832
insert rand key=12915
delete rand key=4123
insert rand key=6388
insert rand key=1876
insert rand key=5289
insert rand key=7024
insert rand key=17924
insert rand key=6663
delete rand key=2205
delete rand key=18541
insert rand key=14886
insert rand key=9047
insert rand key=7650
delete rand key=591
insert rand key=18765
insert rand key=10556
delete rand key=9430
insert rand key=13150
delete rand key=5247
insert rand key=4514
insert rand key=7719
delete rand key=17937
insert rand key=16486
delete rand key=1955
delete rand key=11307
insert rand key=18649
delete rand key=168
insert rand key=14557
insert rand key=18423
insert rand key=16050
insert rand key=4332
delete rand key=735
insert rand key=4212
insert rand key=16913
insert rand key=7617
delete rand key=2155
insert rand key=15121
insert rand key=17478
insert rand key=6635
insert rand key=2306
insert rand key=11329
delete rand key=7990
delete rand key=56
insert rand key=17309
insert rand key=10665
delete rand key=3184
insert rand key=1963
insert rand key=3491
delete rand key=5160
delete rand key=17695
delete rand key=3888
delete rand key=4987
insert rand key=4492
insert rand key=13885
insert rand key=7054
insert rand key=14737
delete rand key=11437
insert rand key=5251
delete rand key=13890
insert rand key=16438
insert rand key=5456
delete rand key=6528
delete rand key=672
delete rand key=15936
insert rand key=15193
delete rand key=181
delete rand key=15404
insert rand key=14581
insert rand key=11798
insert rand key=18620
delete rand key=2821
delete rand key=14234
delete rand key=1748
insert rand key=18896
insert rand key=6887
delete rand key=10250
insert rand key=12651
insert rand key=16085
insert rand key=12303
delete rand key=12816
insert rand key=14475
delete rand key=2436
delete rand key=17289
insert rand key=15618
delete rand key=14838
insert rand key=3081
delete rand key=14164
delete rand key=13452
delete rand key=3803
delete rand key=19107
delete rand key=1447
delete rand key=3553
insert rand key=16315
delete rand key=10176
delete rand key=15742
insert rand key=18834
delete rand key=19507
delete rand key=3555
delete rand key=18175
insert rand key=6070
delete rand key=4801
insert rand key=6234
insert rand key=10532
insert rand key=18814
delete rand key=5493
insert rand key=12023
insert rand key=10705
insert rand key=9733
insert rand key=619
insert rand key=12108
insert rand key=11180
insert rand key=489
insert rand key=18771
delete rand key=19416
delete rand key=17238
insert rand key=13108
insert rand key=12530
insert rand key=13077
insert rand key=11353
delete rand key=6668
insert rand key=5492
delete rand key=4092
insert rand key=10091
insert rand key=10489
delete rand key=18312
delete rand key=11277
insert rand key=15342
insert rand key=11493
insert rand key=8380
delete rand key=17846
insert rand key=16000
delete rand key=2416
insert rand key=10860
delete rand key=18472
delete rand key=16633
delete rand key=6829
insert rand key=13906
delete rand key=16719
insert rand key=11700
insert rand key=563
delete rand key=1652
delete rand key=19513
insert rand key=8593
insert rand key=6639
insert rand key=8458
insert rand key=15660
insert rand key=858
insert rand key=7137
delete rand key=15443
insert rand key=16824
insert rand key=12505
insert rand key=3200
delete rand key=7596
insert rand key=6728
delete rand key=4067
insert rand key=12329
delete rand key=12678
delete rand key=4757
insert rand key=6724
insert rand key=11472
delete rand key=14289
delete rand key=9985
delete rand key=14290
delete rand key=16404
delete rand key=19032
insert rand key=19809
insert rand key=8333
delete rand key=7908
insert rand key=4418
insert rand key=12883
delete rand key=14342
insert rand key=7095
delete rand key=8733
delete rand key=14603
delete rand key=14018
insert rand key=19902
insert rand key=15649
insert rand key=6083
delete rand key=11256
insert rand key=22
insert rand key=7141
delete rand key=8446
delete rand key=17694
delete rand key=17478
insert rand key=444
delete rand key=9254
insert rand key=2978
insert rand key=13344
delete rand key=738
insert rand key=7232
delete rand key=12710
delete rand key=11331
insert rand key=94
insert rand key=16906
delete rand key=18188
delete rand key=19042
delete rand key=12641
delete rand key=385
insert rand key=16934
delete rand key=13686
insert rand key=5140
delete rand key=10973
delete rand key=18755
insert rand key=19604
insert rand key=12131
insert rand key=1307
delete rand key=1295
delete rand key=15112
delete rand key=19448
delete rand key=16888
insert rand key=209
insert rand key=3598
delete rand key=933
delete rand key=12447
delete rand key=5979
delete rand key=18683
insert rand key=1074
insert rand key=17942
delete rand key=9191
delete rand key=15727
delete rand key=16243
delete rand key=18834
delete rand key=1500
delete rand key=17113
insert rand key=8068
insert rand key=14007
delete rand key=17501
delete rand key=15932
delete rand key=19716
delete rand key=17263
insert rand key=14189
delete rand key=1625
insert rand key=17012
insert rand key=18455
delete rand key=5249
insert rand key=4509
delete rand key=11156
delete rand key=2676
insert rand key=2311
insert rand key=6436
delete rand key=3230
insert rand key=6411
delete rand key=2255
insert rand key=15496
insert rand key=10602
insert rand key=18452
delete rand key=12377
delete rand key=8095
delete rand key=16799
delete rand key=19180
insert rand key=2599
delete rand key=14446
insert rand key=8786
insert rand key=9657
insert rand key=3894
delete rand key=12408
insert rand key=3765
insert rand key=3399
insert rand key=3975
delete rand key=19170
insert rand key=11936
delete rand key=19811
delete rand key=1914
delete rand key=14130
insert rand key=16550
delete rand key=4182
insert rand key=18201
delete rand key=6347
delete rand key=13087
insert rand key=16275
delete rand key=4866
delete rand key=3586
delete rand key=5519
insert rand key=2403
delete rand key=10685
delete rand key=3628
delete rand key=6335
delete rand key=9146
delete rand key=17738
delete rand key=13043
delete rand key=19305
insert rand key=6377
insert rand key=2581
delete rand key=982
insert rand key=8397
delete rand key=12138
insert rand key=9588
delete rand key=7961
insert rand key=3251
delete rand key=17032
delete rand key=350
delete rand key=4913
insert rand key=12251
insert rand key=13251
insert rand key=8800
insert rand key=2847
delete rand key=5626
delete rand key=703
delete rand key=17067
insert rand key=11796
insert rand key=10352
insert rand key=9278
insert rand key=12493
delete rand key=18786
insert rand key=5587
delete rand key=3056
insert rand key=17211
insert rand key=1624
delete rand key=18457
insert rand key=12876
delete rand key=11462
insert rand key=13245
insert rand key=4269
insert rand key=17141
insert rand key=8435
insert rand key=4883
delete rand key=898
insert rand key=11781
delete rand key=16492
insert rand key=8360
insert rand key=19805
insert rand key=19019
delete rand key=16290
insert rand key=2156
insert rand key=14697
insert rand key=16485
delete rand key=15460
delete rand key=3646
insert rand key=11002
insert rand key=4591
delete rand key=17719
delete rand key=5131
delete rand key=10782
delete rand key=3152
insert rand key=2885
insert rand key=1978
insert rand key=16920
insert rand key=19663
delete rand key=9692
insert rand key=8017
delete rand key=968
delete rand key=18788
delete rand key=1697
delete rand key=7881
insert rand key=499
insert rand key=17764
insert rand key=14945
delete rand key=14737
delete rand key=10447
delete rand key=11706
insert rand key=13941
delete rand key=14557
insert rand key=6948
insert rand key=11844
insert rand key=11901
delete rand key=8664
delete rand key=11631
insert rand key=5030
insert rand key=16028
delete rand key=17068
delete rand key=12506
delete rand key=326
insert rand key=8606
delete rand key=12023
insert rand key=7427
insert rand key=10758
insert rand key=16497
insert rand key=15110
insert rand key=17640
insert rand key=19438
insert rand key=2552
insert rand key=163
delete rand key=9219
delete rand key=1020
insert rand key=18508
delete rand key=9655
insert rand key=1109
delete rand key=695
insert rand key=5197
insert rand key=17362
insert rand key=1221
delete rand key=19782
insert rand key=8009
insert rand key=17990
insert rand key=17166
delete rand key=4175
delete rand key=14704
insert rand key=469
delete rand key=6327
delete rand key=5303
insert rand key=720
delete rand key=625
delete rand key=13906
insert rand key=9392
insert rand key=1726
insert rand key=6435
delete rand key=14811
insert rand key=12411
insert rand key=317
insert rand key=9703
insert rand key=977
insert rand key=3720
delete rand key=13487
insert rand key=10044
delete rand key=1766
insert rand key=12689
insert rand key=6342
delete rand key=12196
delete rand key=13874
delete rand key=16756
insert rand key=11464
insert rand key=8976
insert rand key=6548
insert rand key=12647
insert rand key=8006
insert rand key=19782
delete rand key=17344
insert rand key=19995
insert rand key=1903
delete rand key=6128
delete rand key=1795
delete rand key=7095
insert rand key=14361
delete rand key=7712
insert rand key=13068
delete rand key=7272
insert rand key=3139
insert rand key=12409
insert rand key=7057
delete rand key=17269
insert rand key=13017
insert rand key=6440
delete rand key=2580
insert rand key=15337
delete rand key=16489
delete rand key=11309
delete rand key=7688
delete rand key=18637
delete rand key=17232
insert rand key=9699
insert rand key=3076
delete rand key=2251
insert rand key=680
insert rand key=752
delete rand key=6790
insert rand key=1293
delete rand key=19381
delete rand key=10851
delete rand key=17898
delete rand key=3913
delete rand key=17855
insert rand key=12023
delete rand key=3074
delete rand key=8992
insert rand key=17503
insert rand key=3979
insert rand key=16655
delete rand key=12243
insert rand key=1607
delete rand key=19820
delete rand key=14319
delete rand key=3023
insert rand key=15510
insert rand key=1672
insert rand key=3872
insert rand key=7248
insert rand key=1715
insert rand key=10382
delete rand key=3245
delete rand key=2179
delete rand key=11168
delete rand key=11134
delete rand key=10337
delete rand key=9396
delete rand key=9669
insert rand key=2930
delete rand key=11837
insert rand key=8090
insert rand key=14736
insert rand key=4790
insert rand key=15534
delete rand key=7218
insert rand key=8385
insert rand key=1485
insert rand key=5599
insert rand key=17420
insert rand key=4396
insert rand key=7186
delete rand key=11921
delete rand key=4134
insert rand key=13201
delete rand key=17474
delete rand key=13089
delete rand key=4568
insert rand key=775
delete rand key=8706
delete rand key=11376
delete rand key=480
insert rand key=7526
delete rand key=3213
delete rand key=18801
insert rand key=3930
insert rand key=7344
delete rand key=10784
delete rand key=9556
insert rand key=5727
insert rand key=12088
delete rand key=875
delete rand key=15471
insert rand key=6859
insert rand key=9752
delete rand key=17924
insert rand key=17904
insert rand key=5918
delete rand key=1781
insert rand key=16606
insert rand key=17156
delete rand key=17040
insert rand key=17665
delete rand key=9286
insert rand key=10157
insert rand key=2113
delete rand key=12383
insert rand key=11138
delete rand key=13016
insert rand key=5862
delete rand key=7123
delete rand key=12351
delete rand key=14880
delete rand key=13149
insert rand key=9668
delete rand key=17315
delete rand key=6297
insert rand key=1064
insert rand key=13822
insert rand key=4773
delete rand key=17787
delete rand key=104
delete rand key=10169
delete rand key=9707
insert rand key=16588
delete rand key=5217
insert rand key=12730
delete rand key=11145
insert rand key=2753
delete rand key=14700
insert rand key=9927
delete rand key=6223
insert rand key=5218
insert rand key=13255
delete rand key=180
delete rand key=18281
insert rand key=12904
delete rand key=2139
insert rand key=19013
insert rand key=5828
delete rand key=8145
delete rand key=5672
insert rand key=17651
delete rand key=6710
delete rand key=7475
insert rand key=14921
delete rand key=12237
delete rand key=7796
insert rand key=10142
insert rand key=17931
delete rand key=10624
delete rand key=18266
delete rand key=11458
delete rand key=14542
delete rand key=13625
insert rand key=12543
delete rand key=1931
insert rand key=7994
insert rand key=13908
delete rand key=4938
insert rand key=6508
insert rand key=12472
delete rand key=11128
insert rand key=19188
delete rand key=5097
insert rand key=2988
delete rand key=3071
insert rand key=11389
delete rand key=8155
insert rand key=10768
insert rand key=12026
delete rand key=6638
insert rand key=19274
delete rand key=3833
delete rand key=15687
insert rand key=2924
delete rand key=11808
delete rand key=19285
delete rand key=15390
insert rand key=13567
delete rand key=14167
delete rand key=18180
delete rand key=10718
insert rand key=3385
insert rand key=518
insert rand key=9541
insert rand key=3574
delete rand key=16657
insert rand key=14711
insert rand key=9801
insert rand key=18413
delete rand key=1504
delete rand key=8763
insert rand key=13646
insert rand key=18350
delete rand key=7178
insert rand key=13962
delete rand key=13320
delete rand key=10232
insert rand key=4128
insert rand key=18647
insert rand key=3620
insert rand key=5734
delete rand key=7473
insert rand key=14857
delete rand key=11384
insert rand key=14511
delete rand key=2776
insert rand key=7753
delete rand key=18937
insert rand key=265
delete rand key=12374
delete rand key=5830
delete rand key=1234
insert rand key=4984
delete rand key=6264
delete rand key=5850
delete rand key=13618
delete rand key=10862
insert rand key=932
delete rand key=10455
insert rand key=1103
delete rand key=10347
insert rand key=13761
insert rand key=6642
delete rand key=8385
delete rand key=15121
delete rand key=219
insert rand key=12760
insert rand key=10767
delete rand key=3842
insert rand key=17170
insert rand key=19854
delete rand key=5424
insert rand key=9811
insert rand key=5839
insert rand key=19380
delete rand key=1792
delete rand key=1374
insert rand key=1224
insert rand key=1795
delete rand key=3831
insert rand key=7967
delete rand key=2006
insert rand key=10451
delete rand key=1214
delete rand key=11682
delete rand key=6435
insert rand key=6236
insert rand key=15861
delete rand key=13931
delete rand key=16884
insert rand key=6837
insert rand key=655
delete rand key=6509
delete rand key=1115
insert rand key=9341
delete rand key=9121
delete rand key=6594
delete rand key=2942
insert rand key=8204
delete rand key=1994
delete rand key=17581
delete rand key=3477
delete rand key=10622
insert rand key=16219
insert rand key=8328
delete rand key=2658
delete rand key=18777
insert rand key=1909
delete rand key=3598
delete rand key=5994
insert rand key=5402
insert rand key=1304
delete rand key=9014
insert rand key=1280
delete rand key=1104
delete rand key=19099
insert rand key=841
insert rand key=6387
delete rand key=4150
delete rand key=10900
insert rand key=8410
insert rand key=9066
insert rand key=3439
insert rand key=15700
delete rand key=7259
insert rand key=19775
insert rand key=19000
delete rand key=11033
insert rand key=16597
delete rand key=18881
delete rand key=6202
insert rand key=2292
delete rand key=1242
delete rand key=9645
insert rand key=4659
insert rand key=10316
delete rand key=10091
insert rand key=14405
insert rand key=13519
delete rand key=2254
insert rand key=19324
insert rand key=17240
insert rand key=16582
insert rand key=12655
insert rand key=8369
delete rand key=13578
delete rand key=9536
insert rand key=4026
delete rand key=19126
insert rand key=8988
delete rand key=1320
delete rand key=4592
insert rand key=15051
insert rand key=5424
insert rand key=8555
insert rand key=10939
insert rand key=5423
delete rand key=18165
insert rand key=13368
insert rand key=11349
insert rand key=15078
insert rand key=3034
insert rand key=15790
insert rand key=8468
delete rand key=11500
delete rand key=7572
insert rand key=13708
delete rand key=11254
delete rand key=380
insert rand key=17759
delete rand key=5690
delete rand key=2196
insert rand key=6160
insert rand key=746
insert rand key=14533
insert rand key=10877
delete rand key=16613
insert rand key=19460
delete rand key=16184
insert rand key=7108
delete rand key=10819
delete rand key=8921
delete rand key=5977
insert rand key=16613
delete rand key=18887
insert rand key=12092
delete rand key=4368
delete rand key=18167
delete rand key=8435
insert rand key=12312
insert rand key=18172
delete rand key=412
delete rand key=8362
delete rand key=17398
delete rand key=19842
insert rand key=12366
insert rand key=1614
insert rand key=11081
delete rand key=17184
delete rand key=2153
insert rand key=8095
delete rand key=17325
insert rand key=2112
delete rand key=11448
insert rand key=1952
delete rand key=19921
insert rand key=11308
insert rand key=17401
delete rand key=2904
delete rand key=17904
delete rand key=15454
delete rand key=895
delete rand key=4371
insert rand key=16577
insert rand key=13135
delete rand key=7113
insert rand key=15005
delete rand key=2384
delete rand key=17261
delete rand key=11103
delete rand key=7054
delete rand key=4102
insert rand key=849
insert rand key=19645
delete rand key=16438
delete rand key=886
delete rand key=9508
insert rand key=1891
delete rand key=6868
delete rand key=2965
insert rand key=377
delete rand key=3891
insert rand key=3576
insert rand key=11619
insert rand key=2419
insert rand key=12151
delete rand key=2603
insert rand key=4467
insert rand key=13599
insert rand key=12135
insert rand key=6803
delete rand key=6811
delete rand key=11106
insert rand key=19668
delete rand key=7217
insert rand key=2004
insert rand key=8126
delete rand key=3413
insert rand key=16082
delete rand key=11230
insert rand key=15948
delete rand key=11650
insert rand key=3235
delete rand key=13483
insert rand key=7140
insert rand key=9380
delete rand key=18726
insert rand key=17260
insert rand key=18949
delete rand key=783
insert rand key=19328
insert rand key=13854
insert rand key=1014
delete rand key=376
insert rand key=10002
delete rand key=9451
delete rand key=17819
insert rand key=16864
delete rand key=1937
delete rand key=1901
insert rand key=19170
insert rand key=10945
delete rand key=13675
delete rand key=19437
delete rand key=11264
insert rand key=4198
insert rand key=9138
insert rand key=17791
insert rand key=17626
insert rand key=9656
insert rand key=1457
insert rand key=4029
insert rand key=3965
insert rand key=11560
delete rand key=9751
delete rand key=11821
insert rand key=17869
delete rand key=19435
insert rand key=3784
delete rand key=3722
delete rand key=17073
insert rand key=13874
delete rand key=3066
delete rand key=9074
delete rand key=8043
delete rand key=7755
delete rand key=7392
delete rand key=11192
insert rand key=9041
insert rand key=14911
insert rand key=6792
insert rand key=2602
delete rand key=17922
delete rand key=2770
delete rand key=11143
insert rand key=7778
insert rand key=3609
delete rand key=125
delete rand key=16124
insert rand key=2190
insert rand key=18179
delete rand key=15972
insert rand key=18716
delete rand key=9436
delete rand key=11865
insert rand key=8025
delete rand key=1331
insert rand key=3300
delete rand key=16674
insert rand key=16885
delete rand key=16800
insert rand key=3264
delete rand key=5505
insert rand key=9684
delete rand key=8565
delete rand key=13511
insert rand key=7735
insert rand key=11237
insert rand key=10684
delete rand key=677
delete rand key=12049
insert rand key=13504
delete rand key=10919
delete rand key=3163
delete rand key=9259
insert rand key=10726
insert rand key=5405
delete rand key=2661
insert rand key=3742
delete rand key=4396
insert rand key=12537
delete rand key=1460
insert rand key=14843
insert rand key=15244
insert rand key=3640
delete rand key=3461
insert rand key=19539
insert rand key=13445
delete rand key=7693
delete rand key=11235
insert rand key=7284
insert rand key=13184
insert rand key=11932
insert rand key=16814
insert rand key=16354
insert rand key=17445
delete rand key=17621
delete rand key=12647
delete rand key=14561
delete rand key=7189
delete rand key=2962
delete rand key=11138
delete rand key=19504
insert rand key=17116
insert rand key=3573
delete rand key=18912
insert rand key=1308
delete rand key=8856
delete rand key=11898
insert rand key=7901
delete rand key=19188
insert rand key=11726
delete rand key=2779
delete rand key=467
insert rand key=12781
insert rand key=2631
insert rand key=17229
delete rand key=17742
delete rand key=9209
insert rand key=12056
delete rand key=17000
insert rand key=8693
insert rand key=4661
delete rand key=3233
insert rand key=14145
insert rand key=4419
delete rand key=13692
insert rand key=1113
insert rand key=16114
delete rand key=8191
insert rand key=15038
insert rand key=2975
delete rand key=10860
delete rand key=11222
insert rand key=11080
insert rand key=3601
delete rand key=19800
delete rand key=4619
delete rand key=10020
delete rand key=10519
delete rand key=16466
insert rand key=16762
insert rand key=19602
delete rand key=13146
insert rand key=17182
delete rand key=6076
insert rand key=3079
delete rand key=8485
insert rand key=4303
delete rand key=5983
delete rand key=11725
insert rand key=13431
insert rand key=12774
insert rand key=10650
delete rand key=5559
delete rand key=9087
insert rand key=5822
delete rand key=3662
insert rand key=15181
delete rand key=15547
delete rand key=1773
delete rand key=15526
insert rand key=13486
insert rand key=12835
insert rand key=1050
delete rand key=1929
insert rand key=12091
delete rand key=6920
insert rand key=14259
insert rand key=13145
delete rand key=2899
delete rand key=1377
delete rand key=10032
insert rand key=15291
insert rand key=10041
insert rand key=19049
insert rand key=37
delete rand key=9377
insert rand key=11540
insert rand key=19937
insert rand key=2003
delete rand key=3601
insert rand key=14621
delete rand key=11514
insert rand key=9051
insert rand key=1898
insert rand key=10151
delete rand key=15332
insert rand key=15165
delete rand key=9348
insert rand key=15553
delete rand key=1482
insert rand key=19620
insert rand key=4508
insert rand key=14158
insert rand key=528
delete rand key=4708
insert rand key=16159
insert rand key=19536
delete rand key=6164
delete rand key=18205
delete rand key=14689
delete rand key=12261
delete rand key=12851
insert rand key=2407
insert rand key=13724
delete rand key=8006
insert rand key=16002
insert rand key=17218
insert rand key=19790
insert rand key=17917
delete rand key=18785
delete rand key=14590
delete rand key=16459
delete rand key=11009
delete rand key=3113
insert rand key=8285
insert rand key=16437
insert rand key=17856
insert rand key=2826
insert rand key=5359
delete rand key=1485
delete rand key=5755
delete rand key=59
delete rand key=9687
insert rand key=14786
insert rand key=18354
insert rand key=8446
insert rand key=19471
delete rand key=15601
delete rand key=7442
insert rand key=16761
delete rand key=2414
delete rand key=8863
insert rand key=19794
insert rand key=17580
delete rand key=17665
delete rand key=12231
insert rand key=11307
delete rand key=15719
insert rand key=12679
insert rand key=16771
insert rand key=6055
delete rand key=825
delete rand key=1520
delete rand key=2828
delete rand key=7241
insert rand key=5927
delete rand key=1246
insert rand key=4364
delete rand key=9848
delete rand key=3729
delete rand key=9504
delete rand key=5255
insert rand key=14626
delete rand key=7329
delete rand key=7979
insert rand key=16049
insert rand key=10699
delete rand key=6709
insert rand key=8459
delete rand key=9782
insert rand key=1589
delete rand key=5251
insert rand key=3184
insert rand key=13454
insert rand key=13507
insert rand key=16397
insert rand key=5591
insert rand key=15668
delete rand key=8961
insert rand key=2886
insert rand key=8135
insert rand key=13915
insert rand key=19534
insert rand key=10961
insert rand key=17712
delete rand key=14275
insert rand key=19290
insert rand key=10888
insert rand key=7366
insert rand key=6343
delete rand key=13447
insert rand key=3707
delete rand key=16833
delete rand key=4071
delete rand key=12379
delete rand key=17715
delete rand key=14604
delete rand key=11883
insert rand key=18129
delete rand key=13881
insert rand key=19481
delete rand key=5484
delete rand key=10326
delete rand key=15736
delete rand key=18213
delete rand key=9118
insert rand key=132
insert rand key=14378
insert rand key=15199
delete rand key=17360
delete rand key=3132
insert rand key=19146
insert rand key=14790
insert rand key=12899
delete rand key=17897
delete rand key=3883
insert rand key=18590
insert rand key=11789
delete rand key=2732
delete rand key=15170
delete rand key=14768
delete rand key=15553
delete rand key=17350
delete rand key=11632
insert rand key=13023
delete rand key=17503
insert rand key=16078
delete rand key=5696
insert rand key=15382
delete rand key=9270
delete rand key=4289
insert rand key=16705
delete rand key=186
insert rand key=3713
insert rand key=16068
delete rand key=292
delete rand key=12343
insert rand key=15479
delete rand key=6075
insert rand key=11476
delete rand key=3003
insert rand key=9174
delete rand key=4179
insert rand key=4497
insert rand key=9323
insert rand key=15504
delete rand key=14350
delete rand key=5806
insert rand key=10330
insert rand key=16943
insert rand key=14743
insert rand key=7144
delete rand key=6844
delete rand key=18933
delete rand key=2756
insert rand key=19395
insert rand key=443
insert rand key=13549
insert rand key=18653
insert rand key=8271
insert rand key=3629
insert rand key=15252
insert rand key=4420
insert rand key=14299
insert rand key=18220
delete rand key=974
delete rand key=8886
delete rand key=17608
insert rand key=5100
insert rand key=13191
delete rand key=12982
insert rand key=1472
delete rand key=5424
delete rand key=5849
delete rand key=15964
delete rand key=172
insert rand key=16327
insert rand key=14119
delete rand key=14526
insert rand key=12802
delete rand key=11501
delete rand key=12031
delete rand key=4499
insert rand key=17425
delete rand key=16914
delete rand key=7368
delete rand key=10312
insert rand key=9357
insert rand key=2460
insert rand key=10978
insert rand key=2719
insert rand key=15124
delete rand key=17698
delete rand key=7710
delete rand key=9398
insert rand key=2771
insert rand key=10024
delete rand key=9452
delete rand key=7108
delete rand key=8730
insert rand key=8381
delete rand key=6951
insert rand key=14456
insert rand key=3826
insert rand key=16474
delete rand key=10119
delete rand key=18288
insert rand key=13498
delete rand key=18498
insert rand key=16711
insert rand key=19583
delete rand key=14007
insert rand key=11925
delete rand key=1841
insert rand key=5954
insert rand key=8056
insert rand key=10493
insert rand key=9792
insert rand key=10761
insert rand key=18690
insert rand key=4489
delete rand key=6143
delete rand key=7910
insert rand key=5814
insert rand key=1433
insert rand key=15296
insert rand key=4164
delete rand key=19449
insert rand key=11165
delete rand key=14013
insert rand key=12484
delete rand key=9905
delete rand key=11154
insert rand key=5497
insert rand key=5912
delete rand key=3210
delete rand key=18187
delete rand key=12335
insert rand key=3356
delete rand key=340
insert rand key=6527
insert rand key=17471
insert rand key=18997
insert rand key=5882
delete rand key=13820
delete rand key=11079
delete rand key=1080
delete rand key=5838
delete rand key=19635
insert rand key=4688
delete rand key=13507
insert rand key=16663
delete rand key=1073
delete rand key=8742
insert rand key=19943
delete rand key=15100
delete rand key=11129
insert rand key=1534
delete rand key=15178
insert rand key=13654
insert rand key=16132
delete rand key=5530
delete rand key=12929
insert rand key=2447
insert rand key=19410
insert rand key=727
insert rand key=2260
delete rand key=11755
insert rand key=4402
delete rand key=17361
delete rand key=10306
delete rand key=12410
insert rand key=193
insert rand key=1862
delete rand key=17599
delete rand key=7650
insert rand key=13706
insert rand key=8671
insert rand key=10431
delete rand key=12530
insert rand key=1248
delete rand key=1392
insert rand key=4294
delete rand key=5170
insert rand key=16749
insert rand key=16399
insert rand key=5079
insert rand key=17660
delete rand key=11396
delete rand key=19002
delete rand key=12085
insert rand key=13730
delete rand key=10984
delete rand key=9913
insert rand key=17576
delete rand key=17840
delete rand key=14393
delete rand key=6972
insert rand key=5179
delete rand key=16434
delete rand key=15970
delete rand key=12788
delete rand key=12167
insert rand key=13133
insert rand key=3194
delete rand key=660
insert rand key=11889
insert rand key=11968
insert rand key=14325
delete rand key=2975
delete rand key=11180
delete rand key=3589
insert rand key=5824
insert rand key=14547
delete rand key=19154
delete rand key=11560
insert rand key=637
insert rand key=13690
delete rand key=18049
delete rand key=2343
insert rand key=5046
delete rand key=1173
delete rand key=4476
insert rand key=5930
delete rand key=13306
insert rand key=12845
insert rand key=7568
delete rand key=867
insert rand key=15515
insert rand key=12389
insert rand key=8799
delete rand key=4457
delete rand key=1109
insert rand key=19859
insert rand key=2104
insert rand key=336
delete rand key=5613
delete rand key=17018
insert rand key=8583
delete rand key=5327
delete rand key=3570
delete rand key=16411
insert rand key=19914
insert rand key=6605
delete rand key=17348
delete rand key=16821
insert rand key=5287
insert rand key=19288
insert rand key=16115
delete rand key=10626
insert rand key=5277
delete rand key=5376
delete rand key=18693
delete rand key=10639
insert rand key=14413
delete rand key=11347
delete rand key=16349
insert rand key=17543
insert rand key=16517
delete rand key=6950
delete rand key=779
insert rand key=9045
insert rand key=6066
delete rand key=1308
insert rand key=9454
delete rand key=3631
delete rand key=18095
delete rand key=6036
delete rand key=2675
delete rand key=17639
delete rand key=19390
insert rand key=4272
delete rand key=445
delete rand key=16613
insert rand key=16448
delete rand key=15365
delete rand key=8038
insert rand key=13359
delete rand key=16360
insert rand key=5895
insert rand key=11524
insert rand key=13865
insert rand key=8917
delete rand key=16441
insert rand key=19496
delete rand key=953
insert rand key=814
insert rand key=5041
delete rand key=12200
delete rand key=18126
delete rand key=674
insert rand key=16059
delete rand key=5021
delete rand key=10847
delete rand key=19320
insert rand key=19240
delete rand key=16520
insert rand key=4927
delete rand key=13420
insert rand key=17641
insert rand key=4352
delete rand key=4053
delete rand key=1896
delete rand key=4489
delete rand key=8781
delete rand key=9548
delete rand key=4420
delete rand key=11127
insert rand key=3304
insert rand key=13924
insert rand key=9437
delete rand key=16082
delete rand key=12764
delete rand key=6898
delete rand key=7640
insert rand key=12512
delete rand key=15669
insert rand key=18300
delete rand key=15556
delete rand key=16771
delete rand key=7351
delete rand key=19019
delete rand key=12930
delete rand key=14327
delete rand key=10878
delete rand key=12263
insert rand key=18696
insert rand key=6451
delete rand key=13247
insert rand key=41
delete rand key=7346
delete rand key=8318
delete rand key=3608
insert rand key=2185
delete rand key=3871
delete rand key=4492
delete rand key=11676
insert rand key=14966
insert rand key=13291
insert rand key=7359
insert rand key=15275
delete rand key=13477
delete rand key=12838
insert rand key=8149
delete rand key=11110
insert rand key=7906
insert rand key=2012
delete rand key=18825
insert rand key=12487
insert rand key=10863
insert rand key=7540
insert rand key=15714
insert rand key=4915
delete rand key=4470
insert rand key=129
delete rand key=2004
delete rand key=3667
delete rand key=12303
delete rand key=276
insert rand key=12370
insert rand key=17802
insert rand key=6632
insert rand key=15939
insert rand key=15256
insert rand key=15024
insert rand key=14766
delete rand key=14886
insert rand key=1964
delete rand key=2283
insert rand key=4868
delete rand key=4882
delete rand key=10772
delete rand key=17889
delete rand key=10039
insert rand key=5746
insert rand key=19129
insert rand key=11841
insert rand key=17951
insert rand key=13106
insert rand key=13441
delete rand key=17557
insert rand key=9648
insert rand key=19096
delete rand key=16802
delete rand key=5730
insert rand key=19094
delete rand key=5099
insert rand key=4189
delete rand key=18568
delete rand key=11686
insert rand key=7435
delete rand key=6302
insert rand key=18564
insert rand key=3064
insert rand key=6439
insert rand key=7823
insert rand key=4268
delete rand key=16606
delete rand key=5543
delete rand key=9752
delete rand key=5409
insert rand key=7740
insert rand key=15338
insert rand key=16804
insert rand key=9446
insert rand key=625
insert rand key=5178
insert rand key=15774
delete rand key=5163
delete rand key=7543
delete rand key=17651
insert rand key=8633
delete rand key=12164
insert rand key=2714
insert rand key=11757
insert rand key=9338
delete rand key=9180
insert rand key=19466
delete rand key=11539
insert rand key=6664
insert rand key=8801
delete rand key=12559
insert rand key=8630
insert rand key=11833
insert rand key=12155
insert rand key=17639
insert rand key=5858
delete rand key=6849
delete rand key=3386
delete rand key=1159
delete rand key=15773
insert rand key=13197
delete rand key=12799
delete rand key=12036
insert rand key=1329
delete rand key=5411
delete rand key=11982
insert rand key=1718
insert rand key=17333
delete rand key=9403
insert rand key=13248
insert rand key=5513
insert rand key=6482
insert rand key=15933
insert rand key=2810
delete rand key=12372
insert rand key=16781
delete rand key=13476
delete rand key=3910
delete rand key=12795
delete rand key=5179
delete rand key=14171
delete rand key=3826
delete rand key=2446
insert rand key=396
insert rand key=6144
delete rand key=14786
insert rand key=14995
insert rand key=13671
delete rand key=4153
delete rand key=7262
insert rand key=4326
insert rand key=13777
insert rand key=12222
insert rand key=12498
insert rand key=3611
delete rand key=9551
insert rand key=17886
insert rand key=5556
insert rand key=168
insert rand key=5777
delete rand key=5402
delete rand key=2306
delete rand key=13519
insert rand key=12186
delete rand key=6702
delete rand key=6392
delete rand key=12451
delete rand key=11798
delete rand key=6515
delete rand key=1078
delete rand key=16819
delete rand key=17580
delete rand key=14892
insert rand key=13581
delete rand key=19054
delete rand key=7042
delete rand key=2830
delete rand key=13159
delete rand key=5416
delete rand key=16753
delete rand key=3482
insert rand key=6511
delete rand key=11542
delete rand key=5293
insert rand key=16147
insert rand key=9130
insert rand key=362
insert rand key=220
delete rand key=2900
insert rand key=14943
insert rand key=14228
insert rand key=18987
delete rand key=2184
insert rand key=519
insert rand key=6022
insert rand key=7404
delete rand key=5808
insert rand key=13612
delete rand key=17343
delete rand key=16913
delete rand key=8474
delete rand key=9223
delete rand key=360
insert rand key=16480
insert rand key=17205
insert rand key=14362
insert rand key=5183
delete rand key=19831
delete rand key=11337
insert rand key=7201
insert rand key=7696
insert rand key=6918
delete rand key=12409
insert rand key=14019
delete rand key=17673
delete rand key=7300
insert rand key=3625
insert rand key=15588
delete rand key=17843
delete rand key=19091
delete rand key=8080
delete rand key=7591
delete rand key=273
delete rand key=18748
insert rand key=7610
delete rand key=19336
delete rand key=10686
insert rand key=11951
delete rand key=10652
insert rand key=16528
delete rand key=16100
delete rand key=13699
delete rand key=4805
delete rand key=15728
delete rand key=15534
insert rand key=9953
delete rand key=17706
insert rand key=7290
delete rand key=5692
delete rand key=11968
delete rand key=9635
insert rand key=1448
delete rand key=13068
insert rand key=2871
insert rand key=11271
insert rand key=9916
insert rand key=14247
delete rand key=15180
insert rand key=5251
delete rand key=17467
delete rand key=14983
insert rand key=6205
insert rand key=19042
insert rand key=302
insert rand key=13437
delete rand key=6871
insert rand key=16238
delete rand key=12845
insert rand key=5788
insert rand key=4301
insert rand key=11720
delete rand key=6888
delete rand key=9652
delete rand key=2993
insert rand key=13285
delete rand key=7801
delete rand key=13214
delete rand key=10856
insert rand key=9848
delete rand key=18380
insert rand key=17859
insert rand key=14307
insert rand key=11742
insert rand key=2261
insert rand key=14913
delete rand key=9164
insert rand key=13586
delete rand key=19613
insert rand key=13554
delete rand key=17770
delete rand key=19958
delete rand key=15756
delete rand key=10454
delete rand key=3938
delete rand key=4671
insert rand key=16416
insert rand key=13583
delete rand key=11485
delete rand key=9672
delete rand key=644
insert rand key=17889
delete rand key=6026
insert rand key=10152
delete rand key=19563
insert rand key=12858
delete rand key=18952
insert rand key=10687
insert rand key=2704
delete rand key=18643
insert rand key=7474
delete rand key=852
insert rand key=17984
delete rand key=5844
delete rand key=19891
insert rand key=19589
delete rand key=440
insert rand key=10459
delete rand key=3458
insert rand key=4684
insert rand key=12924
delete rand key=17660
delete rand key=13250
delete rand key=17243
delete rand key=11953
insert rand key=7158
delete rand key=18227
insert rand key=5650
insert rand key=17926
delete rand key=3180
delete rand key=18500
insert rand key=6542
insert rand key=252
insert rand key=8753
insert rand key=8065
delete rand key=8703
insert rand key=1243
insert rand key=9000
delete rand key=15124
delete rand key=8381
delete rand key=5032
delete rand key=13291
delete rand key=6802
insert rand key=4856
insert rand key=16211
delete rand key=6073
delete rand key=9498
insert rand key=14898
insert rand key=13196
insert rand key=12511
delete rand key=5357
delete rand key=6874
delete rand key=7877
delete rand key=6834
delete rand key=19737
delete rand key=7308
delete rand key=6444
insert rand key=14360
insert rand key=6799
insert rand key=843
delete rand key=10382
insert rand key=16737
insert rand key=3206
insert rand key=5252
delete rand key=6737
delete rand key=6757
insert rand key=8970
insert rand key=13875
delete rand key=134
insert rand key=4426
insert rand key=19585
delete rand key=19515
insert rand key=16617
delete rand key=18044
delete rand key=19571
insert rand key=2165
insert rand key=2103
insert rand key=10501
delete rand key=10825
insert rand key=14817
insert rand key=6730
insert rand key=5581
insert rand key=18188
delete rand key=19870
delete rand key=14938
delete rand key=10921
delete rand key=9943
insert rand key=17767
delete rand key=19477
insert rand key=7609
insert rand key=6815
delete rand key=3363
delete rand key=13755
delete rand key=1465
delete rand key=2165
delete rand key=4026
delete rand key=6795
insert rand key=9935
insert rand key=4260
delete rand key=8067
delete rand key=6291
delete rand key=794
delete rand key=2235
insert rand key=96
insert rand key=6826
delete rand key=5287
insert rand key=5726
insert rand key=18127
delete rand key=1745
insert rand key=7145
insert rand key=1474
insert rand key=2023
insert rand key=159
delete rand key=7835
delete rand key=512
insert rand key=16533
insert rand key=12268
insert rand key=14638
insert rand key=2067
insert rand key=8934
insert rand key=13624
delete rand key=9579
delete rand key=15634
delete rand key=15143
insert rand key=8288
insert rand key=9399
delete rand key=4509
delete rand key=419
insert rand key=2232
insert rand key=6655
insert rand key=5654
delete rand key=13636
delete rand key=4942
delete rand key=11894
delete rand key=14805
delete rand key=7320
insert rand key=15096
insert rand key=12111
delete rand key=7183
delete rand key=4819
delete rand key=18723
insert rand key=16197
delete rand key=18374
delete rand key=1768
insert rand key=1970
delete rand key=7587
insert rand key=11897
insert rand key=11437
delete rand key=15485
delete rand key=14857
insert rand key=13863
delete rand key=17784
delete rand key=16468
insert rand key=2048
delete rand key=10448
insert rand key=16051
insert rand key=5604
delete rand key=6597
delete rand key=1243
delete rand key=16630
insert rand key=19777
delete rand key=18017
insert rand key=4586
insert rand key=6479
insert rand key=7673
delete rand key=8516
delete rand key=1325
delete rand key=10279
delete rand key=3264
delete rand key=10939
insert rand key=15838
delete rand key=11925
insert rand key=5055
delete rand key=13409
insert rand key=9420
insert rand key=5760
delete rand key=10832
delete rand key=12088
delete rand key=16132
delete rand key=12876
delete rand key=5632
delete rand key=11696
insert rand key=3694
insert rand key=260
insert rand key=16861
insert rand key=5364
insert rand key=19165
delete rand key=4915
delete rand key=1862
insert rand key=6991
insert rand key=19834
insert rand key=14466
insert rand key=1150
delete rand key=12548
delete rand key=978
insert rand key=5544
insert rand key=2486
insert rand key=7198
insert rand key=16979
insert rand key=19255
delete rand key=16655
delete rand key=18609
delete rand key=14954
insert rand key=3968
insert rand key=7335
delete rand key=6319
insert rand key=13932
insert rand key=7306
delete rand key=18366
insert rand key=12083
insert rand key=10048
delete rand key=12195
delete rand key=5311
insert rand key=7219
insert rand key=4971
insert rand key=16128
insert rand key=7436
delete rand key=9969
delete rand key=17413
insert rand key=17241
insert rand key=7456
delete rand key=7824
delete rand key=19620
insert rand key=13211
delete rand key=1806
insert rand key=5757
delete rand key=8036
delete rand key=18655
delete rand key=9051
insert rand key=10286
delete rand key=12498
insert rand key=11169
insert rand key=4025
delete rand key=5478
insert rand key=19456
insert rand key=11682
insert rand key=11750
insert rand key=18652
insert rand key=17662
insert rand key=1192
insert rand key=14915
insert rand key=8873
delete rand key=15472
delete rand key=14254
insert rand key=10031
delete rand key=13720
insert rand key=15095
delete rand key=13989
delete rand key=10604
insert rand key=1429
delete rand key=17212
delete rand key=19626
delete rand key=8744
insert rand key=2163
insert rand key=797
delete rand key=166
insert rand key=12586
delete rand key=1774
insert rand key=1611
delete rand key=9481
delete rand key=9762
delete rand key=4377
insert rand key=8022
insert rand key=16105
delete rand key=12056
insert rand key=9370
insert rand key=9515
insert rand key=18015
delete rand key=18455
delete rand key=7617
delete rand key=18632
delete rand key=17733
delete rand key=15512
delete rand key=16129
delete rand key=19228
insert rand key=18789
insert rand key=2746
insert rand key=6471
delete rand key=17471
insert rand key=11375
insert rand key=7369
delete rand key=11871
delete rand key=11382
insert rand key=8656
delete rand key=13964
delete rand key=16172
delete rand key=5248
delete rand key=14440
delete rand key=399
delete rand key=2753
delete rand key=16474
insert rand key=6397
delete rand key=15235
delete rand key=3042
insert rand key=1269
insert rand key=19660
delete rand key=6837
delete rand key=18670
delete rand key=4759
insert rand key=10963
delete rand key=10286
insert rand key=8103
delete rand key=2725
delete rand key=19439
delete rand key=12370
insert rand key=2139
delete rand key=18300
delete rand key=4685
delete rand key=14899
insert rand key=6953
insert rand key=5035
insert rand key=1647
insert rand key=7320
delete rand key=1852
insert rand key=11915
insert rand key=11821
insert rand key=1148
delete rand key=17324
insert rand key=652
delete rand key=19914
insert rand key=3565
insert rand key=12132
insert rand key=3763
delete rand key=8068
delete rand key=19165
insert rand key=13460
insert rand key=3155
delete rand key=12384
delete rand key=14470
insert rand key=7192
delete rand key=1280
delete rand key=17026
delete rand key=9045
delete rand key=15175
delete rand key=10659
delete rand key=6511
delete rand key=3681
insert rand key=19331
delete rand key=16547
insert rand key=14459
delete rand key=16533
insert rand key=17607
insert rand key=7737
delete rand key=12255
insert rand key=18403
delete rand key=12172
insert rand key=5333
delete rand key=3779
delete rand key=2114
insert rand key=7243
insert rand key=823
delete rand key=3727
insert rand key=6633
delete rand key=16703
delete rand key=13275
delete rand key=15039
insert rand key=9525
delete rand key=19775
delete rand key=9133
delete rand key=12047
insert rand key=17289
insert rand key=13814
insert rand key=10405
delete rand key=17571
delete rand key=11671
insert rand key=17865
insert rand key=5815
insert rand key=9272
delete rand key=14465
delete rand key=15383
insert rand key=18639
insert rand key=7957
delete rand key=19985
delete rand key=8206
insert rand key=18655
delete rand key=6694
insert rand key=7193
insert rand key=18397
delete rand key=14836
delete rand key=11016
insert rand key=15661
insert rand key=9711
delete rand key=13444
delete rand key=6078
insert rand key=17694
delete rand key=17750
insert rand key=6810
delete rand key=8050
delete rand key=8831
delete rand key=2039
delete rand key=1468
insert rand key=19419
delete rand key=4580
delete rand key=5035
insert rand key=17449
delete rand key=11056
insert rand key=19078
delete rand key=18857
delete rand key=536
insert rand key=8933
insert rand key=10986
insert rand key=19759
insert rand key=10670
delete rand key=8150
insert rand key=3029
delete rand key=17075
insert rand key=14146
insert rand key=2858
delete rand key=5460
delete rand key=18629
insert rand key=828
delete rand key=8237
delete rand key=17151
delete rand key=15024
insert rand key=12218
delete rand key=6859
delete rand key=10758
insert rand key=341
delete rand key=12116
delete rand key=15808
delete rand key=2231
delete rand key=139
insert rand key=11920
delete rand key=4928
delete rand key=11210
insert rand key=9714
delete rand key=2611
delete rand key=9314
insert rand key=8283
delete rand key=13297
delete rand key=3440
delete rand key=11980
insert rand key=2976
insert rand key=10841
delete rand key=712
insert rand key=1625
delete rand key=19497
insert rand key=18363
delete rand key=1257
insert rand key=2181
delete rand key=349
delete rand key=18779
delete rand key=13865
delete rand key=5797
delete rand key=14000
delete rand key=12356
insert rand key=18195
delete rand key=12462
delete rand key=10146
delete rand key=14435
delete rand key=5088
delete rand key=7516
delete rand key=8278
delete rand key=8690
delete rand key=1302
delete rand key=3702
insert rand key=19658
delete rand key=1491
insert rand key=8880
insert rand key=5967
delete rand key=14837
insert rand key=19807
insert rand key=2759
insert rand key=14445
delete rand key=816
insert rand key=15475
insert rand key=15250
delete rand key=15835
insert rand key=19599
insert rand key=12315
insert rand key=4929
insert rand key=10573
insert rand key=10268
insert rand key=213
insert rand key=11880
delete rand key=14626
insert rand key=4946
delete rand key=11700
delete rand key=1012
delete rand key=519
delete rand key=15565
insert rand key=17562
insert rand key=13574
insert rand key=15736
delete rand key=5534
delete rand key=12493
delete rand key=17752
insert rand key=2052
delete rand key=5086
insert rand key=215
delete rand key=3136
insert rand key=1960
insert rand key=10095
delete rand key=8484
delete rand key=6728
delete rand key=4395
insert rand key=3526
insert rand key=701
delete rand key=11720
insert rand key=5955
delete rand key=17946
insert rand key=4083
insert rand key=1684
delete rand key=1081
insert rand key=6032
insert rand key=1033
insert rand key=15969
insert rand key=15808
delete rand key=10764
insert rand key=19532
insert rand key=12406
insert rand key=3667
insert rand key=13052
insert rand key=7810
delete rand key=13517
delete rand key=15458
insert rand key=19739
delete rand key=3584
insert rand key=11925
insert rand key=18480
insert rand key=7796
delete rand key=12840
insert rand key=18759
delete rand key=13286
delete rand key=17116
delete rand key=9780
insert rand key=608
insert rand key=3849
insert rand key=7486
delete rand key=17879
delete rand key=19810
delete rand key=15699
insert rand key=3130
delete rand key=16105
insert rand key=19402
insert rand key=2054
delete rand key=8095
delete rand key=9727
insert rand key=17725
delete rand key=17856
insert rand key=19565
insert rand key=18269
delete rand key=14915
delete rand key=19699
delete rand key=11229
delete rand key=16643
insert rand key=9422
delete rand key=16811
delete rand key=4083
delete rand key=4773
insert rand key=12455
delete rand key=17156
insert rand key=9896
insert rand key=14741
insert rand key=536
insert rand key=338
delete rand key=9496
insert rand key=6823
insert rand key=17191
insert rand key=7360
delete rand key=3032
delete rand key=16617
delete rand key=15933
delete rand key=18220
delete rand key=3081
delete rand key=11176
delete rand key=4711
delete rand key=9082
insert rand key=13067
insert rand key=2057
delete rand key=2552
delete rand key=16877
delete rand key=15436
insert rand key=19795
delete rand key=16025
delete rand key=14285
insert rand key=19173
insert rand key=11675
insert rand key=11306
delete rand key=18015
delete rand key=5756
insert rand key=11725
insert rand key=6940
insert rand key=11117
insert rand key=19132
insert rand key=519
delete rand key=4148
insert rand key=6793
insert rand key=17806
delete rand key=17821
insert rand key=10400
insert rand key=16780
delete rand key=11856
insert rand key=16492
delete rand key=6221
insert rand key=5558
delete rand key=2460
insert rand key=11126
delete rand key=5193
insert rand key=7923
delete rand key=16958
insert rand key=4640
insert rand key=10847
insert rand key=9741
insert rand key=12096
delete rand key=4588
insert rand key=11631
insert rand key=9356
insert rand key=11445
insert rand key=16851
delete rand key=12689
insert rand key=3432
delete rand key=17170
delete rand key=10978
delete rand key=3397
insert rand key=6061
delete rand key=14585
delete rand key=13970
delete rand key=993
delete rand key=3399
delete rand key=14807
insert rand key=14550
insert rand key=16759
insert rand key=19662
insert rand key=13783
insert rand key=4035
insert rand key=2478
delete rand key=37
delete rand key=6317
delete rand key=377
delete rand key=17562
insert rand key=9544
insert rand key=9501
insert rand key=2807
insert rand key=13666
insert rand key=10613
delete rand key=7252
delete rand key=12142
insert rand key=1950
delete rand key=12292
delete rand key=17626
delete rand key=18647
insert rand key=14426
delete rand key=1823
delete rand key=19545
insert rand key=11138
delete rand key=1831
delete rand key=1364
insert rand key=17455
delete rand key=6387
insert rand key=12181
insert rand key=15667
delete rand key=3784
insert rand key=11739
insert rand key=12394
delete rand key=6436
insert rand key=1635
delete rand key=5291
insert rand key=17364
delete rand key=10316
insert rand key=1136
delete rand key=11055
delete rand key=3304
delete rand key=15174
insert rand key=18767
delete rand key=9406
delete rand key=10603
delete rand key=9792
insert rand key=10397
insert rand key=13716
insert rand key=1520
delete rand key=13165
insert rand key=3024
insert rand key=10302
insert rand key=11816
delete rand key=19418
insert rand key=8587
insert rand key=4510
delete rand key=17553
insert rand key=15529
delete rand key=19496
delete rand key=2932
insert rand key=17075
delete rand key=13475
delete rand key=13962
insert rand key=15779
delete rand key=16804
delete rand key=4364
delete rand key=13993
delete rand key=18997
delete rand key=11984
insert rand key=796
delete rand key=9608
insert rand key=12645
delete rand key=14315
delete rand key=4880
insert rand key=7596
insert rand key=13548
delete rand key=9138
delete rand key=19348
delete rand key=317
insert rand key=10746
insert rand key=9383
delete rand key=1784
insert rand key=6117
delete rand key=11096
insert rand key=5227
delete rand key=14201
insert rand key=4571
insert rand key=16546
insert rand key=3376
delete rand key=7332
delete rand key=5777
insert rand key=54
insert rand key=11514
delete rand key=7661
delete rand key=3496
insert rand key=17929
delete rand key=7846
insert rand key=2271
delete rand key=3773
delete rand key=18212
insert rand key=18264
delete rand key=12468
insert rand key=8879
delete rand key=9085
delete rand key=14215
insert rand key=11609
insert rand key=170
delete rand key=18337
delete rand key=4449
insert rand key=14157
delete rand key=9709
delete rand key=18765
delete rand key=16818
insert rand key=1665
insert rand key=11038
insert rand key=2835
insert rand key=17742
delete rand key=16908
insert rand key=5923
delete rand key=63
delete rand key=5734
insert rand key=432
insert rand key=16494
insert rand key=9566
delete rand key=16554
delete rand key=19100
delete rand key=701
delete rand key=8424
insert rand key=18168
delete rand key=13386
insert rand key=19119
insert rand key=6957
delete rand key=10951
delete rand key=16088
delete rand key=1750
delete rand key=14904
insert rand key=5478
delete rand key=7404
insert rand key=8004
insert rand key=3327
delete rand key=3965
insert rand key=3754
delete rand key=11474
insert rand key=19213
delete rand key=13546
delete rand key=12401
delete rand key=12511
insert rand key=18699
insert rand key=124
delete rand key=15993
delete rand key=9742
delete rand key=212
delete rand key=15159
insert rand key=7069
insert rand key=5848
insert rand key=13116
insert rand key=5138
delete rand key=16973
delete rand key=17764
insert rand key=13164
insert rand key=9712
insert rand key=6396
insert rand key=270
insert rand key=18447
insert rand key=4076
delete rand key=19173
insert rand key=9584
delete rand key=9250
delete rand key=9288
delete rand key=10731
insert rand key=4711
delete rand key=1964
delete rand key=9976
delete rand key=19252
delete rand key=17669
delete rand key=8466
delete rand key=16981
delete rand key=18004
insert rand key=14560
insert rand key=17617
delete rand key=6633
insert rand key=9862
delete rand key=9258
insert rand key=16966
delete rand key=4042
insert rand key=19981
delete rand key=17781
delete rand key=16276
delete rand key=12755
delete rand key=12659
delete rand key=19881
insert rand key=10646
insert rand key=12800
delete rand key=19607
insert rand key=15427
insert rand key=8461
insert rand key=3572
insert rand key=17343
delete rand key=6159
insert rand key=18811
delete rand key=18234
delete rand key=4559
insert rand key=17696
insert rand key=12681
delete rand key=13201
insert rand key=6752
delete rand key=2097
delete rand key=8561
insert rand key=15821
insert rand key=10331
delete rand key=8731
insert rand key=1235
delete rand key=16922
insert rand key=383
insert rand key=10586
delete rand key=13579
delete rand key=11725
delete rand key=4080
delete rand key=3409
insert rand key=3298
insert rand key=4663
insert rand key=14131
insert rand key=10411
delete rand key=5364
insert rand key=11009
delete rand key=528
delete rand key=7117
delete rand key=17470
insert rand key=17134
insert rand key=1281
insert rand key=19973
delete rand key=12179
insert rand key=8761
insert rand key=9693
delete rand key=3348
insert rand key=11163
delete rand key=6778
delete rand key=12105
insert rand key=9778
insert rand key=16386
insert rand key=2542
delete rand key=5055
insert rand key=4522
delete rand key=11662
insert rand key=11270
delete rand key=15821
delete rand key=6187
insert rand key=17366
delete rand key=11911
insert rand key=17061
delete rand key=3619
delete rand key=1661
delete rand key=19375
delete rand key=5352
insert rand key=6731
insert rand key=18273
insert rand key=2155
insert rand key=7846
delete rand key=15588
insert rand key=864
delete rand key=17052
insert rand key=7633
delete rand key=16647
delete rand key=11540
delete rand key=7560
delete rand key=11057
delete rand key=19754
insert rand key=5781
insert rand key=14022
delete rand key=11801
delete rand key=6433
delete rand key=18803
delete rand key=14815
delete rand key=699
delete rand key=17141
insert rand key=6060
delete rand key=14146
delete rand key=8606
delete rand key=19073
insert rand key=2723
insert rand key=17215
insert rand key=11958
insert rand key=18167
delete rand key=9425
delete rand key=11159
insert rand key=7700
delete rand key=10946
delete rand key=19950
insert rand key=9411
insert rand key=16787
insert rand key=9658
insert rand key=14892
insert rand key=389
insert rand key=4102
delete rand key=6543
insert rand key=6604
insert rand key=8853
insert rand key=5561
delete rand key=10726
insert rand key=16072
insert rand key=3157
insert rand key=280
insert rand key=17613
insert rand key=12259
insert rand key=12005
delete rand key=19825
delete rand key=6577
delete rand key=3366
insert rand key=13819
delete rand key=15088
delete rand key=5795
insert rand key=13121
insert rand key=8417
insert rand key=9472
delete rand key=7378
delete rand key=4703
insert rand key=17353
insert rand key=2083
delete rand key=17593
insert rand key=9784
insert rand key=1798
insert rand key=15385
insert rand key=63
insert rand key=3809
delete rand key=6639
delete rand key=6814
insert rand key=7650
insert rand key=10599
delete rand key=7620
insert rand key=13888
delete rand key=3301
delete rand key=264
delete rand key=260
insert rand key=11736
insert rand key=13791
delete rand key=12681
insert rand key=2172
delete rand key=18716
insert rand key=14225
insert rand key=13661
delete rand key=10574
insert rand key=18895
insert rand key=1533
insert rand key=10672
delete rand key=16386
insert rand key=14672
delete rand key=5686
insert rand key=13362
delete rand key=1849
delete rand key=3872
insert rand key=10845
insert rand key=4436
insert rand key=4386
insert rand key=16696
delete rand key=16705
insert rand key=10408
insert rand key=11390
insert rand key=5411
insert rand key=8257
insert rand key=1184
insert rand key=13332
insert rand key=19114
insert rand key=19649
delete rand key=18452
insert rand key=18766
delete rand key=18872
insert rand key=17057
insert rand key=14295
insert rand key=12545
insert rand key=16489
insert rand key=18016
delete rand key=16049
insert rand key=1455
insert rand key=15900
insert rand key=3902
insert rand key=8576
insert rand key=14599
delete rand key=3754
delete rand key=15078
insert rand key=19444
delete rand key=3484
insert rand key=5159
insert rand key=9628
delete rand key=4884
delete rand key=15228
delete rand key=14517
delete rand key=1457
insert rand key=1782
insert rand key=958
delete rand key=18732
delete rand key=16784
delete rand key=10173
delete rand key=11900
insert rand key=15798
insert rand key=16796
delete rand key=13252
insert rand key=5942
insert rand key=11539
insert rand key=13648
insert rand key=15308
delete rand key=9086
delete rand key=15043
insert rand key=17637
delete rand key=11247
delete rand key=14325
delete rand key=534
insert rand key=984
insert rand key=8293
delete rand key=1715
delete rand key=13130
delete rand key=6033
delete rand key=10303
insert rand key=11178
delete rand key=2012
insert rand key=6415
delete rand key=5928
delete rand key=11935
insert rand key=17772
delete rand key=17508
delete rand key=14855
insert rand key=692
delete rand key=5839
delete rand key=12484
insert rand key=17560
insert rand key=11103
delete rand key=17894
insert rand key=1657
delete rand key=18905
insert rand key=5851
delete rand key=4035
insert rand key=13419
insert rand key=1469
insert rand key=3551
delete rand key=9467
delete rand key=1772
delete rand key=737
delete rand key=6263
delete rand key=5923
insert rand key=1925
insert rand key=14850
insert rand key=1787
insert rand key=18134
insert rand key=15595
delete rand key=6017
delete rand key=7431
delete rand key=19654
delete rand key=16623
delete rand key=2737
insert rand key=14267
insert rand key=800
delete rand key=14506
insert rand key=6586
insert rand key=2017
insert rand key=5352
delete rand key=3352
delete rand key=17013
insert rand key=9998
insert rand key=1934
insert rand key=9095
insert rand key=15063
delete rand key=16927
delete rand key=18188
insert rand key=3657
delete rand key=17123
insert rand key=14506
insert rand key=13421
insert rand key=9615
insert rand key=12768
delete rand key=5415
insert rand key=13410
delete rand key=12778
delete rand key=657
delete rand key=13319
delete rand key=2985
insert rand key=4827
delete rand key=2379
delete rand key=4068
delete rand key=9637
delete rand key=8677
delete rand key=14867
insert rand key=3886
insert rand key=14726
insert rand key=10792
delete rand key=4684
delete rand key=16002
insert rand key=10283
insert rand key=13272
insert rand key=14021
delete rand key=13922
delete rand key=17020
delete rand key=7719
insert rand key=3807
delete rand key=9599
insert rand key=2685
delete rand key=3244
insert rand key=12613
delete rand key=1830
insert rand key=16306
delete rand key=15005
insert rand key=8162
insert rand key=18448
insert rand key=12766
delete rand key=6542
insert rand key=15254
insert rand key=14487
delete rand key=14267
insert rand key=5640
delete rand key=10943
insert rand key=12816
insert rand key=8680
insert rand key=5124
insert rand key=2010
insert rand key=11910
insert rand key=8676
insert rand key=978
insert rand key=15608
delete rand key=1934
delete rand key=10916
insert rand key=2600
delete rand key=17369
insert rand key=11976
insert rand key=7355
insert rand key=390
insert rand key=17127
delete rand key=12883
insert rand key=6127
delete rand key=14442
insert rand key=18277
delete rand key=7192
insert rand key=10875
delete rand key=14892
delete rand key=7685
delete rand key=5444
delete rand key=9643
insert rand key=7377
insert rand key=2257
delete rand key=13673
delete rand key=3325
delete rand key=12189
insert rand key=11469
insert rand key=8862
delete rand key=7588
insert rand key=13588
delete rand key=18421
insert rand key=13237
delete rand key=4662
delete rand key=15974
insert rand key=3082
insert rand key=4121
insert rand key=7364
delete rand key=19805
delete rand key=8971
insert rand key=15154
delete rand key=15013
delete rand key=161
insert rand key=11033
insert rand key=19341
insert rand key=15044
insert rand key=10324
insert rand key=16556
insert rand key=1212
delete rand key=4663
insert rand key=10371
insert rand key=14308
delete rand key=8170
insert rand key=12425
insert rand key=6622
delete rand key=9663
insert rand key=2164
insert rand key=8234
insert rand key=12372
insert rand key=3097
delete rand key=9391
delete rand key=8256
delete rand key=10411
insert rand key=3654
insert rand key=8268
insert rand key=12758
delete rand key=7264
delete rand key=2941
insert rand key=17128
delete rand key=7359
insert rand key=719
insert rand key=2521
delete rand key=17544
insert rand key=13926
insert rand key=15596
delete rand key=5703
insert rand key=16595
delete rand key=1072
insert rand key=13019
insert rand key=7046
insert rand key=11516
insert rand key=18194
delete rand key=49
delete rand key=18725
insert rand key=3510
insert rand key=13420
delete rand key=16936
insert rand key=5344
delete rand key=983
delete rand key=11132
delete rand key=4210
delete rand key=13577
insert rand key=2816
insert rand key=15988
delete rand key=15032
insert rand key=15956
insert rand key=15842
insert rand key=14454
insert rand key=14496
insert rand key=18738
delete rand key=8805
insert rand key=11160
delete rand key=10647
insert rand key=2610
delete rand key=10806
delete rand key=16323
delete rand key=9416
insert rand key=17992
delete rand key=17222
delete rand key=14828
insert rand key=15082
insert rand key=8232
delete rand key=6181
delete rand key=13761
insert rand key=2095
delete rand key=14163
insert rand key=12663
delete rand key=2774
insert rand key=10347
insert rand key=15086
insert rand key=14410
insert rand key=3816
insert rand key=8564
insert rand key=9776
insert rand key=376
insert rand key=10728
insert rand key=67
delete rand key=15582
delete rand key=7650
insert rand key=16367
insert rand key=13072
insert rand key=10962
delete rand key=12319
insert rand key=6607
delete rand key=18605
insert rand key=14801
insert rand key=10361
insert rand key=17480
delete rand key=10986
insert rand key=531
delete rand key=15291
delete rand key=1071
insert rand key=6698
delete rand key=5532
delete rand key=3391
delete rand key=11532
insert rand key=8443
insert rand key=4470
delete rand key=3720
insert rand key=1492
insert rand key=6230
delete rand key=11061
insert rand key=883
insert rand key=2894
delete rand key=14513
insert rand key=3006
insert rand key=999
delete rand key=17115
delete rand key=2093
delete rand key=17661
insert rand key=6715
delete rand key=18480
insert rand key=8368
insert rand key=9555
insert rand key=15170
insert rand key=14479
delete rand key=16178
insert rand key=3882
insert rand key=1770
delete rand key=3157
delete rand key=12655
insert rand key=13771
insert rand key=4771
delete rand key=9251
delete rand key=2065
insert rand key=7118
insert rand key=19564
insert rand key=9372
delete rand key=16449
delete rand key=302
insert rand key=6267
insert rand key=1926
delete rand key=3765
insert rand key=14639
insert rand key=6509
delete rand key=15296
delete rand key=7982
insert rand key=10618
insert rand key=1964
insert rand key=3284
insert rand key=12696
delete rand key=341
delete rand key=10643
delete rand key=11138
insert rand key=281
insert rand key=5729
delete rand key=11173
insert rand key=11314
insert rand key=916
delete rand key=7957
delete rand key=9201
insert rand key=7059
insert rand key=15168
insert rand key=3140
insert rand key=15034
delete rand key=17367
delete rand key=2512
delete rand key=17227
delete rand key=19331
delete rand key=2440
insert rand key=5879
insert rand key=14439
delete rand key=13818
insert rand key=15588
delete rand key=5715
insert rand key=6172
delete rand key=15900
insert rand key=11001
insert rand key=9900
insert rand key=12562
delete rand key=5146
delete rand key=3782
delete rand key=5910
delete rand key=2554
delete rand key=13729
insert rand key=12056
delete rand key=4945
insert rand key=15151
delete rand key=6032
delete rand key=6035
delete rand key=2592
delete rand key=14229
delete rand key=12075
delete rand key=1050
insert rand key=5920
delete rand key=1900
delete rand key=16983
insert rand key=10480
delete rand key=9422
delete rand key=8680
insert rand key=13909
delete rand key=13928
insert rand key=17271
delete rand key=5178
insert rand key=18239
delete rand key=2048
delete rand key=6112
insert rand key=18236
delete rand key=5610
delete rand key=9567
insert rand key=5685
insert rand key=13107
insert rand key=16155
delete rand key=3626
delete rand key=9648
insert rand key=772
delete rand key=8268
insert rand key=18800
insert rand key=12220
delete rand key=4675
insert rand key=9918
insert rand key=12701
delete rand key=5456
delete rand key=2382
insert rand key=4645
delete rand key=7064
delete rand key=6265
insert rand key=5517
insert rand key=5062
insert rand key=18988
delete rand key=17941
delete rand key=7098
insert rand key=13032
insert rand key=953
delete rand key=356
delete rand key=7730
delete rand key=16825
insert rand key=425
delete rand key=13498
insert rand key=3863
delete rand key=8368
insert rand key=6182
delete rand key=11437
insert rand key=10871
insert rand key=17022
insert rand key=1302
insert rand key=1225
insert rand key=205
insert rand key=13493
insert rand key=7517
delete rand key=8103
insert rand key=8703
delete rand key=6066
insert rand key=2563
delete rand key=1683
insert rand key=11830
delete rand key=7415
insert rand key=19815
delete rand key=18230
insert rand key=7424
delete rand key=18384
delete rand key=13599
insert rand key=17844
delete rand key=14055
delete rand key=18201
insert rand key=14578
delete rand key=1981
delete rand key=1817
insert rand key=18716
insert rand key=16082
insert rand key=8373
insert rand key=11850
insert rand key=8990
delete rand key=18716
insert rand key=16041
insert rand key=9514
delete rand key=19484
delete rand key=3968
insert rand key=17874
insert rand key=4757
delete rand key=18749
insert rand key=15358
insert rand key=128
insert rand key=16904
insert rand key=8117
insert rand key=15535
insert rand key=7839
delete rand key=11465
delete rand key=8934
insert rand key=11916
delete rand key=9850
delete rand key=5068
insert rand key=18476
delete rand key=12537
delete rand key=3946
delete rand key=17237
insert rand key=9007
delete rand key=1665
delete rand key=6944
delete rand key=2378
insert rand key=635
insert rand key=5841
delete rand key=6216
delete rand key=14921
insert rand key=14761
insert rand key=3923
delete rand key=16197
insert rand key=15089
delete rand key=14181
insert rand key=465
insert rand key=5187
insert rand key=10129
insert rand key=11617
delete rand key=3679
delete rand key=16147
insert rand key=10415
insert rand key=18213
insert rand key=4473
insert rand key=18342
insert rand key=16788
delete rand key=6572
delete rand key=15236
delete rand key=14053
delete rand key=13119
insert rand key=4351
insert rand key=13891
delete rand key=19663
delete rand key=16638
insert rand key=11773
delete rand key=9399
insert rand key=9997
insert rand key=17055
insert rand key=8269
delete rand key=4332
insert rand key=9453
insert rand key=3665
delete rand key=15649
delete rand key=18895
insert rand key=14483
delete rand key=10434
delete rand key=16979
delete rand key=13032
delete rand key=17662
insert rand key=10173
insert rand key=6819
insert rand key=18023
delete rand key=9252
delete rand key=6903
insert rand key=9774
delete rand key=4844
insert rand key=19385
delete rand key=12877
delete rand key=9997
delete rand key=11476
insert rand key=14783
insert rand key=8929
delete rand key=13937
delete rand key=14985
insert rand key=10766
insert rand key=13760
insert rand key=17796
delete rand key=13783
delete rand key=14109
insert rand key=7863
insert rand key=12362
delete rand key=4678
delete rand key=1518
delete rand key=11926
insert rand key=18515
delete rand key=1970
insert rand key=14477
insert rand key=10452
delete rand key=6800
insert rand key=18661
delete rand key=2470
delete rand key=14801
delete rand key=1737
delete rand key=19008
delete rand key=14507
insert rand key=2121
insert rand key=19838
delete rand key=19743
insert rand key=1701
delete rand key=7594
insert rand key=14827
delete rand key=6492
insert rand key=2161
insert rand key=19653
insert rand key=18602
insert rand key=19901
insert rand key=19502
insert rand key=9316
insert rand key=10897
insert rand key=10401
insert rand key=16263
insert rand key=11327
insert rand key=5534
delete rand key=17206
insert rand key=6051
delete rand key=8700
delete rand key=6092
insert rand key=13028
delete rand key=17778
delete rand key=752
insert rand key=5681
delete rand key=760
insert rand key=7459
insert rand key=10078
delete rand key=11245
insert rand key=3704
insert rand key=5682
delete rand key=5359
insert rand key=1996
insert rand key=618
insert rand key=885
insert rand key=3597
delete rand key=11343
delete rand key=469
insert rand key=16820
delete rand key=9918
delete rand key=15385
insert rand key=3605
insert rand key=15319
delete rand key=5561
delete rand key=280
delete rand key=8409
delete rand key=714
delete rand key=19456
insert rand key=12864
delete rand key=6029
delete rand key=6459
delete rand key=11660
insert rand key=17580
insert rand key=12321
delete rand key=2919
delete rand key=17445
delete rand key=2228
insert rand key=3944
delete rand key=5497
insert rand key=2222
delete rand key=10431
delete rand key=10239
insert rand key=8433
insert rand key=12115
insert rand key=5750
insert rand key=15100
insert rand key=13640
insert rand key=2356
delete rand key=1844
insert rand key=13564
insert rand key=9735
insert rand key=10427
insert rand key=4007
insert rand key=18838
delete rand key=11773
delete rand key=18862
insert rand key=10640
insert rand key=11721
insert rand key=13565
insert rand key=18787
insert rand key=5582
delete rand key=15308
delete rand key=3121
insert rand key=17737
delete rand key=8269
insert rand key=15591
delete rand key=12502
insert rand key=16102
delete rand key=19705
insert rand key=7552
delete rand key=3218
delete rand key=8576
delete rand key=2121
insert rand key=10736
insert rand key=5297
insert rand key=16583
delete rand key=3144
delete rand key=11796
delete rand key=14554
delete rand key=17911
insert rand key=7621
insert rand key=3108
delete rand key=10223
delete rand key=82
delete rand key=19868
insert rand key=3962
insert rand key=10947
delete rand key=2771
insert rand key=16017
delete rand key=4386
insert rand key=11337
insert rand key=4489
delete rand key=10347
insert rand key=12540
delete rand key=13321
delete rand key=2563
insert rand key=8740
delete rand key=980
delete rand key=15154
insert rand key=9759
delete rand key=12679
delete rand key=3323
delete rand key=13217
delete rand key=5815
delete rand key=16807
insert rand key=18503
insert rand key=13886
delete rand key=18253
delete rand key=10699
insert rand key=453
delete rand key=7186
delete rand key=2790
delete rand key=19276
insert rand key=1102
delete rand key=17541
insert rand key=17049
insert rand key=14713
insert rand key=19877
delete rand key=4227
insert rand key=5693
insert rand key=1974
delete rand key=13693
insert rand key=6163
delete rand key=6956
delete rand key=15691
insert rand key=3190
delete rand key=5935
delete rand key=6553
delete rand key=12768
insert rand key=14265
delete rand key=7370
delete rand key=1456
insert rand key=5864
insert rand key=12959
insert rand key=18544
delete rand key=9578
delete rand key=13730
insert rand key=18232
delete rand key=12864
insert rand key=7859
insert rand key=4138
delete rand key=14361
delete rand key=18831
insert rand key=6501
delete rand key=16663
insert rand key=17677
insert rand key=9771
insert rand key=16500
delete rand key=7663
insert rand key=4900
insert rand key=1265
insert rand key=14877
insert rand key=14940
insert rand key=18551
insert rand key=17983
delete rand key=19395
insert rand key=13290
delete rand key=13207
delete rand key=14923
delete rand key=10092
delete rand key=15596
delete rand key=2599
insert rand key=3958
delete rand key=6508
delete rand key=5758
delete rand key=19658
delete rand key=12115
insert rand key=540
insert rand key=13990
insert rand key=1612
insert rand key=3746
insert rand key=4010
delete rand key=4652
delete rand key=15667
insert rand key=13215
delete rand key=6949
delete rand key=19549
delete rand key=10591
delete rand key=10713
insert rand key=1467
insert rand key=4674
insert rand key=12886
delete rand key=11728
delete rand key=241
delete rand key=5771
insert rand key=5497
delete rand key=16155
delete rand key=3017
delete rand key=15280
delete rand key=3793
insert rand key=12191
insert rand key=8326
delete rand key=16915
insert rand key=457
delete rand key=19676
delete rand key=12942
delete rand key=1202
delete rand key=9541
delete rand key=1433
delete rand key=9112
insert rand key=6532
delete rand key=7193
delete rand key=3761
delete rand key=18481
insert rand key=18359
delete rand key=8976
insert rand key=3518
delete rand key=6339
delete rand key=12910
delete rand key=19443
delete rand key=16028
insert rand key=3035
insert rand key=16913
insert rand key=7862
delete rand key=8271
insert rand key=5863
delete rand key=7479
insert rand key=12933
delete rand key=7082
insert rand key=11442
delete rand key=11844
delete rand key=9174
delete rand key=9930
delete rand key=14826
delete rand key=17800
delete rand key=16399
insert rand key=4015
insert rand key=5392
insert rand key=7851
insert rand key=10182
delete rand key=5504
delete rand key=18214
insert rand key=19705
delete rand key=9563
insert rand key=1168
insert rand key=10661
insert rand key=19910
insert rand key=18274
delete rand key=12123
insert rand key=9593
delete rand key=18295
insert rand key=15262
delete rand key=7823
insert rand key=18196
delete rand key=5195
delete rand key=3534
delete rand key=9566
insert rand key=12295
insert rand key=12136
insert rand key=9995
delete rand key=15089
delete rand key=12787
insert rand key=6152
insert rand key=535
insert rand key=13047
delete rand key=17080
delete rand key=8119
insert rand key=6099
insert rand key=7265
insert rand key=1076
delete rand key=13419
delete rand key=4491
delete rand key=1155
delete rand key=4031
insert rand key=16805
insert rand key=5479
insert rand key=1399
delete rand key=15629
insert rand key=11912
delete rand key=15254
insert rand key=17941
delete rand key=17489
delete rand key=2082
delete rand key=14119
delete rand key=821
delete rand key=11836
delete rand key=9927
insert rand key=1535
delete rand key=11830
delete rand key=18680
insert rand key=15960
insert rand key=13723
insert rand key=19495
delete rand key=13586
delete rand key=19030
delete rand key=18934
insert rand key=18720
delete rand key=8686
insert rand key=3186
delete rand key=17857
delete rand key=15003
insert rand key=9302
insert rand key=6003
delete rand key=17693
delete rand key=8811
insert rand key=10547
delete rand key=9357
delete rand key=18566
delete rand key=10046
delete rand key=3398
delete rand key=12118
delete rand key=7321
insert rand key=12058
insert rand key=19944
insert rand key=18807
delete rand key=10086
insert rand key=1545
delete rand key=8812
delete rand key=15855
delete rand key=13470
delete rand key=1890
delete rand key=6945
delete rand key=5683
delete rand key=18584
delete rand key=16696
insert rand key=8159
delete rand key=16252
delete rand key=10145
delete rand key=2704
delete rand key=18666
insert rand key=18335
delete rand key=9142
insert rand key=1835
insert rand key=5936
insert rand key=13988
delete rand key=7753
delete rand key=18554
delete rand key=7056
insert rand key=1661
delete rand key=1309
insert rand key=8598
insert rand key=12537
delete rand key=12807
insert rand key=16011
delete rand key=10131
delete rand key=3097
delete rand key=18363
insert rand key=19362
insert rand key=9680
delete rand key=19153
insert rand key=9477
insert rand key=11867
delete rand key=4779
insert rand key=266
insert rand key=16165
delete rand key=17643
insert rand key=13091
insert rand key=12340
insert rand key=13821
insert rand key=8846
insert rand key=8015
insert rand key=2282
insert rand key=17094
delete rand key=8799
insert rand key=3553
delete rand key=6198
delete rand key=193
delete rand key=11215
delete rand key=17211
delete rand key=10961
insert rand key=18635
insert rand key=11994
delete rand key=10352
delete rand key=19328
delete rand key=17734
insert rand key=9442
insert rand key=9305
insert rand key=162
delete rand key=6002
insert rand key=3833
delete rand key=18313
insert rand key=13349
delete rand key=2951
insert rand key=8107
insert rand key=17648
insert rand key=2592
delete rand key=14519
insert rand key=13861
delete rand key=6807
insert rand key=1331
delete rand key=9477
delete rand key=11936
delete rand key=1995
delete rand key=7925
delete rand key=9492
insert rand key=11185
insert rand key=5825
insert rand key=5376
insert rand key=2675
insert rand key=15609
delete rand key=18216
insert rand key=18616
insert rand key=1736
insert rand key=12032
insert rand key=1401
delete rand key=19248
insert rand key=15022
delete rand key=13701
insert rand key=3475
insert rand key=16020
delete rand key=14006
insert rand key=9931
delete rand key=13574
insert rand key=6729
insert rand key=18125
delete rand key=11314
insert rand key=12535
insert rand key=1727
delete rand key=1889
delete rand key=15740
insert rand key=18175
insert rand key=13464
delete rand key=6343
delete rand key=5479
insert rand key=7710
delete rand key=17675
insert rand key=19857
delete rand key=605
delete rand key=5646
delete rand key=2559
delete rand key=8293
delete rand key=9041
delete rand key=17522
delete rand key=1332
delete rand key=7725
delete rand key=19706
delete rand key=18759
insert rand key=16183
delete rand key=11547
insert rand key=6681
delete rand key=19589
insert rand key=4957
insert rand key=1574
delete rand key=19037
insert rand key=7105
delete rand key=13183
delete rand key=6500
delete rand key=7610
delete rand key=12626
insert rand key=12219
insert rand key=10067
insert rand key=16142
insert rand key=14438
delete rand key=18162
insert rand key=7849
insert rand key=588
delete rand key=8810
delete rand key=8232
insert rand key=6486
delete rand key=8175
delete rand key=12774
insert rand key=16063
delete rand key=9113
delete rand key=3863
insert rand key=4676
delete rand key=9023
insert rand key=3651
insert rand key=5878
insert rand key=14544
insert rand key=9531
delete rand key=17983
delete rand key=16076
insert rand key=4744
delete rand key=9345
insert rand key=2559
insert rand key=7943
delete rand key=17457
insert rand key=16999
delete rand key=1915
insert rand key=7744
delete rand key=1672
delete rand key=16298
delete rand key=16540
insert rand key=2666
delete rand key=7596
insert rand key=4139
delete rand key=11553
insert rand key=11986
delete rand key=18324
delete rand key=5537
insert rand key=3840
insert rand key=8727
delete rand key=3215
insert rand key=6330
delete rand key=7133
insert rand key=6695
insert rand key=17360
insert rand key=9317
insert rand key=6833
insert rand key=1272
insert rand key=11112
delete rand key=17925
delete rand key=2988
delete rand key=12312
insert rand key=15433
delete rand key=17271
delete rand key=1735
delete rand key=6720
delete rand key=6916
insert rand key=16021
insert rand key=4788
delete rand key=9588
delete rand key=16403
delete rand key=18623
insert rand key=14275
insert rand key=19099
insert rand key=12905
insert rand key=9276
delete rand key=19534
insert rand key=8783
delete rand key=4998
delete rand key=15825
insert rand key=17216
delete rand key=3439
insert rand key=9187
delete rand key=19114
delete rand key=1502
insert rand key=10296
insert rand key=1222
insert rand key=4071
insert rand key=18279
delete rand key=14424
delete rand key=10078
insert rand key=15944
delete rand key=14514
insert rand key=14383
delete rand key=10613
insert rand key=18268
insert rand key=17496
delete rand key=12051
delete rand key=19836
insert rand key=921
insert rand key=1019
insert rand key=8487
delete rand key=3869
delete rand key=9676
insert rand key=9384
delete rand key=18088
insert rand key=180
delete rand key=11920
delete rand key=7447
delete rand key=168
insert rand key=12999
insert rand key=10391
insert rand key=13904
delete rand key=6887
insert rand key=17810
delete rand key=19362
insert rand key=4716
delete rand key=18696
delete rand key=19367
insert rand key=13264
delete rand key=3684
delete rand key=5581
delete rand key=8587
delete rand key=13858
delete rand key=10833
delete rand key=14911
delete rand key=15337
insert rand key=3655
delete rand key=9326
delete rand key=14790
insert rand key=19386
insert rand key=5846
insert rand key=9068
delete rand key=13773
insert rand key=18289
insert rand key=5987
insert rand key=2890
insert rand key=18594
delete rand key=18921
insert rand key=4496
delete rand key=1720
delete rand key=17323
insert rand key=10290
insert rand key=4742
delete rand key=19996
insert rand key=4684
insert rand key=58
delete rand key=1161
delete rand key=10019
delete rand key=18133
delete rand key=7143
insert rand key=17426
insert rand key=4935
delete rand key=2359
delete rand key=14392
insert rand key=14403
delete rand key=8162
delete rand key=2118
insert rand key=17139
insert rand key=12479
delete rand key=18636
insert rand key=14032
delete rand key=18197
delete rand key=13986
insert rand key=3147
insert rand key=15789
delete rand key=13811
insert rand key=6720
delete rand key=18738
delete rand key=12924
insert rand key=17060
delete rand key=11591
insert rand key=17029
delete rand key=132
delete rand key=8853
insert rand key=3811
delete rand key=4164
delete rand key=4545
insert rand key=8998
insert rand key=13860
delete rand key=13503
insert rand key=16639
insert rand key=9999
delete rand key=8801
delete rand key=18678
insert rand key=3607
delete rand key=19668
delete rand key=16401
delete rand key=1925
insert rand key=3670
delete rand key=7222
insert rand key=4500
delete rand key=14692
delete rand key=5786
delete rand key=8635
delete rand key=13886
insert rand key=14476
insert rand key=10697
delete rand key=16220
insert rand key=850
insert rand key=10175
delete rand key=6704
insert rand key=17475
insert rand key=13718
insert rand key=19674
delete rand key=6440
delete rand key=12591
insert rand key=11254
insert rand key=14310
insert rand key=9788
delete rand key=13958
insert rand key=15657
insert rand key=6943
delete rand key=4791
delete rand key=3550
insert rand key=15860
delete rand key=19752
insert rand key=9580
insert rand key=16071
delete rand key=2674
insert rand key=5651
delete rand key=13349
insert rand key=16955
delete rand key=14943
insert rand key=11362
delete rand key=18984
insert rand key=14941
insert rand key=2790
delete rand key=10391
delete rand key=5884
delete rand key=17093
delete rand key=10413
insert rand key=4375
delete rand key=14827
delete rand key=8628
delete rand key=435
insert rand key=19304
insert rand key=9591
delete rand key=15798
insert rand key=577
insert rand key=3839
insert rand key=4307
delete rand key=763
delete rand key=11757
delete rand key=12452
delete rand key=6475
insert rand key=9256
insert rand key=13665
delete rand key=18815
insert rand key=15027
insert rand key=9679
insert rand key=3927
delete rand key=13108
delete rand key=18278
delete rand key=6250
insert rand key=19361
delete rand key=15809
delete rand key=15349
insert rand key=9738
delete rand key=7344
insert rand key=13385
delete rand key=16817
insert rand key=3820
delete rand key=5085
insert rand key=2471
delete rand key=18544
delete rand key=3510
insert rand key=16560
delete rand key=15169
insert rand key=19774
delete rand key=7339
insert rand key=7338
delete rand key=96
insert rand key=19259
insert rand key=11766
delete rand key=16317
delete rand key=8693
delete rand key=11066
delete rand key=10804
insert rand key=6179
delete rand key=3310
insert rand key=11282
delete rand key=17364
insert rand key=12460
delete rand key=18193
insert rand key=7721
delete rand key=17703
insert rand key=15563
insert rand key=2093
insert rand key=18972
delete rand key=11850
insert rand key=15217
insert rand key=14050
insert rand key=18790
delete rand key=16021
insert rand key=1632
insert rand key=10626
delete rand key=13441
insert rand key=2536
insert rand key=18388
delete rand key=13074
insert rand key=1215
insert rand key=1288
delete rand key=6810
insert rand key=3898
insert rand key=13228
delete rand key=17057
delete rand key=15563
delete rand key=211
delete rand key=5478
insert rand key=9237
delete rand key=9382
delete rand key=19419
insert rand key=8575
delete rand key=6752
delete rand key=10684
insert rand key=991
delete rand key=16209
delete rand key=11181
insert rand key=18001
insert rand key=9688
insert rand key=12941
insert rand key=18933
insert rand key=15573
insert rand key=12057
insert rand key=7656
insert rand key=1142
delete rand key=9581
delete rand key=12272
delete rand key=1445
delete rand key=17783
delete rand key=2327
insert rand key=18472
insert rand key=3075
insert rand key=11847
insert rand key=11751
delete rand key=2157
delete rand key=10041
delete rand key=13899
insert rand key=19930
delete rand key=3708
insert rand key=18715
insert rand key=561
delete rand key=1657
delete rand key=4614
delete rand key=2751
insert rand key=6308
delete rand key=10269
delete rand key=13664
delete rand key=1002
insert rand key=7979
insert rand key=4897
insert rand key=5735
insert rand key=16347
delete rand key=17450
insert rand key=15073
delete rand key=6144
delete rand key=2590
delete rand key=11947
insert rand key=19534
insert rand key=616
delete rand key=5770
insert rand key=316
delete rand key=10858
insert rand key=11027
insert rand key=714
delete rand key=19922
insert rand key=11378
delete rand key=7293
insert rand key=6565
insert rand key=13213
delete rand key=14477
delete rand key=2142
delete rand key=18007
insert rand key=5270
insert rand key=2213
delete rand key=15475
insert rand key=19758
delete rand key=8124
insert rand key=3477
delete rand key=18555
insert rand key=3836
delete rand key=13072
delete rand key=3664
delete rand key=19943
delete rand key=14077
delete rand key=3069
insert rand key=12336
delete rand key=14638
insert rand key=3869
insert rand key=13810
delete rand key=17158
insert rand key=10319
insert rand key=2811
insert rand key=3701
insert rand key=16463
insert rand key=18588
delete rand key=8226
delete rand key=10640
delete rand key=616
Insert keys count: 12165
Delete keys count: 7835
[       OK ] BPlusTreeTests.LargeScaleTest (272 ms)
[----------] 3 tests from BPlusTreeTests (482 ms total)

[----------] Global test environment tear-down
[==========] 3 tests from 1 test suite ran. (482 ms total)
[  PASSED  ] 3 tests.
